country,category,date,index,base_period,source
DEU,all_items,2014-01-01,98.7963,2015,OECD coicop1999
DEU,all_items,2014-02-01,99.26276,2015,OECD coicop1999
DEU,all_items,2014-03-01,99.54263,2015,OECD coicop1999
DEU,all_items,2014-04-01,99.35605,2015,OECD coicop1999
DEU,all_items,2014-05-01,99.26276,2015,OECD coicop1999
DEU,all_items,2014-06-01,99.54263,2015,OECD coicop1999
DEU,all_items,2014-07-01,99.82251,2015,OECD coicop1999
DEU,all_items,2014-08-01,99.82251,2015,OECD coicop1999
DEU,all_items,2014-09-01,99.82251,2015,OECD coicop1999
DEU,all_items,2014-10-01,99.54263,2015,OECD coicop1999
DEU,all_items,2014-11-01,99.54263,2015,OECD coicop1999
DEU,all_items,2014-12-01,99.54263,2015,OECD coicop1999
DEU,all_items,2015-01-01,98.51642,2015,OECD coicop1999
DEU,all_items,2015-02-01,99.21654,2015,OECD coicop1999
DEU,all_items,2015-03-01,99.71662,2015,OECD coicop1999
DEU,all_items,2015-04-01,100.2167,2015,OECD coicop1999
DEU,all_items,2015-05-01,100.4167,2015,OECD coicop1999
DEU,all_items,2015-06-01,100.4167,2015,OECD coicop1999
DEU,all_items,2015-07-01,100.6168,2015,OECD coicop1999
DEU,all_items,2015-08-01,100.6168,2015,OECD coicop1999
DEU,all_items,2015-09-01,100.4167,2015,OECD coicop1999
DEU,all_items,2015-10-01,100.4167,2015,OECD coicop1999
DEU,all_items,2015-11-01,99.71662,2015,OECD coicop1999
DEU,all_items,2015-12-01,99.71662,2015,OECD coicop1999
DEU,all_items,2016-01-01,99.0165,2015,OECD coicop1999
DEU,all_items,2016-02-01,99.31655,2015,OECD coicop1999
DEU,all_items,2016-03-01,100.0167,2015,OECD coicop1999
DEU,all_items,2016-04-01,100.1167,2015,OECD coicop1999
DEU,all_items,2016-05-01,100.6168,2015,OECD coicop1999
DEU,all_items,2016-06-01,100.7168,2015,OECD coicop1999
DEU,all_items,2016-07-01,101.1169,2015,OECD coicop1999
DEU,all_items,2016-08-01,101.0168,2015,OECD coicop1999
DEU,all_items,2016-09-01,101.0168,2015,OECD coicop1999
DEU,all_items,2016-10-01,101.2169,2015,OECD coicop1999
DEU,all_items,2016-11-01,100.5168,2015,OECD coicop1999
DEU,all_items,2016-12-01,101.2169,2015,OECD coicop1999
DEU,all_items,2017-01-01,100.6168,2015,OECD coicop1999
DEU,all_items,2017-02-01,101.2169,2015,OECD coicop1999
DEU,all_items,2017-03-01,101.4169,2015,OECD coicop1999
DEU,all_items,2017-04-01,101.817,2015,OECD coicop1999
DEU,all_items,2017-05-01,101.817,2015,OECD coicop1999
DEU,all_items,2017-06-01,102.117,2015,OECD coicop1999
DEU,all_items,2017-07-01,102.5171,2015,OECD coicop1999
DEU,all_items,2017-08-01,102.6171,2015,OECD coicop1999
DEU,all_items,2017-09-01,102.7171,2015,OECD coicop1999
DEU,all_items,2017-10-01,102.5171,2015,OECD coicop1999
DEU,all_items,2017-11-01,102.117,2015,OECD coicop1999
DEU,all_items,2017-12-01,102.6171,2015,OECD coicop1999
DEU,all_items,2018-01-01,102.017,2015,OECD coicop1999
DEU,all_items,2018-02-01,102.3171,2015,OECD coicop1999
DEU,all_items,2018-03-01,102.9172,2015,OECD coicop1999
DEU,all_items,2018-04-01,103.1172,2015,OECD coicop1999
DEU,all_items,2018-05-01,103.9173,2015,OECD coicop1999
DEU,all_items,2018-06-01,104.0173,2015,OECD coicop1999
DEU,all_items,2018-07-01,104.4174,2015,OECD coicop1999
DEU,all_items,2018-08-01,104.5174,2015,OECD coicop1999
DEU,all_items,2018-09-01,104.7175,2015,OECD coicop1999
DEU,all_items,2018-10-01,104.9175,2015,OECD coicop1999
DEU,all_items,2018-11-01,104.2174,2015,OECD coicop1999
DEU,all_items,2018-12-01,104.2174,2015,OECD coicop1999
DEU,all_items,2019-01-01,103.4172,2015,OECD coicop1999
DEU,all_items,2019-02-01,103.8173,2015,OECD coicop1999
DEU,all_items,2019-03-01,104.2174,2015,OECD coicop1999
DEU,all_items,2019-04-01,105.2175,2015,OECD coicop1999
DEU,all_items,2019-05-01,105.4176,2015,OECD coicop1999
DEU,all_items,2019-06-01,105.7176,2015,OECD coicop1999
DEU,all_items,2019-07-01,106.2177,2015,OECD coicop1999
DEU,all_items,2019-08-01,106.0177,2015,OECD coicop1999
DEU,all_items,2019-09-01,106.0177,2015,OECD coicop1999
DEU,all_items,2019-10-01,106.1177,2015,OECD coicop1999
DEU,all_items,2019-11-01,105.3176,2015,OECD coicop1999
DEU,all_items,2019-12-01,105.8176,2015,OECD coicop1999
DEU,all_items,2020-01-01,105.2175,2015,OECD coicop1999
DEU,all_items,2020-02-01,105.5338,2015,OECD coicop1999
DEU,all_items,2020-03-01,105.7447,2015,OECD coicop1999
DEU,all_items,2020-04-01,105.8501,2015,OECD coicop1999
DEU,all_items,2020-05-01,105.8501,2015,OECD coicop1999
DEU,all_items,2020-06-01,105.9555,2015,OECD coicop1999
DEU,all_items,2020-07-01,105.1121,2015,OECD coicop1999
DEU,all_items,2020-08-01,105.1121,2015,OECD coicop1999
DEU,all_items,2020-09-01,105.1121,2015,OECD coicop1999
DEU,all_items,2020-10-01,105.323,2015,OECD coicop1999
DEU,all_items,2020-11-01,105.1121,2015,OECD coicop1999
DEU,all_items,2020-12-01,105.2175,2015,OECD coicop1999
DEU,all_items,2021-01-01,106.4827,2015,OECD coicop1999
DEU,all_items,2021-02-01,107.1152,2015,OECD coicop1999
DEU,all_items,2021-03-01,107.6424,2015,OECD coicop1999
DEU,all_items,2021-04-01,107.9587,2015,OECD coicop1999
DEU,all_items,2021-05-01,108.1695,2015,OECD coicop1999
DEU,all_items,2021-06-01,108.4858,2015,OECD coicop1999
DEU,all_items,2021-07-01,109.013,2015,OECD coicop1999
DEU,all_items,2021-08-01,109.1184,2015,OECD coicop1999
DEU,all_items,2021-09-01,109.4347,2015,OECD coicop1999
DEU,all_items,2021-10-01,109.9618,2015,OECD coicop1999
DEU,all_items,2021-11-01,110.1727,2015,OECD coicop1999
DEU,all_items,2021-12-01,110.3835,2015,OECD coicop1999
DEU,all_items,2022-01-01,110.9107,2015,OECD coicop1999
DEU,all_items,2022-02-01,111.7541,2015,OECD coicop1999
DEU,all_items,2022-03-01,113.9681,2015,OECD coicop1999
DEU,all_items,2022-04-01,114.7061,2015,OECD coicop1999
DEU,all_items,2022-05-01,115.7604,2015,OECD coicop1999
DEU,all_items,2022-06-01,115.7604,2015,OECD coicop1999
DEU,all_items,2022-07-01,116.2875,2015,OECD coicop1999
DEU,all_items,2022-08-01,116.7092,2015,OECD coicop1999
DEU,all_items,2022-09-01,118.8178,2015,OECD coicop1999
DEU,all_items,2022-10-01,119.6612,2015,OECD coicop1999
DEU,all_items,2022-11-01,119.8721,2015,OECD coicop1999
DEU,all_items,2022-12-01,119.3449,2015,OECD coicop1999
DEU,all_items,2023-01-01,120.5047,2015,OECD coicop1999
DEU,all_items,2023-02-01,121.4535,2015,OECD coicop1999
DEU,all_items,2023-03-01,122.4024,2015,OECD coicop1999
DEU,all_items,2023-04-01,122.9295,2015,OECD coicop1999
DEU,all_items,2023-05-01,122.8241,2015,OECD coicop1999
DEU,all_items,2023-06-01,123.1404,2015,OECD coicop1999
DEU,all_items,2023-07-01,123.4566,2015,OECD coicop1999
DEU,all_items,2023-08-01,123.8784,2015,OECD coicop1999
DEU,all_items,2023-09-01,124.1946,2015,OECD coicop1999
DEU,all_items,2023-10-01,124.1946,2015,OECD coicop1999
DEU,all_items,2023-11-01,123.6675,2015,OECD coicop1999
DEU,all_items,2023-12-01,123.7729,2015,OECD coicop1999
DEU,all_items,2024-01-01,123.9838,2015,OECD coicop1999
DEU,all_items,2024-02-01,124.5109,2015,OECD coicop1999
DEU,all_items,2024-03-01,125.0381,2015,OECD coicop1999
DEU,all_items,2024-04-01,125.6706,2015,OECD coicop1999
DEU,all_items,2024-05-01,125.7761,2015,OECD coicop1999
DEU,all_items,2024-06-01,125.8815,2015,OECD coicop1999
DEU,all_items,2024-07-01,126.3032,2015,OECD coicop1999
DEU,all_items,2024-08-01,126.1978,2015,OECD coicop1999
DEU,all_items,2024-09-01,126.1978,2015,OECD coicop1999
DEU,all_items,2024-10-01,126.7249,2015,OECD coicop1999
DEU,all_items,2024-11-01,126.4086,2015,OECD coicop1999
DEU,all_items,2024-12-01,127.0412,2015,OECD coicop1999
DEU,all_items,2025-01-01,126.8304,2015,OECD coicop1999
DEU,all_items,2025-02-01,127.3575,2015,OECD coicop1999
DEU,all_items,2025-03-01,127.7792,2015,OECD coicop1999
DEU,all_items,2025-04-01,128.3064,2015,OECD coicop1999
DEU,all_items,2025-05-01,128.4118,2015,OECD coicop1999
DEU,all_items,2025-06-01,128.4118,2015,OECD coicop1999
DEU,all_items,2025-07-01,128.8335,2015,OECD coicop1999
DEU,all_items,2025-08-01,128.9389,2015,OECD coicop1999
DEU,all_items,2025-09-01,129.2552,2015,OECD coicop1999
DEU,all_items,2025-10-01,129.6769,2015,OECD coicop1999
DEU,all_items,2025-11-01,129.3606,2015,OECD coicop1999
DEU,all_items,2025-12-01,129.3606,2015,OECD coicop1999
DEU,all_items,2026-01-01,129.4661,2015,OECD coicop1999
DEU,all_items,2026-02-01,129.7823,2015,OECD coicop1999
DEU,all_items,2026-03-01,131.2583,2015,OECD coicop1999
DEU,all_items,2026-04-01,131.9964,2015,OECD coicop1999
DEU,all_items,2026-05-01,131.7855,2015,OECD coicop1999
DEU,all_items,2026-06-01,131.3638,2015,OECD coicop1999
DEU,all_items,2026-07-01,132.4181,2015,OECD coicop1999
DEU,all_items,2026-08-01,132.6289,2015,OECD coicop1999
DEU,energy,2014-01-01,106.8327,2015,OECD coicop1999
DEU,energy,2014-02-01,107.0104,2015,OECD coicop1999
DEU,energy,2014-03-01,106.566,2015,OECD coicop1999
DEU,energy,2014-04-01,106.7438,2015,OECD coicop1999
DEU,energy,2014-05-01,106.6549,2015,OECD coicop1999
DEU,energy,2014-06-01,106.7438,2015,OECD coicop1999
DEU,energy,2014-07-01,106.566,2015,OECD coicop1999
DEU,energy,2014-08-01,106.6549,2015,OECD coicop1999
DEU,energy,2014-09-01,106.6549,2015,OECD coicop1999
DEU,energy,2014-10-01,105.5883,2015,OECD coicop1999
DEU,energy,2014-11-01,105.2328,2015,OECD coicop1999
DEU,energy,2014-12-01,102.7442,2015,OECD coicop1999
DEU,energy,2015-01-01,100.7,2015,OECD coicop1999
DEU,energy,2015-02-01,101.7,2015,OECD coicop1999
DEU,energy,2015-03-01,101.7,2015,OECD coicop1999
DEU,energy,2015-04-01,101.3,2015,OECD coicop1999
DEU,energy,2015-05-01,101.5,2015,OECD coicop1999
DEU,energy,2015-06-01,101.0,2015,OECD coicop1999
DEU,energy,2015-07-01,100.1,2015,OECD coicop1999
DEU,energy,2015-08-01,99.3,2015,OECD coicop1999
DEU,energy,2015-09-01,99.0,2015,OECD coicop1999
DEU,energy,2015-10-01,98.5,2015,OECD coicop1999
DEU,energy,2015-11-01,98.4,2015,OECD coicop1999
DEU,energy,2015-12-01,96.8,2015,OECD coicop1999
DEU,energy,2016-01-01,95.4,2015,OECD coicop1999
DEU,energy,2016-02-01,95.1,2015,OECD coicop1999
DEU,energy,2016-03-01,95.7,2015,OECD coicop1999
DEU,energy,2016-04-01,95.5,2015,OECD coicop1999
DEU,energy,2016-05-01,96.0,2015,OECD coicop1999
DEU,energy,2016-06-01,96.3,2015,OECD coicop1999
DEU,energy,2016-07-01,95.6,2015,OECD coicop1999
DEU,energy,2016-08-01,95.2,2015,OECD coicop1999
DEU,energy,2016-09-01,95.3,2015,OECD coicop1999
DEU,energy,2016-10-01,96.1,2015,OECD coicop1999
DEU,energy,2016-11-01,95.5,2015,OECD coicop1999
DEU,energy,2016-12-01,96.5,2015,OECD coicop1999
DEU,energy,2017-01-01,96.6,2015,OECD coicop1999
DEU,energy,2017-02-01,96.9,2015,OECD coicop1999
DEU,energy,2017-03-01,96.6,2015,OECD coicop1999
DEU,energy,2017-04-01,96.8,2015,OECD coicop1999
DEU,energy,2017-05-01,96.2,2015,OECD coicop1999
DEU,energy,2017-06-01,95.8,2015,OECD coicop1999
DEU,energy,2017-07-01,95.8,2015,OECD coicop1999
DEU,energy,2017-08-01,95.9,2015,OECD coicop1999
DEU,energy,2017-09-01,96.5,2015,OECD coicop1999
DEU,energy,2017-10-01,96.8,2015,OECD coicop1999
DEU,energy,2017-11-01,97.3,2015,OECD coicop1999
DEU,energy,2017-12-01,97.5,2015,OECD coicop1999
DEU,energy,2018-01-01,98.0,2015,OECD coicop1999
DEU,energy,2018-02-01,97.4,2015,OECD coicop1999
DEU,energy,2018-03-01,97.4,2015,OECD coicop1999
DEU,energy,2018-04-01,98.2,2015,OECD coicop1999
DEU,energy,2018-05-01,99.0,2015,OECD coicop1999
DEU,energy,2018-06-01,98.9,2015,OECD coicop1999
DEU,energy,2018-07-01,98.9,2015,OECD coicop1999
DEU,energy,2018-08-01,99.4,2015,OECD coicop1999
DEU,energy,2018-09-01,100.7,2015,OECD coicop1999
DEU,energy,2018-10-01,101.7,2015,OECD coicop1999
DEU,energy,2018-11-01,102.7,2015,OECD coicop1999
DEU,energy,2018-12-01,100.4,2015,OECD coicop1999
DEU,energy,2019-01-01,101.2,2015,OECD coicop1999
DEU,energy,2019-02-01,101.6,2015,OECD coicop1999
DEU,energy,2019-03-01,101.9,2015,OECD coicop1999
DEU,energy,2019-04-01,102.4,2015,OECD coicop1999
DEU,energy,2019-05-01,102.8,2015,OECD coicop1999
DEU,energy,2019-06-01,102.0,2015,OECD coicop1999
DEU,energy,2019-07-01,102.4,2015,OECD coicop1999
DEU,energy,2019-08-01,102.2,2015,OECD coicop1999
DEU,energy,2019-09-01,102.7,2015,OECD coicop1999
DEU,energy,2019-10-01,102.7,2015,OECD coicop1999
DEU,energy,2019-11-01,102.7,2015,OECD coicop1999
DEU,energy,2019-12-01,102.8,2015,OECD coicop1999
DEU,energy,2020-01-01,103.7,2015,OECD coicop1999
DEU,energy,2020-02-01,103.8017,2015,OECD coicop1999
DEU,energy,2020-03-01,103.395,2015,OECD coicop1999
DEU,energy,2020-04-01,103.1917,2015,OECD coicop1999
DEU,energy,2020-05-01,102.785,2015,OECD coicop1999
DEU,energy,2020-06-01,102.48,2015,OECD coicop1999
DEU,energy,2020-07-01,100.65,2015,OECD coicop1999
DEU,energy,2020-08-01,100.4467,2015,OECD coicop1999
DEU,energy,2020-09-01,99.93833,2015,OECD coicop1999
DEU,energy,2020-10-01,99.83667,2015,OECD coicop1999
DEU,energy,2020-11-01,99.63333,2015,OECD coicop1999
DEU,energy,2020-12-01,100.1417,2015,OECD coicop1999
DEU,energy,2021-01-01,102.3783,2015,OECD coicop1999
DEU,energy,2021-02-01,102.6833,2015,OECD coicop1999
DEU,energy,2021-03-01,102.9883,2015,OECD coicop1999
DEU,energy,2021-04-01,102.785,2015,OECD coicop1999
DEU,energy,2021-05-01,102.9883,2015,OECD coicop1999
DEU,energy,2021-06-01,103.2933,2015,OECD coicop1999
DEU,energy,2021-07-01,103.5983,2015,OECD coicop1999
DEU,energy,2021-08-01,103.8017,2015,OECD coicop1999
DEU,energy,2021-09-01,104.4117,2015,OECD coicop1999
DEU,energy,2021-10-01,106.445,2015,OECD coicop1999
DEU,energy,2021-11-01,107.665,2015,OECD coicop1999
DEU,energy,2021-12-01,108.1733,2015,OECD coicop1999
DEU,energy,2022-01-01,117.0183,2015,OECD coicop1999
DEU,energy,2022-02-01,120.5767,2015,OECD coicop1999
DEU,energy,2022-03-01,131.0483,2015,OECD coicop1999
DEU,energy,2022-04-01,131.8617,2015,OECD coicop1999
DEU,energy,2022-05-01,135.3183,2015,OECD coicop1999
DEU,energy,2022-06-01,138.5717,2015,OECD coicop1999
DEU,energy,2022-07-01,138.165,2015,OECD coicop1999
DEU,energy,2022-08-01,142.2317,2015,OECD coicop1999
DEU,energy,2022-09-01,148.9417,2015,OECD coicop1999
DEU,energy,2022-10-01,156.5667,2015,OECD coicop1999
DEU,energy,2022-11-01,158.295,2015,OECD coicop1999
DEU,energy,2022-12-01,141.3167,2015,OECD coicop1999
DEU,energy,2023-01-01,159.7183,2015,OECD coicop1999
DEU,energy,2023-02-01,159.4133,2015,OECD coicop1999
DEU,energy,2023-03-01,159.7183,2015,OECD coicop1999
DEU,energy,2023-04-01,159.7183,2015,OECD coicop1999
DEU,energy,2023-05-01,158.8033,2015,OECD coicop1999
DEU,energy,2023-06-01,157.99,2015,OECD coicop1999
DEU,energy,2023-07-01,157.4817,2015,OECD coicop1999
DEU,energy,2023-08-01,158.4983,2015,OECD coicop1999
DEU,energy,2023-09-01,158.295,2015,OECD coicop1999
DEU,energy,2023-10-01,156.6683,2015,OECD coicop1999
DEU,energy,2023-11-01,154.025,2015,OECD coicop1999
DEU,energy,2023-12-01,152.195,2015,OECD coicop1999
DEU,energy,2024-01-01,154.33,2015,OECD coicop1999
DEU,energy,2024-02-01,153.72,2015,OECD coicop1999
DEU,energy,2024-03-01,152.2967,2015,OECD coicop1999
DEU,energy,2024-04-01,154.635,2015,OECD coicop1999
DEU,energy,2024-05-01,153.6183,2015,OECD coicop1999
DEU,energy,2024-06-01,153.3133,2015,OECD coicop1999
DEU,energy,2024-07-01,153.3133,2015,OECD coicop1999
DEU,energy,2024-08-01,152.5,2015,OECD coicop1999
DEU,energy,2024-09-01,151.89,2015,OECD coicop1999
DEU,energy,2024-10-01,151.6867,2015,OECD coicop1999
DEU,energy,2024-11-01,151.28,2015,OECD coicop1999
DEU,energy,2024-12-01,151.3817,2015,OECD coicop1999
DEU,energy,2025-01-01,150.4667,2015,OECD coicop1999
DEU,energy,2025-02-01,150.2633,2015,OECD coicop1999
DEU,energy,2025-03-01,149.8567,2015,OECD coicop1999
DEU,energy,2025-04-01,149.3483,2015,OECD coicop1999
DEU,energy,2025-05-01,148.9417,2015,OECD coicop1999
DEU,energy,2025-06-01,149.0433,2015,OECD coicop1999
DEU,energy,2025-07-01,149.3483,2015,OECD coicop1999
DEU,energy,2025-08-01,149.0433,2015,OECD coicop1999
DEU,energy,2025-09-01,149.0433,2015,OECD coicop1999
DEU,energy,2025-10-01,149.0433,2015,OECD coicop1999
DEU,energy,2025-11-01,149.45,2015,OECD coicop1999
DEU,energy,2025-12-01,148.84,2015,OECD coicop1999
DEU,energy,2026-01-01,145.5867,2015,OECD coicop1999
DEU,energy,2026-02-01,144.9767,2015,OECD coicop1999
DEU,energy,2026-03-01,148.1283,2015,OECD coicop1999
DEU,energy,2026-04-01,148.84,2015,OECD coicop1999
DEU,energy,2026-05-01,147.7217,2015,OECD coicop1999
DEU,energy,2026-06-01,146.6033,2015,OECD coicop1999
DEU,energy,2026-07-01,147.2133,2015,OECD coicop1999
DEU,energy,2026-08-01,148.0267,2015,OECD coicop1999
DEU,food,2014-01-01,100.3806,2015,OECD coicop1999
DEU,food,2014-02-01,100.2915,2015,OECD coicop1999
DEU,food,2014-03-01,99.93489,2015,OECD coicop1999
DEU,food,2014-04-01,99.57829,2015,OECD coicop1999
DEU,food,2014-05-01,99.4,2015,OECD coicop1999
DEU,food,2014-06-01,99.31085,2015,OECD coicop1999
DEU,food,2014-07-01,99.31085,2015,OECD coicop1999
DEU,food,2014-08-01,98.86511,2015,OECD coicop1999
DEU,food,2014-09-01,99.04341,2015,OECD coicop1999
DEU,food,2014-10-01,99.04341,2015,OECD coicop1999
DEU,food,2014-11-01,98.68681,2015,OECD coicop1999
DEU,food,2014-12-01,99.04341,2015,OECD coicop1999
DEU,food,2015-01-01,99.4,2015,OECD coicop1999
DEU,food,2015-02-01,100.2,2015,OECD coicop1999
DEU,food,2015-03-01,100.2,2015,OECD coicop1999
DEU,food,2015-04-01,100.9,2015,OECD coicop1999
DEU,food,2015-05-01,100.8,2015,OECD coicop1999
DEU,food,2015-06-01,100.2,2015,OECD coicop1999
DEU,food,2015-07-01,99.5,2015,OECD coicop1999
DEU,food,2015-08-01,99.2,2015,OECD coicop1999
DEU,food,2015-09-01,99.7,2015,OECD coicop1999
DEU,food,2015-10-01,100.0,2015,OECD coicop1999
DEU,food,2015-11-01,100.1,2015,OECD coicop1999
DEU,food,2015-12-01,99.8,2015,OECD coicop1999
DEU,food,2016-01-01,100.0,2015,OECD coicop1999
DEU,food,2016-02-01,100.7,2015,OECD coicop1999
DEU,food,2016-03-01,101.1,2015,OECD coicop1999
DEU,food,2016-04-01,101.4,2015,OECD coicop1999
DEU,food,2016-05-01,100.7,2015,OECD coicop1999
DEU,food,2016-06-01,100.3,2015,OECD coicop1999
DEU,food,2016-07-01,100.7,2015,OECD coicop1999
DEU,food,2016-08-01,100.2,2015,OECD coicop1999
DEU,food,2016-09-01,100.4,2015,OECD coicop1999
DEU,food,2016-10-01,100.4,2015,OECD coicop1999
DEU,food,2016-11-01,101.5,2015,OECD coicop1999
DEU,food,2016-12-01,102.3,2015,OECD coicop1999
DEU,food,2017-01-01,103.2,2015,OECD coicop1999
DEU,food,2017-02-01,105.2,2015,OECD coicop1999
DEU,food,2017-03-01,103.4,2015,OECD coicop1999
DEU,food,2017-04-01,102.9,2015,OECD coicop1999
DEU,food,2017-05-01,102.9,2015,OECD coicop1999
DEU,food,2017-06-01,102.7,2015,OECD coicop1999
DEU,food,2017-07-01,103.0,2015,OECD coicop1999
DEU,food,2017-08-01,102.9,2015,OECD coicop1999
DEU,food,2017-09-01,103.4,2015,OECD coicop1999
DEU,food,2017-10-01,104.2,2015,OECD coicop1999
DEU,food,2017-11-01,104.3,2015,OECD coicop1999
DEU,food,2017-12-01,105.0,2015,OECD coicop1999
DEU,food,2018-01-01,105.9,2015,OECD coicop1999
DEU,food,2018-02-01,105.8,2015,OECD coicop1999
DEU,food,2018-03-01,106.1,2015,OECD coicop1999
DEU,food,2018-04-01,106.1,2015,OECD coicop1999
DEU,food,2018-05-01,106.2,2015,OECD coicop1999
DEU,food,2018-06-01,106.1,2015,OECD coicop1999
DEU,food,2018-07-01,105.6,2015,OECD coicop1999
DEU,food,2018-08-01,105.3,2015,OECD coicop1999
DEU,food,2018-09-01,106.3,2015,OECD coicop1999
DEU,food,2018-10-01,106.1,2015,OECD coicop1999
DEU,food,2018-11-01,105.9,2015,OECD coicop1999
DEU,food,2018-12-01,106.1,2015,OECD coicop1999
DEU,food,2019-01-01,106.6,2015,OECD coicop1999
DEU,food,2019-02-01,107.2,2015,OECD coicop1999
DEU,food,2019-03-01,106.6,2015,OECD coicop1999
DEU,food,2019-04-01,106.6,2015,OECD coicop1999
DEU,food,2019-05-01,107.1,2015,OECD coicop1999
DEU,food,2019-06-01,107.2,2015,OECD coicop1999
DEU,food,2019-07-01,107.5,2015,OECD coicop1999
DEU,food,2019-08-01,107.7,2015,OECD coicop1999
DEU,food,2019-09-01,107.5,2015,OECD coicop1999
DEU,food,2019-10-01,107.1,2015,OECD coicop1999
DEU,food,2019-11-01,107.6,2015,OECD coicop1999
DEU,food,2019-12-01,108.1,2015,OECD coicop1999
DEU,food,2020-01-01,109.2,2015,OECD coicop1999
DEU,food,2020-02-01,110.6239,2015,OECD coicop1999
DEU,food,2020-03-01,110.5143,2015,OECD coicop1999
DEU,food,2020-04-01,111.6096,2015,OECD coicop1999
DEU,food,2020-05-01,111.5001,2015,OECD coicop1999
DEU,food,2020-06-01,111.281,2015,OECD coicop1999
DEU,food,2020-07-01,108.3238,2015,OECD coicop1999
DEU,food,2020-08-01,108.1047,2015,OECD coicop1999
DEU,food,2020-09-01,107.8857,2015,OECD coicop1999
DEU,food,2020-10-01,108.2142,2015,OECD coicop1999
DEU,food,2020-11-01,108.7619,2015,OECD coicop1999
DEU,food,2020-12-01,108.3238,2015,OECD coicop1999
DEU,food,2021-01-01,111.1715,2015,OECD coicop1999
DEU,food,2021-02-01,112.1573,2015,OECD coicop1999
DEU,food,2021-03-01,112.2668,2015,OECD coicop1999
DEU,food,2021-04-01,113.6907,2015,OECD coicop1999
DEU,food,2021-05-01,113.0335,2015,OECD coicop1999
DEU,food,2021-06-01,112.4859,2015,OECD coicop1999
DEU,food,2021-07-01,112.924,2015,OECD coicop1999
DEU,food,2021-08-01,112.924,2015,OECD coicop1999
DEU,food,2021-09-01,112.924,2015,OECD coicop1999
DEU,food,2021-10-01,112.924,2015,OECD coicop1999
DEU,food,2021-11-01,113.6907,2015,OECD coicop1999
DEU,food,2021-12-01,114.786,2015,OECD coicop1999
DEU,food,2022-01-01,116.6479,2015,OECD coicop1999
DEU,food,2022-02-01,117.8528,2015,OECD coicop1999
DEU,food,2022-03-01,118.8385,2015,OECD coicop1999
DEU,food,2022-04-01,122.672,2015,OECD coicop1999
DEU,food,2022-05-01,124.8626,2015,OECD coicop1999
DEU,food,2022-06-01,125.9579,2015,OECD coicop1999
DEU,food,2022-07-01,128.477,2015,OECD coicop1999
DEU,food,2022-08-01,130.2295,2015,OECD coicop1999
DEU,food,2022-09-01,132.5296,2015,OECD coicop1999
DEU,food,2022-10-01,134.282,2015,OECD coicop1999
DEU,food,2022-11-01,135.8154,2015,OECD coicop1999
DEU,food,2022-12-01,137.0203,2015,OECD coicop1999
DEU,food,2023-01-01,139.1013,2015,OECD coicop1999
DEU,food,2023-02-01,142.2776,2015,OECD coicop1999
DEU,food,2023-03-01,144.0301,2015,OECD coicop1999
DEU,food,2023-04-01,143.2634,2015,OECD coicop1999
DEU,food,2023-05-01,142.9348,2015,OECD coicop1999
DEU,food,2023-06-01,142.8253,2015,OECD coicop1999
DEU,food,2023-07-01,142.4967,2015,OECD coicop1999
DEU,food,2023-08-01,142.0586,2015,OECD coicop1999
DEU,food,2023-09-01,142.7157,2015,OECD coicop1999
DEU,food,2023-10-01,142.8253,2015,OECD coicop1999
DEU,food,2023-11-01,143.7015,2015,OECD coicop1999
DEU,food,2023-12-01,143.7015,2015,OECD coicop1999
DEU,food,2024-01-01,144.9063,2015,OECD coicop1999
DEU,food,2024-02-01,144.5777,2015,OECD coicop1999
DEU,food,2024-03-01,144.2491,2015,OECD coicop1999
DEU,food,2024-04-01,144.7968,2015,OECD coicop1999
DEU,food,2024-05-01,144.6873,2015,OECD coicop1999
DEU,food,2024-06-01,144.9063,2015,OECD coicop1999
DEU,food,2024-07-01,145.1254,2015,OECD coicop1999
DEU,food,2024-08-01,145.0159,2015,OECD coicop1999
DEU,food,2024-09-01,145.673,2015,OECD coicop1999
DEU,food,2024-10-01,146.8778,2015,OECD coicop1999
DEU,food,2024-11-01,147.2064,2015,OECD coicop1999
DEU,food,2024-12-01,147.4255,2015,OECD coicop1999
DEU,food,2025-01-01,146.9874,2015,OECD coicop1999
DEU,food,2025-02-01,148.6303,2015,OECD coicop1999
DEU,food,2025-03-01,149.1779,2015,OECD coicop1999
DEU,food,2025-04-01,149.5065,2015,OECD coicop1999
DEU,food,2025-05-01,149.5065,2015,OECD coicop1999
DEU,food,2025-06-01,148.8493,2015,OECD coicop1999
DEU,food,2025-07-01,149.1779,2015,OECD coicop1999
DEU,food,2025-08-01,149.616,2015,OECD coicop1999
DEU,food,2025-09-01,149.8351,2015,OECD coicop1999
DEU,food,2025-10-01,149.8351,2015,OECD coicop1999
DEU,food,2025-11-01,149.8351,2015,OECD coicop1999
DEU,food,2025-12-01,149.5065,2015,OECD coicop1999
DEU,food,2026-01-01,150.8209,2015,OECD coicop1999
DEU,food,2026-02-01,150.9304,2015,OECD coicop1999
DEU,food,2026-03-01,151.1494,2015,OECD coicop1999
DEU,food,2026-04-01,151.8066,2015,OECD coicop1999
DEU,food,2026-05-01,150.6018,2015,OECD coicop1999
DEU,food,2026-06-01,149.7256,2015,OECD coicop1999
DEU,food,2026-07-01,149.8351,2015,OECD coicop1999
DEU,food,2026-08-01,149.7256,2015,OECD coicop1999
DEU,restaurants_hotels,2014-01-01,96.16297,2015,OECD coicop1999
DEU,restaurants_hotels,2014-02-01,96.43284,2015,OECD coicop1999
DEU,restaurants_hotels,2014-03-01,96.70271,2015,OECD coicop1999
DEU,restaurants_hotels,2014-04-01,96.70271,2015,OECD coicop1999
DEU,restaurants_hotels,2014-05-01,97.15249,2015,OECD coicop1999
DEU,restaurants_hotels,2014-06-01,97.42236,2015,OECD coicop1999
DEU,restaurants_hotels,2014-07-01,97.51231,2015,OECD coicop1999
DEU,restaurants_hotels,2014-08-01,97.51231,2015,OECD coicop1999
DEU,restaurants_hotels,2014-09-01,98.05205,2015,OECD coicop1999
DEU,restaurants_hotels,2014-10-01,98.05205,2015,OECD coicop1999
DEU,restaurants_hotels,2014-11-01,98.05205,2015,OECD coicop1999
DEU,restaurants_hotels,2014-12-01,98.14201,2015,OECD coicop1999
DEU,restaurants_hotels,2015-01-01,98.59178,2015,OECD coicop1999
DEU,restaurants_hotels,2015-02-01,98.79177,2015,OECD coicop1999
DEU,restaurants_hotels,2015-03-01,99.19173,2015,OECD coicop1999
DEU,restaurants_hotels,2015-04-01,99.6917,2015,OECD coicop1999
DEU,restaurants_hotels,2015-05-01,99.99167,2015,OECD coicop1999
DEU,restaurants_hotels,2015-06-01,100.2916,2015,OECD coicop1999
DEU,restaurants_hotels,2015-07-01,100.4916,2015,OECD coicop1999
DEU,restaurants_hotels,2015-08-01,100.6916,2015,OECD coicop1999
DEU,restaurants_hotels,2015-09-01,100.5916,2015,OECD coicop1999
DEU,restaurants_hotels,2015-10-01,100.6916,2015,OECD coicop1999
DEU,restaurants_hotels,2015-11-01,100.3916,2015,OECD coicop1999
DEU,restaurants_hotels,2015-12-01,100.5916,2015,OECD coicop1999
DEU,restaurants_hotels,2016-01-01,100.8916,2015,OECD coicop1999
DEU,restaurants_hotels,2016-02-01,101.0916,2015,OECD coicop1999
DEU,restaurants_hotels,2016-03-01,101.5915,2015,OECD coicop1999
DEU,restaurants_hotels,2016-04-01,101.7915,2015,OECD coicop1999
DEU,restaurants_hotels,2016-05-01,102.3915,2015,OECD coicop1999
DEU,restaurants_hotels,2016-06-01,102.4915,2015,OECD coicop1999
DEU,restaurants_hotels,2016-07-01,102.7914,2015,OECD coicop1999
DEU,restaurants_hotels,2016-08-01,102.8914,2015,OECD coicop1999
DEU,restaurants_hotels,2016-09-01,102.7914,2015,OECD coicop1999
DEU,restaurants_hotels,2016-10-01,102.6914,2015,OECD coicop1999
DEU,restaurants_hotels,2016-11-01,102.5915,2015,OECD coicop1999
DEU,restaurants_hotels,2016-12-01,102.6914,2015,OECD coicop1999
DEU,restaurants_hotels,2017-01-01,102.8914,2015,OECD coicop1999
DEU,restaurants_hotels,2017-02-01,103.1914,2015,OECD coicop1999
DEU,restaurants_hotels,2017-03-01,103.3914,2015,OECD coicop1999
DEU,restaurants_hotels,2017-04-01,103.7914,2015,OECD coicop1999
DEU,restaurants_hotels,2017-05-01,104.1913,2015,OECD coicop1999
DEU,restaurants_hotels,2017-06-01,104.5913,2015,OECD coicop1999
DEU,restaurants_hotels,2017-07-01,105.0912,2015,OECD coicop1999
DEU,restaurants_hotels,2017-08-01,105.1912,2015,OECD coicop1999
DEU,restaurants_hotels,2017-09-01,105.1912,2015,OECD coicop1999
DEU,restaurants_hotels,2017-10-01,104.9912,2015,OECD coicop1999
DEU,restaurants_hotels,2017-11-01,104.6913,2015,OECD coicop1999
DEU,restaurants_hotels,2017-12-01,104.9912,2015,OECD coicop1999
DEU,restaurants_hotels,2018-01-01,105.2912,2015,OECD coicop1999
DEU,restaurants_hotels,2018-02-01,105.4912,2015,OECD coicop1999
DEU,restaurants_hotels,2018-03-01,105.7912,2015,OECD coicop1999
DEU,restaurants_hotels,2018-04-01,106.0912,2015,OECD coicop1999
DEU,restaurants_hotels,2018-05-01,106.5911,2015,OECD coicop1999
DEU,restaurants_hotels,2018-06-01,106.8911,2015,OECD coicop1999
DEU,restaurants_hotels,2018-07-01,107.1911,2015,OECD coicop1999
DEU,restaurants_hotels,2018-08-01,107.2911,2015,OECD coicop1999
DEU,restaurants_hotels,2018-09-01,107.2911,2015,OECD coicop1999
DEU,restaurants_hotels,2018-10-01,107.2911,2015,OECD coicop1999
DEU,restaurants_hotels,2018-11-01,107.0911,2015,OECD coicop1999
DEU,restaurants_hotels,2018-12-01,107.3911,2015,OECD coicop1999
DEU,restaurants_hotels,2019-01-01,107.591,2015,OECD coicop1999
DEU,restaurants_hotels,2019-02-01,107.891,2015,OECD coicop1999
DEU,restaurants_hotels,2019-03-01,108.191,2015,OECD coicop1999
DEU,restaurants_hotels,2019-04-01,108.7909,2015,OECD coicop1999
DEU,restaurants_hotels,2019-05-01,109.4909,2015,OECD coicop1999
DEU,restaurants_hotels,2019-06-01,109.8908,2015,OECD coicop1999
DEU,restaurants_hotels,2019-07-01,110.0908,2015,OECD coicop1999
DEU,restaurants_hotels,2019-08-01,110.1908,2015,OECD coicop1999
DEU,restaurants_hotels,2019-09-01,110.1908,2015,OECD coicop1999
DEU,restaurants_hotels,2019-10-01,110.1908,2015,OECD coicop1999
DEU,restaurants_hotels,2019-11-01,110.0908,2015,OECD coicop1999
DEU,restaurants_hotels,2019-12-01,110.1908,2015,OECD coicop1999
DEU,restaurants_hotels,2020-01-01,110.4908,2015,OECD coicop1999
DEU,restaurants_hotels,2020-02-01,110.8256,2015,OECD coicop1999
DEU,restaurants_hotels,2020-03-01,111.0488,2015,OECD coicop1999
DEU,restaurants_hotels,2020-04-01,111.272,2015,OECD coicop1999
DEU,restaurants_hotels,2020-05-01,111.7185,2015,OECD coicop1999
DEU,restaurants_hotels,2020-06-01,112.0533,2015,OECD coicop1999
DEU,restaurants_hotels,2020-07-01,112.0533,2015,OECD coicop1999
DEU,restaurants_hotels,2020-08-01,112.1649,2015,OECD coicop1999
DEU,restaurants_hotels,2020-09-01,112.0533,2015,OECD coicop1999
DEU,restaurants_hotels,2020-10-01,112.0533,2015,OECD coicop1999
DEU,restaurants_hotels,2020-11-01,111.7185,2015,OECD coicop1999
DEU,restaurants_hotels,2020-12-01,111.9417,2015,OECD coicop1999
DEU,restaurants_hotels,2021-01-01,112.1649,2015,OECD coicop1999
DEU,restaurants_hotels,2021-02-01,112.2765,2015,OECD coicop1999
DEU,restaurants_hotels,2021-03-01,112.2765,2015,OECD coicop1999
DEU,restaurants_hotels,2021-04-01,112.6113,2015,OECD coicop1999
DEU,restaurants_hotels,2021-05-01,113.3926,2015,OECD coicop1999
DEU,restaurants_hotels,2021-06-01,115.1783,2015,OECD coicop1999
DEU,restaurants_hotels,2021-07-01,115.8479,2015,OECD coicop1999
DEU,restaurants_hotels,2021-08-01,116.1827,2015,OECD coicop1999
DEU,restaurants_hotels,2021-09-01,116.0711,2015,OECD coicop1999
DEU,restaurants_hotels,2021-10-01,116.2943,2015,OECD coicop1999
DEU,restaurants_hotels,2021-11-01,116.406,2015,OECD coicop1999
DEU,restaurants_hotels,2021-12-01,116.6292,2015,OECD coicop1999
DEU,restaurants_hotels,2022-01-01,117.4104,2015,OECD coicop1999
DEU,restaurants_hotels,2022-02-01,118.0801,2015,OECD coicop1999
DEU,restaurants_hotels,2022-03-01,118.7497,2015,OECD coicop1999
DEU,restaurants_hotels,2022-04-01,120.2006,2015,OECD coicop1999
DEU,restaurants_hotels,2022-05-01,121.7631,2015,OECD coicop1999
DEU,restaurants_hotels,2022-06-01,123.4372,2015,OECD coicop1999
DEU,restaurants_hotels,2022-07-01,125.1113,2015,OECD coicop1999
DEU,restaurants_hotels,2022-08-01,125.7809,2015,OECD coicop1999
DEU,restaurants_hotels,2022-09-01,126.6738,2015,OECD coicop1999
DEU,restaurants_hotels,2022-10-01,126.7854,2015,OECD coicop1999
DEU,restaurants_hotels,2022-11-01,127.455,2015,OECD coicop1999
DEU,restaurants_hotels,2022-12-01,128.0131,2015,OECD coicop1999
DEU,restaurants_hotels,2023-01-01,129.5756,2015,OECD coicop1999
DEU,restaurants_hotels,2023-02-01,130.4684,2015,OECD coicop1999
DEU,restaurants_hotels,2023-03-01,131.2497,2015,OECD coicop1999
DEU,restaurants_hotels,2023-04-01,132.0309,2015,OECD coicop1999
DEU,restaurants_hotels,2023-05-01,133.0354,2015,OECD coicop1999
DEU,restaurants_hotels,2023-06-01,133.8166,2015,OECD coicop1999
DEU,restaurants_hotels,2023-07-01,134.5979,2015,OECD coicop1999
DEU,restaurants_hotels,2023-08-01,134.7095,2015,OECD coicop1999
DEU,restaurants_hotels,2023-09-01,135.0443,2015,OECD coicop1999
DEU,restaurants_hotels,2023-10-01,135.0443,2015,OECD coicop1999
DEU,restaurants_hotels,2023-11-01,135.0443,2015,OECD coicop1999
DEU,restaurants_hotels,2023-12-01,135.1559,2015,OECD coicop1999
DEU,restaurants_hotels,2024-01-01,137.7229,2015,OECD coicop1999
DEU,restaurants_hotels,2024-02-01,138.6157,2015,OECD coicop1999
DEU,restaurants_hotels,2024-03-01,139.6202,2015,OECD coicop1999
DEU,restaurants_hotels,2024-04-01,140.513,2015,OECD coicop1999
DEU,restaurants_hotels,2024-05-01,141.4059,2015,OECD coicop1999
DEU,restaurants_hotels,2024-06-01,142.522,2015,OECD coicop1999
DEU,restaurants_hotels,2024-07-01,142.6336,2015,OECD coicop1999
DEU,restaurants_hotels,2024-08-01,143.08,2015,OECD coicop1999
DEU,restaurants_hotels,2024-09-01,143.3032,2015,OECD coicop1999
DEU,restaurants_hotels,2024-10-01,143.3032,2015,OECD coicop1999
DEU,restaurants_hotels,2024-11-01,142.9684,2015,OECD coicop1999
DEU,restaurants_hotels,2024-12-01,143.1916,2015,OECD coicop1999
DEU,restaurants_hotels,2025-01-01,143.7496,2015,OECD coicop1999
DEU,restaurants_hotels,2025-02-01,144.4193,2015,OECD coicop1999
DEU,restaurants_hotels,2025-03-01,144.9773,2015,OECD coicop1999
DEU,restaurants_hotels,2025-04-01,145.7586,2015,OECD coicop1999
DEU,restaurants_hotels,2025-05-01,147.5443,2015,OECD coicop1999
DEU,restaurants_hotels,2025-06-01,147.5443,2015,OECD coicop1999
DEU,restaurants_hotels,2025-07-01,147.9907,2015,OECD coicop1999
DEU,restaurants_hotels,2025-08-01,148.2139,2015,OECD coicop1999
DEU,restaurants_hotels,2025-09-01,148.6603,2015,OECD coicop1999
DEU,restaurants_hotels,2025-10-01,148.4371,2015,OECD coicop1999
DEU,restaurants_hotels,2025-11-01,147.9907,2015,OECD coicop1999
DEU,restaurants_hotels,2025-12-01,148.3255,2015,OECD coicop1999
DEU,restaurants_hotels,2026-01-01,148.4371,2015,OECD coicop1999
DEU,restaurants_hotels,2026-02-01,148.9952,2015,OECD coicop1999
DEU,restaurants_hotels,2026-03-01,149.888,2015,OECD coicop1999
DEU,restaurants_hotels,2026-04-01,150.7809,2015,OECD coicop1999
DEU,restaurants_hotels,2026-05-01,151.5621,2015,OECD coicop1999
DEU,restaurants_hotels,2026-06-01,152.1201,2015,OECD coicop1999
DEU,restaurants_hotels,2026-07-01,152.2318,2015,OECD coicop1999
DEU,restaurants_hotels,2026-08-01,152.455,2015,OECD coicop1999
FRA,all_items,2014-01-01,99.24,2015,OECD coicop1999
FRA,all_items,2014-02-01,99.79,2015,OECD coicop1999
FRA,all_items,2014-03-01,100.24,2015,OECD coicop1999
FRA,all_items,2014-04-01,100.2,2015,OECD coicop1999
FRA,all_items,2014-05-01,100.22,2015,OECD coicop1999
FRA,all_items,2014-06-01,100.18,2015,OECD coicop1999
FRA,all_items,2014-07-01,99.86,2015,OECD coicop1999
FRA,all_items,2014-08-01,100.3,2015,OECD coicop1999
FRA,all_items,2014-09-01,99.92,2015,OECD coicop1999
FRA,all_items,2014-10-01,99.95,2015,OECD coicop1999
FRA,all_items,2014-11-01,99.78,2015,OECD coicop1999
FRA,all_items,2014-12-01,99.86,2015,OECD coicop1999
FRA,all_items,2015-01-01,98.86,2015,OECD coicop1999
FRA,all_items,2015-02-01,99.52,2015,OECD coicop1999
FRA,all_items,2015-03-01,100.17,2015,OECD coicop1999
FRA,all_items,2015-04-01,100.28,2015,OECD coicop1999
FRA,all_items,2015-05-01,100.52,2015,OECD coicop1999
FRA,all_items,2015-06-01,100.44,2015,OECD coicop1999
FRA,all_items,2015-07-01,100.03,2015,OECD coicop1999
FRA,all_items,2015-08-01,100.35,2015,OECD coicop1999
FRA,all_items,2015-09-01,99.95,2015,OECD coicop1999
FRA,all_items,2015-10-01,100.01,2015,OECD coicop1999
FRA,all_items,2015-11-01,99.82,2015,OECD coicop1999
FRA,all_items,2015-12-01,100.04,2015,OECD coicop1999
FRA,all_items,2016-01-01,99.08,2015,OECD coicop1999
FRA,all_items,2016-02-01,99.33,2015,OECD coicop1999
FRA,all_items,2016-03-01,100.02,2015,OECD coicop1999
FRA,all_items,2016-04-01,100.09,2015,OECD coicop1999
FRA,all_items,2016-05-01,100.5,2015,OECD coicop1999
FRA,all_items,2016-06-01,100.63,2015,OECD coicop1999
FRA,all_items,2016-07-01,100.25,2015,OECD coicop1999
FRA,all_items,2016-08-01,100.58,2015,OECD coicop1999
FRA,all_items,2016-09-01,100.34,2015,OECD coicop1999
FRA,all_items,2016-10-01,100.37,2015,OECD coicop1999
FRA,all_items,2016-11-01,100.35,2015,OECD coicop1999
FRA,all_items,2016-12-01,100.65,2015,OECD coicop1999
FRA,all_items,2017-01-01,100.41,2015,OECD coicop1999
FRA,all_items,2017-02-01,100.53,2015,OECD coicop1999
FRA,all_items,2017-03-01,101.17,2015,OECD coicop1999
FRA,all_items,2017-04-01,101.26,2015,OECD coicop1999
FRA,all_items,2017-05-01,101.31,2015,OECD coicop1999
FRA,all_items,2017-06-01,101.32,2015,OECD coicop1999
FRA,all_items,2017-07-01,100.97,2015,OECD coicop1999
FRA,all_items,2017-08-01,101.49,2015,OECD coicop1999
FRA,all_items,2017-09-01,101.33,2015,OECD coicop1999
FRA,all_items,2017-10-01,101.43,2015,OECD coicop1999
FRA,all_items,2017-11-01,101.53,2015,OECD coicop1999
FRA,all_items,2017-12-01,101.85,2015,OECD coicop1999
FRA,all_items,2018-01-01,101.75,2015,OECD coicop1999
FRA,all_items,2018-02-01,101.72,2015,OECD coicop1999
FRA,all_items,2018-03-01,102.75,2015,OECD coicop1999
FRA,all_items,2018-04-01,102.92,2015,OECD coicop1999
FRA,all_items,2018-05-01,103.36,2015,OECD coicop1999
FRA,all_items,2018-06-01,103.37,2015,OECD coicop1999
FRA,all_items,2018-07-01,103.28,2015,OECD coicop1999
FRA,all_items,2018-08-01,103.78,2015,OECD coicop1999
FRA,all_items,2018-09-01,103.56,2015,OECD coicop1999
FRA,all_items,2018-10-01,103.67,2015,OECD coicop1999
FRA,all_items,2018-11-01,103.45,2015,OECD coicop1999
FRA,all_items,2018-12-01,103.47,2015,OECD coicop1999
FRA,all_items,2019-01-01,103.01,2015,OECD coicop1999
FRA,all_items,2019-02-01,103.06,2015,OECD coicop1999
FRA,all_items,2019-03-01,103.89,2015,OECD coicop1999
FRA,all_items,2019-04-01,104.22,2015,OECD coicop1999
FRA,all_items,2019-05-01,104.33,2015,OECD coicop1999
FRA,all_items,2019-06-01,104.58,2015,OECD coicop1999
FRA,all_items,2019-07-01,104.38,2015,OECD coicop1999
FRA,all_items,2019-08-01,104.86,2015,OECD coicop1999
FRA,all_items,2019-09-01,104.5,2015,OECD coicop1999
FRA,all_items,2019-10-01,104.46,2015,OECD coicop1999
FRA,all_items,2019-11-01,104.52,2015,OECD coicop1999
FRA,all_items,2019-12-01,104.98,2015,OECD coicop1999
FRA,all_items,2020-01-01,104.54,2015,OECD coicop1999
FRA,all_items,2020-02-01,104.53,2015,OECD coicop1999
FRA,all_items,2020-03-01,104.59,2015,OECD coicop1999
FRA,all_items,2020-04-01,104.56,2015,OECD coicop1999
FRA,all_items,2020-05-01,104.71,2015,OECD coicop1999
FRA,all_items,2020-06-01,104.79,2015,OECD coicop1999
FRA,all_items,2020-07-01,105.19,2015,OECD coicop1999
FRA,all_items,2020-08-01,105.09,2015,OECD coicop1999
FRA,all_items,2020-09-01,104.55,2015,OECD coicop1999
FRA,all_items,2020-10-01,104.51,2015,OECD coicop1999
FRA,all_items,2020-11-01,104.73,2015,OECD coicop1999
FRA,all_items,2020-12-01,104.96,2015,OECD coicop1999
FRA,all_items,2021-01-01,105.12,2015,OECD coicop1999
FRA,all_items,2021-02-01,105.12,2015,OECD coicop1999
FRA,all_items,2021-03-01,105.75,2015,OECD coicop1999
FRA,all_items,2021-04-01,105.86,2015,OECD coicop1999
FRA,all_items,2021-05-01,106.2,2015,OECD coicop1999
FRA,all_items,2021-06-01,106.34,2015,OECD coicop1999
FRA,all_items,2021-07-01,106.4,2015,OECD coicop1999
FRA,all_items,2021-08-01,107.05,2015,OECD coicop1999
FRA,all_items,2021-09-01,106.81,2015,OECD coicop1999
FRA,all_items,2021-10-01,107.25,2015,OECD coicop1999
FRA,all_items,2021-11-01,107.64,2015,OECD coicop1999
FRA,all_items,2021-12-01,107.85,2015,OECD coicop1999
FRA,all_items,2022-01-01,108.12,2015,OECD coicop1999
FRA,all_items,2022-02-01,108.94,2015,OECD coicop1999
FRA,all_items,2022-03-01,110.49,2015,OECD coicop1999
FRA,all_items,2022-04-01,110.97,2015,OECD coicop1999
FRA,all_items,2022-05-01,111.72,2015,OECD coicop1999
FRA,all_items,2022-06-01,112.55,2015,OECD coicop1999
FRA,all_items,2022-07-01,112.87,2015,OECD coicop1999
FRA,all_items,2022-08-01,113.38,2015,OECD coicop1999
FRA,all_items,2022-09-01,112.74,2015,OECD coicop1999
FRA,all_items,2022-10-01,113.9,2015,OECD coicop1999
FRA,all_items,2022-11-01,114.26,2015,OECD coicop1999
FRA,all_items,2022-12-01,114.16,2015,OECD coicop1999
FRA,all_items,2023-01-01,114.6,2015,OECD coicop1999
FRA,all_items,2023-02-01,115.78,2015,OECD coicop1999
FRA,all_items,2023-03-01,116.79,2015,OECD coicop1999
FRA,all_items,2023-04-01,117.5,2015,OECD coicop1999
FRA,all_items,2023-05-01,117.44,2015,OECD coicop1999
FRA,all_items,2023-06-01,117.65,2015,OECD coicop1999
FRA,all_items,2023-07-01,117.71,2015,OECD coicop1999
FRA,all_items,2023-08-01,118.89,2015,OECD coicop1999
FRA,all_items,2023-09-01,118.26,2015,OECD coicop1999
FRA,all_items,2023-10-01,118.43,2015,OECD coicop1999
FRA,all_items,2023-11-01,118.23,2015,OECD coicop1999
FRA,all_items,2023-12-01,118.39,2015,OECD coicop1999
FRA,all_items,2024-01-01,118.19,2015,OECD coicop1999
FRA,all_items,2024-02-01,119.21,2015,OECD coicop1999
FRA,all_items,2024-03-01,119.47,2015,OECD coicop1999
FRA,all_items,2024-04-01,120.07,2015,OECD coicop1999
FRA,all_items,2024-05-01,120.11,2015,OECD coicop1999
FRA,all_items,2024-06-01,120.2,2015,OECD coicop1999
FRA,all_items,2024-07-01,120.42,2015,OECD coicop1999
FRA,all_items,2024-08-01,121.06,2015,OECD coicop1999
FRA,all_items,2024-09-01,119.56,2015,OECD coicop1999
FRA,all_items,2024-10-01,119.89,2015,OECD coicop1999
FRA,all_items,2024-11-01,119.72,2015,OECD coicop1999
FRA,all_items,2024-12-01,119.95,2015,OECD coicop1999
FRA,all_items,2025-01-01,120.14,2015,OECD coicop1999
FRA,all_items,2025-02-01,120.16,2015,OECD coicop1999
FRA,all_items,2025-03-01,120.38,2015,OECD coicop1999
FRA,all_items,2025-04-01,121.06,2015,OECD coicop1999
FRA,all_items,2025-05-01,120.9,2015,OECD coicop1999
FRA,all_items,2025-06-01,121.36,2015,OECD coicop1999
FRA,all_items,2025-07-01,121.62,2015,OECD coicop1999
FRA,all_items,2025-08-01,122.13,2015,OECD coicop1999
FRA,all_items,2025-09-01,120.95,2015,OECD coicop1999
FRA,all_items,2025-10-01,121.02,2015,OECD coicop1999
FRA,all_items,2025-11-01,120.8,2015,OECD coicop1999
FRA,all_items,2025-12-01,120.9,2015,OECD coicop1999
FRA,energy,2014-01-01,101.8,2015,OECD coicop1999
FRA,energy,2014-02-01,101.88,2015,OECD coicop1999
FRA,energy,2014-03-01,101.33,2015,OECD coicop1999
FRA,energy,2014-04-01,101.2,2015,OECD coicop1999
FRA,energy,2014-05-01,100.0,2015,OECD coicop1999
FRA,energy,2014-06-01,99.7,2015,OECD coicop1999
FRA,energy,2014-07-01,99.69,2015,OECD coicop1999
FRA,energy,2014-08-01,99.27,2015,OECD coicop1999
FRA,energy,2014-09-01,99.12,2015,OECD coicop1999
FRA,energy,2014-10-01,100.65,2015,OECD coicop1999
FRA,energy,2014-11-01,101.69,2015,OECD coicop1999
FRA,energy,2014-12-01,100.51,2015,OECD coicop1999
FRA,energy,2015-01-01,101.0,2015,OECD coicop1999
FRA,energy,2015-02-01,101.64,2015,OECD coicop1999
FRA,energy,2015-03-01,101.06,2015,OECD coicop1999
FRA,energy,2015-04-01,101.09,2015,OECD coicop1999
FRA,energy,2015-05-01,100.29,2015,OECD coicop1999
FRA,energy,2015-06-01,99.94,2015,OECD coicop1999
FRA,energy,2015-07-01,99.0,2015,OECD coicop1999
FRA,energy,2015-08-01,99.08,2015,OECD coicop1999
FRA,energy,2015-09-01,99.36,2015,OECD coicop1999
FRA,energy,2015-10-01,99.67,2015,OECD coicop1999
FRA,energy,2015-11-01,99.36,2015,OECD coicop1999
FRA,energy,2015-12-01,98.51,2015,OECD coicop1999
FRA,energy,2016-01-01,98.8,2015,OECD coicop1999
FRA,energy,2016-02-01,98.13,2015,OECD coicop1999
FRA,energy,2016-03-01,97.94,2015,OECD coicop1999
FRA,energy,2016-04-01,97.12,2015,OECD coicop1999
FRA,energy,2016-05-01,97.99,2015,OECD coicop1999
FRA,energy,2016-06-01,98.64,2015,OECD coicop1999
FRA,energy,2016-07-01,98.2,2015,OECD coicop1999
FRA,energy,2016-08-01,97.96,2015,OECD coicop1999
FRA,energy,2016-09-01,98.42,2015,OECD coicop1999
FRA,energy,2016-10-01,98.92,2015,OECD coicop1999
FRA,energy,2016-11-01,99.63,2015,OECD coicop1999
FRA,energy,2016-12-01,100.64,2015,OECD coicop1999
FRA,energy,2017-01-01,103.05,2015,OECD coicop1999
FRA,energy,2017-02-01,102.92,2015,OECD coicop1999
FRA,energy,2017-03-01,103.28,2015,OECD coicop1999
FRA,energy,2017-04-01,102.9,2015,OECD coicop1999
FRA,energy,2017-05-01,101.72,2015,OECD coicop1999
FRA,energy,2017-06-01,101.32,2015,OECD coicop1999
FRA,energy,2017-07-01,100.01,2015,OECD coicop1999
FRA,energy,2017-08-01,100.85,2015,OECD coicop1999
FRA,energy,2017-09-01,101.24,2015,OECD coicop1999
FRA,energy,2017-10-01,102.15,2015,OECD coicop1999
FRA,energy,2017-11-01,102.99,2015,OECD coicop1999
FRA,energy,2017-12-01,103.59,2015,OECD coicop1999
FRA,energy,2018-01-01,106.62,2015,OECD coicop1999
FRA,energy,2018-02-01,106.97,2015,OECD coicop1999
FRA,energy,2018-03-01,106.21,2015,OECD coicop1999
FRA,energy,2018-04-01,106.22,2015,OECD coicop1999
FRA,energy,2018-05-01,107.02,2015,OECD coicop1999
FRA,energy,2018-06-01,107.7,2015,OECD coicop1999
FRA,energy,2018-07-01,109.52,2015,OECD coicop1999
FRA,energy,2018-08-01,109.31,2015,OECD coicop1999
FRA,energy,2018-09-01,109.94,2015,OECD coicop1999
FRA,energy,2018-10-01,111.55,2015,OECD coicop1999
FRA,energy,2018-11-01,113.12,2015,OECD coicop1999
FRA,energy,2018-12-01,111.97,2015,OECD coicop1999
FRA,energy,2019-01-01,110.8,2015,OECD coicop1999
FRA,energy,2019-02-01,111.41,2015,OECD coicop1999
FRA,energy,2019-03-01,111.79,2015,OECD coicop1999
FRA,energy,2019-04-01,111.18,2015,OECD coicop1999
FRA,energy,2019-05-01,111.29,2015,OECD coicop1999
FRA,energy,2019-06-01,113.87,2015,OECD coicop1999
FRA,energy,2019-07-01,112.23,2015,OECD coicop1999
FRA,energy,2019-08-01,112.79,2015,OECD coicop1999
FRA,energy,2019-09-01,112.73,2015,OECD coicop1999
FRA,energy,2019-10-01,112.51,2015,OECD coicop1999
FRA,energy,2019-11-01,112.93,2015,OECD coicop1999
FRA,energy,2019-12-01,113.39,2015,OECD coicop1999
FRA,energy,2020-01-01,113.79,2015,OECD coicop1999
FRA,energy,2020-02-01,113.37,2015,OECD coicop1999
FRA,energy,2020-03-01,111.39,2015,OECD coicop1999
FRA,energy,2020-04-01,109.31,2015,OECD coicop1999
FRA,energy,2020-05-01,108.0,2015,OECD coicop1999
FRA,energy,2020-06-01,108.22,2015,OECD coicop1999
FRA,energy,2020-07-01,108.04,2015,OECD coicop1999
FRA,energy,2020-08-01,108.99,2015,OECD coicop1999
FRA,energy,2020-09-01,108.82,2015,OECD coicop1999
FRA,energy,2020-10-01,109.36,2015,OECD coicop1999
FRA,energy,2020-11-01,109.95,2015,OECD coicop1999
FRA,energy,2020-12-01,110.85,2015,OECD coicop1999
FRA,energy,2021-01-01,111.91,2015,OECD coicop1999
FRA,energy,2021-02-01,114.02,2015,OECD coicop1999
FRA,energy,2021-03-01,115.84,2015,OECD coicop1999
FRA,energy,2021-04-01,115.0,2015,OECD coicop1999
FRA,energy,2021-05-01,115.45,2015,OECD coicop1999
FRA,energy,2021-06-01,116.61,2015,OECD coicop1999
FRA,energy,2021-07-01,119.18,2015,OECD coicop1999
FRA,energy,2021-08-01,120.58,2015,OECD coicop1999
FRA,energy,2021-09-01,122.68,2015,OECD coicop1999
FRA,energy,2021-10-01,128.39,2015,OECD coicop1999
FRA,energy,2021-11-01,131.11,2015,OECD coicop1999
FRA,energy,2021-12-01,131.55,2015,OECD coicop1999
FRA,energy,2022-01-01,133.53,2015,OECD coicop1999
FRA,energy,2022-02-01,137.08,2015,OECD coicop1999
FRA,energy,2022-03-01,144.06,2015,OECD coicop1999
FRA,energy,2022-04-01,146.1,2015,OECD coicop1999
FRA,energy,2022-05-01,147.32,2015,OECD coicop1999
FRA,energy,2022-06-01,149.84,2015,OECD coicop1999
FRA,energy,2022-07-01,150.76,2015,OECD coicop1999
FRA,energy,2022-08-01,149.29,2015,OECD coicop1999
FRA,energy,2022-09-01,152.74,2015,OECD coicop1999
FRA,energy,2022-10-01,160.87,2015,OECD coicop1999
FRA,energy,2022-11-01,161.74,2015,OECD coicop1999
FRA,energy,2022-12-01,156.0,2015,OECD coicop1999
FRA,energy,2023-01-01,156.99,2015,OECD coicop1999
FRA,energy,2023-02-01,161.94,2015,OECD coicop1999
FRA,energy,2023-03-01,163.22,2015,OECD coicop1999
FRA,energy,2023-04-01,161.62,2015,OECD coicop1999
FRA,energy,2023-05-01,159.53,2015,OECD coicop1999
FRA,energy,2023-06-01,159.23,2015,OECD coicop1999
FRA,energy,2023-07-01,154.02,2015,OECD coicop1999
FRA,energy,2023-08-01,164.08,2015,OECD coicop1999
FRA,energy,2023-09-01,166.16,2015,OECD coicop1999
FRA,energy,2023-10-01,167.33,2015,OECD coicop1999
FRA,energy,2023-11-01,167.69,2015,OECD coicop1999
FRA,energy,2023-12-01,167.83,2015,OECD coicop1999
FRA,energy,2024-01-01,169.61,2015,OECD coicop1999
FRA,energy,2024-02-01,177.03,2015,OECD coicop1999
FRA,energy,2024-03-01,174.75,2015,OECD coicop1999
FRA,energy,2024-04-01,172.7,2015,OECD coicop1999
FRA,energy,2024-05-01,172.45,2015,OECD coicop1999
FRA,energy,2024-06-01,172.71,2015,OECD coicop1999
FRA,energy,2024-07-01,176.2,2015,OECD coicop1999
FRA,energy,2024-08-01,176.41,2015,OECD coicop1999
FRA,energy,2024-09-01,175.81,2015,OECD coicop1999
FRA,energy,2024-10-01,177.36,2015,OECD coicop1999
FRA,energy,2024-11-01,177.25,2015,OECD coicop1999
FRA,energy,2024-12-01,178.41,2015,OECD coicop1999
FRA,energy,2025-01-01,179.75,2015,OECD coicop1999
FRA,energy,2025-02-01,165.84,2015,OECD coicop1999
FRA,energy,2025-03-01,165.74,2015,OECD coicop1999
FRA,energy,2025-04-01,164.87,2015,OECD coicop1999
FRA,energy,2025-05-01,162.63,2015,OECD coicop1999
FRA,energy,2025-06-01,161.61,2015,OECD coicop1999
FRA,energy,2025-07-01,162.44,2015,OECD coicop1999
FRA,energy,2025-08-01,162.94,2015,OECD coicop1999
FRA,energy,2025-09-01,162.36,2015,OECD coicop1999
FRA,energy,2025-10-01,161.95,2015,OECD coicop1999
FRA,energy,2025-11-01,162.42,2015,OECD coicop1999
FRA,energy,2025-12-01,161.86,2015,OECD coicop1999
FRA,food,2014-01-01,99.92,2015,OECD coicop1999
FRA,food,2014-02-01,99.75,2015,OECD coicop1999
FRA,food,2014-03-01,99.93,2015,OECD coicop1999
FRA,food,2014-04-01,99.76,2015,OECD coicop1999
FRA,food,2014-05-01,100.13,2015,OECD coicop1999
FRA,food,2014-06-01,99.9,2015,OECD coicop1999
FRA,food,2014-07-01,99.3,2015,OECD coicop1999
FRA,food,2014-08-01,98.69,2015,OECD coicop1999
FRA,food,2014-09-01,99.19,2015,OECD coicop1999
FRA,food,2014-10-01,99.58,2015,OECD coicop1999
FRA,food,2014-11-01,99.55,2015,OECD coicop1999
FRA,food,2014-12-01,99.48,2015,OECD coicop1999
FRA,food,2015-01-01,99.54,2015,OECD coicop1999
FRA,food,2015-02-01,99.74,2015,OECD coicop1999
FRA,food,2015-03-01,99.97,2015,OECD coicop1999
FRA,food,2015-04-01,99.98,2015,OECD coicop1999
FRA,food,2015-05-01,100.48,2015,OECD coicop1999
FRA,food,2015-06-01,100.2,2015,OECD coicop1999
FRA,food,2015-07-01,99.61,2015,OECD coicop1999
FRA,food,2015-08-01,99.48,2015,OECD coicop1999
FRA,food,2015-09-01,100.06,2015,OECD coicop1999
FRA,food,2015-10-01,100.6,2015,OECD coicop1999
FRA,food,2015-11-01,100.34,2015,OECD coicop1999
FRA,food,2015-12-01,100.0,2015,OECD coicop1999
FRA,food,2016-01-01,99.86,2015,OECD coicop1999
FRA,food,2016-02-01,99.82,2015,OECD coicop1999
FRA,food,2016-03-01,100.35,2015,OECD coicop1999
FRA,food,2016-04-01,100.32,2015,OECD coicop1999
FRA,food,2016-05-01,101.48,2015,OECD coicop1999
FRA,food,2016-06-01,100.74,2015,OECD coicop1999
FRA,food,2016-07-01,100.87,2015,OECD coicop1999
FRA,food,2016-08-01,101.04,2015,OECD coicop1999
FRA,food,2016-09-01,100.47,2015,OECD coicop1999
FRA,food,2016-10-01,100.4,2015,OECD coicop1999
FRA,food,2016-11-01,100.57,2015,OECD coicop1999
FRA,food,2016-12-01,100.73,2015,OECD coicop1999
FRA,food,2017-01-01,101.23,2015,OECD coicop1999
FRA,food,2017-02-01,101.51,2015,OECD coicop1999
FRA,food,2017-03-01,101.17,2015,OECD coicop1999
FRA,food,2017-04-01,101.09,2015,OECD coicop1999
FRA,food,2017-05-01,101.89,2015,OECD coicop1999
FRA,food,2017-06-01,101.57,2015,OECD coicop1999
FRA,food,2017-07-01,101.62,2015,OECD coicop1999
FRA,food,2017-08-01,101.68,2015,OECD coicop1999
FRA,food,2017-09-01,101.6,2015,OECD coicop1999
FRA,food,2017-10-01,102.07,2015,OECD coicop1999
FRA,food,2017-11-01,102.16,2015,OECD coicop1999
FRA,food,2017-12-01,102.18,2015,OECD coicop1999
FRA,food,2018-01-01,102.51,2015,OECD coicop1999
FRA,food,2018-02-01,102.36,2015,OECD coicop1999
FRA,food,2018-03-01,102.76,2015,OECD coicop1999
FRA,food,2018-04-01,102.81,2015,OECD coicop1999
FRA,food,2018-05-01,103.82,2015,OECD coicop1999
FRA,food,2018-06-01,103.61,2015,OECD coicop1999
FRA,food,2018-07-01,103.72,2015,OECD coicop1999
FRA,food,2018-08-01,104.01,2015,OECD coicop1999
FRA,food,2018-09-01,104.66,2015,OECD coicop1999
FRA,food,2018-10-01,104.46,2015,OECD coicop1999
FRA,food,2018-11-01,104.2,2015,OECD coicop1999
FRA,food,2018-12-01,104.85,2015,OECD coicop1999
FRA,food,2019-01-01,105.44,2015,OECD coicop1999
FRA,food,2019-02-01,105.52,2015,OECD coicop1999
FRA,food,2019-03-01,105.23,2015,OECD coicop1999
FRA,food,2019-04-01,105.29,2015,OECD coicop1999
FRA,food,2019-05-01,106.07,2015,OECD coicop1999
FRA,food,2019-06-01,106.19,2015,OECD coicop1999
FRA,food,2019-07-01,106.81,2015,OECD coicop1999
FRA,food,2019-08-01,107.35,2015,OECD coicop1999
FRA,food,2019-09-01,106.75,2015,OECD coicop1999
FRA,food,2019-10-01,106.22,2015,OECD coicop1999
FRA,food,2019-11-01,106.35,2015,OECD coicop1999
FRA,food,2019-12-01,107.01,2015,OECD coicop1999
FRA,food,2020-01-01,107.47,2015,OECD coicop1999
FRA,food,2020-02-01,107.39,2015,OECD coicop1999
FRA,food,2020-03-01,107.34,2015,OECD coicop1999
FRA,food,2020-04-01,109.63,2015,OECD coicop1999
FRA,food,2020-05-01,110.24,2015,OECD coicop1999
FRA,food,2020-06-01,109.19,2015,OECD coicop1999
FRA,food,2020-07-01,108.0,2015,OECD coicop1999
FRA,food,2020-08-01,108.24,2015,OECD coicop1999
FRA,food,2020-09-01,107.69,2015,OECD coicop1999
FRA,food,2020-10-01,107.93,2015,OECD coicop1999
FRA,food,2020-11-01,108.66,2015,OECD coicop1999
FRA,food,2020-12-01,108.21,2015,OECD coicop1999
FRA,food,2021-01-01,108.57,2015,OECD coicop1999
FRA,food,2021-02-01,108.31,2015,OECD coicop1999
FRA,food,2021-03-01,108.38,2015,OECD coicop1999
FRA,food,2021-04-01,109.05,2015,OECD coicop1999
FRA,food,2021-05-01,109.7,2015,OECD coicop1999
FRA,food,2021-06-01,108.87,2015,OECD coicop1999
FRA,food,2021-07-01,108.99,2015,OECD coicop1999
FRA,food,2021-08-01,109.75,2015,OECD coicop1999
FRA,food,2021-09-01,108.86,2015,OECD coicop1999
FRA,food,2021-10-01,108.66,2015,OECD coicop1999
FRA,food,2021-11-01,109.1,2015,OECD coicop1999
FRA,food,2021-12-01,109.74,2015,OECD coicop1999
FRA,food,2022-01-01,110.41,2015,OECD coicop1999
FRA,food,2022-02-01,110.82,2015,OECD coicop1999
FRA,food,2022-03-01,111.87,2015,OECD coicop1999
FRA,food,2022-04-01,113.61,2015,OECD coicop1999
FRA,food,2022-05-01,114.75,2015,OECD coicop1999
FRA,food,2022-06-01,115.71,2015,OECD coicop1999
FRA,food,2022-07-01,116.88,2015,OECD coicop1999
FRA,food,2022-08-01,118.95,2015,OECD coicop1999
FRA,food,2022-09-01,120.41,2015,OECD coicop1999
FRA,food,2022-10-01,122.64,2015,OECD coicop1999
FRA,food,2022-11-01,123.26,2015,OECD coicop1999
FRA,food,2022-12-01,123.86,2015,OECD coicop1999
FRA,food,2023-01-01,126.04,2015,OECD coicop1999
FRA,food,2023-02-01,128.31,2015,OECD coicop1999
FRA,food,2023-03-01,130.78,2015,OECD coicop1999
FRA,food,2023-04-01,131.47,2015,OECD coicop1999
FRA,food,2023-05-01,131.9,2015,OECD coicop1999
FRA,food,2023-06-01,132.22,2015,OECD coicop1999
FRA,food,2023-07-01,132.28,2015,OECD coicop1999
FRA,food,2023-08-01,132.75,2015,OECD coicop1999
FRA,food,2023-09-01,132.39,2015,OECD coicop1999
FRA,food,2023-10-01,132.43,2015,OECD coicop1999
FRA,food,2023-11-01,132.98,2015,OECD coicop1999
FRA,food,2023-12-01,133.05,2015,OECD coicop1999
FRA,food,2024-01-01,133.28,2015,OECD coicop1999
FRA,food,2024-02-01,132.81,2015,OECD coicop1999
FRA,food,2024-03-01,132.82,2015,OECD coicop1999
FRA,food,2024-04-01,132.95,2015,OECD coicop1999
FRA,food,2024-05-01,133.52,2015,OECD coicop1999
FRA,food,2024-06-01,133.27,2015,OECD coicop1999
FRA,food,2024-07-01,132.95,2015,OECD coicop1999
FRA,food,2024-08-01,133.38,2015,OECD coicop1999
FRA,food,2024-09-01,132.95,2015,OECD coicop1999
FRA,food,2024-10-01,133.3,2015,OECD coicop1999
FRA,food,2024-11-01,133.19,2015,OECD coicop1999
FRA,food,2024-12-01,133.02,2015,OECD coicop1999
FRA,food,2025-01-01,133.42,2015,OECD coicop1999
FRA,food,2025-02-01,133.28,2015,OECD coicop1999
FRA,food,2025-03-01,133.69,2015,OECD coicop1999
FRA,food,2025-04-01,134.78,2015,OECD coicop1999
FRA,food,2025-05-01,135.42,2015,OECD coicop1999
FRA,food,2025-06-01,135.24,2015,OECD coicop1999
FRA,food,2025-07-01,135.3,2015,OECD coicop1999
FRA,food,2025-08-01,135.73,2015,OECD coicop1999
FRA,food,2025-09-01,135.46,2015,OECD coicop1999
FRA,food,2025-10-01,135.16,2015,OECD coicop1999
FRA,food,2025-11-01,135.16,2015,OECD coicop1999
FRA,food,2025-12-01,135.46,2015,OECD coicop1999
FRA,restaurants_hotels,2014-01-01,96.28,2015,OECD coicop1999
FRA,restaurants_hotels,2014-02-01,97.18,2015,OECD coicop1999
FRA,restaurants_hotels,2014-03-01,98.52,2015,OECD coicop1999
FRA,restaurants_hotels,2014-04-01,97.19,2015,OECD coicop1999
FRA,restaurants_hotels,2014-05-01,97.85,2015,OECD coicop1999
FRA,restaurants_hotels,2014-06-01,98.74,2015,OECD coicop1999
FRA,restaurants_hotels,2014-07-01,102.24,2015,OECD coicop1999
FRA,restaurants_hotels,2014-08-01,103.5,2015,OECD coicop1999
FRA,restaurants_hotels,2014-09-01,98.43,2015,OECD coicop1999
FRA,restaurants_hotels,2014-10-01,97.59,2015,OECD coicop1999
FRA,restaurants_hotels,2014-11-01,97.41,2015,OECD coicop1999
FRA,restaurants_hotels,2014-12-01,98.23,2015,OECD coicop1999
FRA,restaurants_hotels,2015-01-01,97.8,2015,OECD coicop1999
FRA,restaurants_hotels,2015-02-01,99.06,2015,OECD coicop1999
FRA,restaurants_hotels,2015-03-01,99.61,2015,OECD coicop1999
FRA,restaurants_hotels,2015-04-01,98.55,2015,OECD coicop1999
FRA,restaurants_hotels,2015-05-01,99.02,2015,OECD coicop1999
FRA,restaurants_hotels,2015-06-01,100.21,2015,OECD coicop1999
FRA,restaurants_hotels,2015-07-01,103.6,2015,OECD coicop1999
FRA,restaurants_hotels,2015-08-01,105.02,2015,OECD coicop1999
FRA,restaurants_hotels,2015-09-01,99.89,2015,OECD coicop1999
FRA,restaurants_hotels,2015-10-01,98.86,2015,OECD coicop1999
FRA,restaurants_hotels,2015-11-01,98.53,2015,OECD coicop1999
FRA,restaurants_hotels,2015-12-01,99.85,2015,OECD coicop1999
FRA,restaurants_hotels,2016-01-01,99.6,2015,OECD coicop1999
FRA,restaurants_hotels,2016-02-01,100.25,2015,OECD coicop1999
FRA,restaurants_hotels,2016-03-01,100.99,2015,OECD coicop1999
FRA,restaurants_hotels,2016-04-01,100.5,2015,OECD coicop1999
FRA,restaurants_hotels,2016-05-01,100.83,2015,OECD coicop1999
FRA,restaurants_hotels,2016-06-01,102.08,2015,OECD coicop1999
FRA,restaurants_hotels,2016-07-01,104.56,2015,OECD coicop1999
FRA,restaurants_hotels,2016-08-01,105.98,2015,OECD coicop1999
FRA,restaurants_hotels,2016-09-01,101.68,2015,OECD coicop1999
FRA,restaurants_hotels,2016-10-01,101.31,2015,OECD coicop1999
FRA,restaurants_hotels,2016-11-01,100.94,2015,OECD coicop1999
FRA,restaurants_hotels,2016-12-01,101.64,2015,OECD coicop1999
FRA,restaurants_hotels,2017-01-01,101.68,2015,OECD coicop1999
FRA,restaurants_hotels,2017-02-01,102.21,2015,OECD coicop1999
FRA,restaurants_hotels,2017-03-01,102.97,2015,OECD coicop1999
FRA,restaurants_hotels,2017-04-01,101.93,2015,OECD coicop1999
FRA,restaurants_hotels,2017-05-01,102.43,2015,OECD coicop1999
FRA,restaurants_hotels,2017-06-01,103.21,2015,OECD coicop1999
FRA,restaurants_hotels,2017-07-01,105.8,2015,OECD coicop1999
FRA,restaurants_hotels,2017-08-01,107.85,2015,OECD coicop1999
FRA,restaurants_hotels,2017-09-01,103.63,2015,OECD coicop1999
FRA,restaurants_hotels,2017-10-01,102.92,2015,OECD coicop1999
FRA,restaurants_hotels,2017-11-01,102.81,2015,OECD coicop1999
FRA,restaurants_hotels,2017-12-01,103.04,2015,OECD coicop1999
FRA,restaurants_hotels,2018-01-01,103.76,2015,OECD coicop1999
FRA,restaurants_hotels,2018-02-01,103.35,2015,OECD coicop1999
FRA,restaurants_hotels,2018-03-01,105.4,2015,OECD coicop1999
FRA,restaurants_hotels,2018-04-01,103.76,2015,OECD coicop1999
FRA,restaurants_hotels,2018-05-01,104.42,2015,OECD coicop1999
FRA,restaurants_hotels,2018-06-01,105.67,2015,OECD coicop1999
FRA,restaurants_hotels,2018-07-01,108.39,2015,OECD coicop1999
FRA,restaurants_hotels,2018-08-01,110.86,2015,OECD coicop1999
FRA,restaurants_hotels,2018-09-01,106.03,2015,OECD coicop1999
FRA,restaurants_hotels,2018-10-01,105.44,2015,OECD coicop1999
FRA,restaurants_hotels,2018-11-01,105.09,2015,OECD coicop1999
FRA,restaurants_hotels,2018-12-01,104.99,2015,OECD coicop1999
FRA,restaurants_hotels,2019-01-01,105.77,2015,OECD coicop1999
FRA,restaurants_hotels,2019-02-01,105.16,2015,OECD coicop1999
FRA,restaurants_hotels,2019-03-01,105.83,2015,OECD coicop1999
FRA,restaurants_hotels,2019-04-01,105.72,2015,OECD coicop1999
FRA,restaurants_hotels,2019-05-01,106.04,2015,OECD coicop1999
FRA,restaurants_hotels,2019-06-01,107.32,2015,OECD coicop1999
FRA,restaurants_hotels,2019-07-01,110.03,2015,OECD coicop1999
FRA,restaurants_hotels,2019-08-01,111.71,2015,OECD coicop1999
FRA,restaurants_hotels,2019-09-01,107.75,2015,OECD coicop1999
FRA,restaurants_hotels,2019-10-01,106.93,2015,OECD coicop1999
FRA,restaurants_hotels,2019-11-01,106.27,2015,OECD coicop1999
FRA,restaurants_hotels,2019-12-01,106.62,2015,OECD coicop1999
FRA,restaurants_hotels,2020-01-01,107.52,2015,OECD coicop1999
FRA,restaurants_hotels,2020-02-01,107.05,2015,OECD coicop1999
FRA,restaurants_hotels,2020-03-01,107.38,2015,OECD coicop1999
FRA,restaurants_hotels,2020-04-01,106.44,2015,OECD coicop1999
FRA,restaurants_hotels,2020-05-01,107.23,2015,OECD coicop1999
FRA,restaurants_hotels,2020-06-01,108.12,2015,OECD coicop1999
FRA,restaurants_hotels,2020-07-01,110.6,2015,OECD coicop1999
FRA,restaurants_hotels,2020-08-01,113.33,2015,OECD coicop1999
FRA,restaurants_hotels,2020-09-01,108.06,2015,OECD coicop1999
FRA,restaurants_hotels,2020-10-01,107.21,2015,OECD coicop1999
FRA,restaurants_hotels,2020-11-01,106.81,2015,OECD coicop1999
FRA,restaurants_hotels,2020-12-01,106.73,2015,OECD coicop1999
FRA,restaurants_hotels,2021-01-01,107.3,2015,OECD coicop1999
FRA,restaurants_hotels,2021-02-01,107.01,2015,OECD coicop1999
FRA,restaurants_hotels,2021-03-01,107.86,2015,OECD coicop1999
FRA,restaurants_hotels,2021-04-01,107.33,2015,OECD coicop1999
FRA,restaurants_hotels,2021-05-01,107.21,2015,OECD coicop1999
FRA,restaurants_hotels,2021-06-01,108.37,2015,OECD coicop1999
FRA,restaurants_hotels,2021-07-01,110.94,2015,OECD coicop1999
FRA,restaurants_hotels,2021-08-01,113.93,2015,OECD coicop1999
FRA,restaurants_hotels,2021-09-01,110.01,2015,OECD coicop1999
FRA,restaurants_hotels,2021-10-01,109.17,2015,OECD coicop1999
FRA,restaurants_hotels,2021-11-01,109.06,2015,OECD coicop1999
FRA,restaurants_hotels,2021-12-01,109.24,2015,OECD coicop1999
FRA,restaurants_hotels,2022-01-01,110.08,2015,OECD coicop1999
FRA,restaurants_hotels,2022-02-01,110.46,2015,OECD coicop1999
FRA,restaurants_hotels,2022-03-01,111.45,2015,OECD coicop1999
FRA,restaurants_hotels,2022-04-01,110.96,2015,OECD coicop1999
FRA,restaurants_hotels,2022-05-01,112.72,2015,OECD coicop1999
FRA,restaurants_hotels,2022-06-01,114.25,2015,OECD coicop1999
FRA,restaurants_hotels,2022-07-01,118.88,2015,OECD coicop1999
FRA,restaurants_hotels,2022-08-01,120.65,2015,OECD coicop1999
FRA,restaurants_hotels,2022-09-01,114.92,2015,OECD coicop1999
FRA,restaurants_hotels,2022-10-01,114.6,2015,OECD coicop1999
FRA,restaurants_hotels,2022-11-01,114.53,2015,OECD coicop1999
FRA,restaurants_hotels,2022-12-01,114.78,2015,OECD coicop1999
FRA,restaurants_hotels,2023-01-01,115.23,2015,OECD coicop1999
FRA,restaurants_hotels,2023-02-01,115.99,2015,OECD coicop1999
FRA,restaurants_hotels,2023-03-01,116.73,2015,OECD coicop1999
FRA,restaurants_hotels,2023-04-01,117.78,2015,OECD coicop1999
FRA,restaurants_hotels,2023-05-01,119.05,2015,OECD coicop1999
FRA,restaurants_hotels,2023-06-01,120.63,2015,OECD coicop1999
FRA,restaurants_hotels,2023-07-01,124.57,2015,OECD coicop1999
FRA,restaurants_hotels,2023-08-01,126.26,2015,OECD coicop1999
FRA,restaurants_hotels,2023-09-01,121.22,2015,OECD coicop1999
FRA,restaurants_hotels,2023-10-01,120.84,2015,OECD coicop1999
FRA,restaurants_hotels,2023-11-01,119.65,2015,OECD coicop1999
FRA,restaurants_hotels,2023-12-01,119.39,2015,OECD coicop1999
FRA,restaurants_hotels,2024-01-01,119.78,2015,OECD coicop1999
FRA,restaurants_hotels,2024-02-01,120.31,2015,OECD coicop1999
FRA,restaurants_hotels,2024-03-01,120.51,2015,OECD coicop1999
FRA,restaurants_hotels,2024-04-01,121.69,2015,OECD coicop1999
FRA,restaurants_hotels,2024-05-01,122.65,2015,OECD coicop1999
FRA,restaurants_hotels,2024-06-01,123.99,2015,OECD coicop1999
FRA,restaurants_hotels,2024-07-01,127.86,2015,OECD coicop1999
FRA,restaurants_hotels,2024-08-01,130.31,2015,OECD coicop1999
FRA,restaurants_hotels,2024-09-01,124.55,2015,OECD coicop1999
FRA,restaurants_hotels,2024-10-01,124.09,2015,OECD coicop1999
FRA,restaurants_hotels,2024-11-01,123.03,2015,OECD coicop1999
FRA,restaurants_hotels,2024-12-01,123.13,2015,OECD coicop1999
FRA,restaurants_hotels,2025-01-01,123.2,2015,OECD coicop1999
FRA,restaurants_hotels,2025-02-01,123.87,2015,OECD coicop1999
FRA,restaurants_hotels,2025-03-01,124.0,2015,OECD coicop1999
FRA,restaurants_hotels,2025-04-01,124.04,2015,OECD coicop1999
FRA,restaurants_hotels,2025-05-01,125.09,2015,OECD coicop1999
FRA,restaurants_hotels,2025-06-01,127.47,2015,OECD coicop1999
FRA,restaurants_hotels,2025-07-01,130.9,2015,OECD coicop1999
FRA,restaurants_hotels,2025-08-01,133.4,2015,OECD coicop1999
FRA,restaurants_hotels,2025-09-01,127.33,2015,OECD coicop1999
FRA,restaurants_hotels,2025-10-01,126.82,2015,OECD coicop1999
FRA,restaurants_hotels,2025-11-01,125.33,2015,OECD coicop1999
FRA,restaurants_hotels,2025-12-01,125.61,2015,OECD coicop1999
GBR,all_items,2014-01-01,98.7,2015,OECD coicop1999
GBR,all_items,2014-02-01,99.1,2015,OECD coicop1999
GBR,all_items,2014-03-01,99.3,2015,OECD coicop1999
GBR,all_items,2014-04-01,99.6,2015,OECD coicop1999
GBR,all_items,2014-05-01,99.6,2015,OECD coicop1999
GBR,all_items,2014-06-01,99.8,2015,OECD coicop1999
GBR,all_items,2014-07-01,99.6,2015,OECD coicop1999
GBR,all_items,2014-08-01,99.9,2015,OECD coicop1999
GBR,all_items,2014-09-01,100.0,2015,OECD coicop1999
GBR,all_items,2014-10-01,100.1,2015,OECD coicop1999
GBR,all_items,2014-11-01,99.9,2015,OECD coicop1999
GBR,all_items,2014-12-01,99.9,2015,OECD coicop1999
GBR,all_items,2015-01-01,99.2,2015,OECD coicop1999
GBR,all_items,2015-02-01,99.5,2015,OECD coicop1999
GBR,all_items,2015-03-01,99.6,2015,OECD coicop1999
GBR,all_items,2015-04-01,99.9,2015,OECD coicop1999
GBR,all_items,2015-05-01,100.1,2015,OECD coicop1999
GBR,all_items,2015-06-01,100.1,2015,OECD coicop1999
GBR,all_items,2015-07-01,100.0,2015,OECD coicop1999
GBR,all_items,2015-08-01,100.3,2015,OECD coicop1999
GBR,all_items,2015-09-01,100.2,2015,OECD coicop1999
GBR,all_items,2015-10-01,100.3,2015,OECD coicop1999
GBR,all_items,2015-11-01,100.3,2015,OECD coicop1999
GBR,all_items,2015-12-01,100.4,2015,OECD coicop1999
GBR,all_items,2016-01-01,99.9,2015,OECD coicop1999
GBR,all_items,2016-02-01,100.1,2015,OECD coicop1999
GBR,all_items,2016-03-01,100.4,2015,OECD coicop1999
GBR,all_items,2016-04-01,100.6,2015,OECD coicop1999
GBR,all_items,2016-05-01,100.8,2015,OECD coicop1999
GBR,all_items,2016-06-01,101.0,2015,OECD coicop1999
GBR,all_items,2016-07-01,100.9,2015,OECD coicop1999
GBR,all_items,2016-08-01,101.2,2015,OECD coicop1999
GBR,all_items,2016-09-01,101.5,2015,OECD coicop1999
GBR,all_items,2016-10-01,101.6,2015,OECD coicop1999
GBR,all_items,2016-11-01,101.8,2015,OECD coicop1999
GBR,all_items,2016-12-01,102.2,2015,OECD coicop1999
GBR,all_items,2017-01-01,101.8,2015,OECD coicop1999
GBR,all_items,2017-02-01,102.4,2015,OECD coicop1999
GBR,all_items,2017-03-01,102.7,2015,OECD coicop1999
GBR,all_items,2017-04-01,103.2,2015,OECD coicop1999
GBR,all_items,2017-05-01,103.5,2015,OECD coicop1999
GBR,all_items,2017-06-01,103.5,2015,OECD coicop1999
GBR,all_items,2017-07-01,103.5,2015,OECD coicop1999
GBR,all_items,2017-08-01,104.0,2015,OECD coicop1999
GBR,all_items,2017-09-01,104.3,2015,OECD coicop1999
GBR,all_items,2017-10-01,104.4,2015,OECD coicop1999
GBR,all_items,2017-11-01,104.7,2015,OECD coicop1999
GBR,all_items,2017-12-01,105.0,2015,OECD coicop1999
GBR,all_items,2018-01-01,104.5,2015,OECD coicop1999
GBR,all_items,2018-02-01,104.9,2015,OECD coicop1999
GBR,all_items,2018-03-01,105.1,2015,OECD coicop1999
GBR,all_items,2018-04-01,105.5,2015,OECD coicop1999
GBR,all_items,2018-05-01,105.9,2015,OECD coicop1999
GBR,all_items,2018-06-01,105.9,2015,OECD coicop1999
GBR,all_items,2018-07-01,105.9,2015,OECD coicop1999
GBR,all_items,2018-08-01,106.5,2015,OECD coicop1999
GBR,all_items,2018-09-01,106.6,2015,OECD coicop1999
GBR,all_items,2018-10-01,106.7,2015,OECD coicop1999
GBR,all_items,2018-11-01,106.9,2015,OECD coicop1999
GBR,all_items,2018-12-01,107.1,2015,OECD coicop1999
GBR,all_items,2019-01-01,106.4,2015,OECD coicop1999
GBR,all_items,2019-02-01,106.8,2015,OECD coicop1999
GBR,all_items,2019-03-01,107.0,2015,OECD coicop1999
GBR,all_items,2019-04-01,107.6,2015,OECD coicop1999
GBR,all_items,2019-05-01,107.9,2015,OECD coicop1999
GBR,all_items,2019-06-01,107.9,2015,OECD coicop1999
GBR,all_items,2019-07-01,108.0,2015,OECD coicop1999
GBR,all_items,2019-08-01,108.3,2015,OECD coicop1999
GBR,all_items,2019-09-01,108.4,2015,OECD coicop1999
GBR,all_items,2019-10-01,108.3,2015,OECD coicop1999
GBR,all_items,2019-11-01,108.5,2015,OECD coicop1999
GBR,all_items,2019-12-01,108.5,2015,OECD coicop1999
GBR,all_items,2020-01-01,108.3,2015,OECD coicop1999
GBR,all_items,2020-02-01,108.6,2015,OECD coicop1999
GBR,all_items,2020-03-01,108.6,2015,OECD coicop1999
GBR,all_items,2020-04-01,108.6,2015,OECD coicop1999
GBR,all_items,2020-05-01,108.6,2015,OECD coicop1999
GBR,all_items,2020-06-01,108.8,2015,OECD coicop1999
GBR,all_items,2020-07-01,109.2,2015,OECD coicop1999
GBR,all_items,2020-08-01,108.8,2015,OECD coicop1999
GBR,all_items,2020-09-01,109.2,2015,OECD coicop1999
GBR,all_items,2020-10-01,109.2,2015,OECD coicop1999
GBR,all_items,2020-11-01,109.1,2015,OECD coicop1999
GBR,all_items,2020-12-01,109.4,2015,OECD coicop1999
GBR,all_items,2021-01-01,109.3,2015,OECD coicop1999
GBR,all_items,2021-02-01,109.4,2015,OECD coicop1999
GBR,all_items,2021-03-01,109.7,2015,OECD coicop1999
GBR,all_items,2021-04-01,110.4,2015,OECD coicop1999
GBR,all_items,2021-05-01,111.0,2015,OECD coicop1999
GBR,all_items,2021-06-01,111.4,2015,OECD coicop1999
GBR,all_items,2021-07-01,111.4,2015,OECD coicop1999
GBR,all_items,2021-08-01,112.1,2015,OECD coicop1999
GBR,all_items,2021-09-01,112.4,2015,OECD coicop1999
GBR,all_items,2021-10-01,113.4,2015,OECD coicop1999
GBR,all_items,2021-11-01,114.1,2015,OECD coicop1999
GBR,all_items,2021-12-01,114.7,2015,OECD coicop1999
GBR,all_items,2022-01-01,114.6,2015,OECD coicop1999
GBR,all_items,2022-02-01,115.4,2015,OECD coicop1999
GBR,all_items,2022-03-01,116.5,2015,OECD coicop1999
GBR,all_items,2022-04-01,119.0,2015,OECD coicop1999
GBR,all_items,2022-05-01,119.7,2015,OECD coicop1999
GBR,all_items,2022-06-01,120.5,2015,OECD coicop1999
GBR,all_items,2022-07-01,121.2,2015,OECD coicop1999
GBR,all_items,2022-08-01,121.8,2015,OECD coicop1999
GBR,all_items,2022-09-01,122.3,2015,OECD coicop1999
GBR,all_items,2022-10-01,124.3,2015,OECD coicop1999
GBR,all_items,2022-11-01,124.8,2015,OECD coicop1999
GBR,all_items,2022-12-01,125.3,2015,OECD coicop1999
GBR,all_items,2023-01-01,124.8,2015,OECD coicop1999
GBR,all_items,2023-02-01,126.0,2015,OECD coicop1999
GBR,all_items,2023-03-01,126.8,2015,OECD coicop1999
GBR,all_items,2023-04-01,128.3,2015,OECD coicop1999
GBR,all_items,2023-05-01,129.1,2015,OECD coicop1999
GBR,all_items,2023-06-01,129.4,2015,OECD coicop1999
GBR,all_items,2023-07-01,129.0,2015,OECD coicop1999
GBR,all_items,2023-08-01,129.4,2015,OECD coicop1999
GBR,all_items,2023-09-01,130.1,2015,OECD coicop1999
GBR,all_items,2023-10-01,130.2,2015,OECD coicop1999
GBR,all_items,2023-11-01,130.0,2015,OECD coicop1999
GBR,all_items,2023-12-01,130.5,2015,OECD coicop1999
GBR,all_items,2024-01-01,130.0,2015,OECD coicop1999
GBR,all_items,2024-02-01,130.8,2015,OECD coicop1999
GBR,all_items,2024-03-01,131.6,2015,OECD coicop1999
GBR,all_items,2024-04-01,132.2,2015,OECD coicop1999
GBR,all_items,2024-05-01,132.7,2015,OECD coicop1999
GBR,all_items,2024-06-01,133.0,2015,OECD coicop1999
GBR,all_items,2024-07-01,132.9,2015,OECD coicop1999
GBR,all_items,2024-08-01,133.4,2015,OECD coicop1999
GBR,all_items,2024-09-01,133.5,2015,OECD coicop1999
GBR,all_items,2024-10-01,134.3,2015,OECD coicop1999
GBR,all_items,2024-11-01,134.6,2015,OECD coicop1999
GBR,all_items,2024-12-01,135.1,2015,OECD coicop1999
GBR,all_items,2025-01-01,135.1,2015,OECD coicop1999
GBR,all_items,2025-02-01,135.6,2015,OECD coicop1999
GBR,all_items,2025-03-01,136.1,2015,OECD coicop1999
GBR,all_items,2025-04-01,137.7,2015,OECD coicop1999
GBR,all_items,2025-05-01,138.0,2015,OECD coicop1999
GBR,all_items,2025-06-01,138.4,2015,OECD coicop1999
GBR,all_items,2025-07-01,138.5,2015,OECD coicop1999
GBR,all_items,2025-08-01,138.9,2015,OECD coicop1999
GBR,all_items,2025-09-01,138.9,2015,OECD coicop1999
GBR,all_items,2025-10-01,139.5,2015,OECD coicop1999
GBR,all_items,2025-11-01,139.4,2015,OECD coicop1999
GBR,all_items,2025-12-01,139.9,2015,OECD coicop1999
GBR,all_items,2026-01-01,139.4,2015,OECD coicop1999
GBR,all_items,2026-02-01,140.0,2015,OECD coicop1999
GBR,all_items,2026-03-01,140.8,2015,OECD coicop1999
GBR,all_items,2026-04-01,141.8,2015,OECD coicop1999
GBR,all_items,2026-05-01,142.1,2015,OECD coicop1999
GBR,all_items,2026-06-01,142.3,2015,OECD coicop1999
GBR,all_items,2026-07-01,142.7,2015,OECD coicop1999
GBR,energy,2014-01-01,104.5,2015,OECD coicop1999
GBR,energy,2014-02-01,104.7,2015,OECD coicop1999
GBR,energy,2014-03-01,104.3,2015,OECD coicop1999
GBR,energy,2014-04-01,103.7,2015,OECD coicop1999
GBR,energy,2014-05-01,103.6,2015,OECD coicop1999
GBR,energy,2014-06-01,103.5,2015,OECD coicop1999
GBR,energy,2014-07-01,103.5,2015,OECD coicop1999
GBR,energy,2014-08-01,103.5,2015,OECD coicop1999
GBR,energy,2014-09-01,103.4,2015,OECD coicop1999
GBR,energy,2014-10-01,103.2,2015,OECD coicop1999
GBR,energy,2014-11-01,103.2,2015,OECD coicop1999
GBR,energy,2014-12-01,102.8,2015,OECD coicop1999
GBR,energy,2015-01-01,102.2,2015,OECD coicop1999
GBR,energy,2015-02-01,102.0,2015,OECD coicop1999
GBR,energy,2015-03-01,100.6,2015,OECD coicop1999
GBR,energy,2015-04-01,100.5,2015,OECD coicop1999
GBR,energy,2015-05-01,100.2,2015,OECD coicop1999
GBR,energy,2015-06-01,100.1,2015,OECD coicop1999
GBR,energy,2015-07-01,100.0,2015,OECD coicop1999
GBR,energy,2015-08-01,99.7,2015,OECD coicop1999
GBR,energy,2015-09-01,98.7,2015,OECD coicop1999
GBR,energy,2015-10-01,98.8,2015,OECD coicop1999
GBR,energy,2015-11-01,98.7,2015,OECD coicop1999
GBR,energy,2015-12-01,98.5,2015,OECD coicop1999
GBR,energy,2016-01-01,98.2,2015,OECD coicop1999
GBR,energy,2016-02-01,97.7,2015,OECD coicop1999
GBR,energy,2016-03-01,96.9,2015,OECD coicop1999
GBR,energy,2016-04-01,96.3,2015,OECD coicop1999
GBR,energy,2016-05-01,96.5,2015,OECD coicop1999
GBR,energy,2016-06-01,96.8,2015,OECD coicop1999
GBR,energy,2016-07-01,96.8,2015,OECD coicop1999
GBR,energy,2016-08-01,96.7,2015,OECD coicop1999
GBR,energy,2016-09-01,96.9,2015,OECD coicop1999
GBR,energy,2016-10-01,97.6,2015,OECD coicop1999
GBR,energy,2016-11-01,97.4,2015,OECD coicop1999
GBR,energy,2016-12-01,97.8,2015,OECD coicop1999
GBR,energy,2017-01-01,97.9,2015,OECD coicop1999
GBR,energy,2017-02-01,97.8,2015,OECD coicop1999
GBR,energy,2017-03-01,98.1,2015,OECD coicop1999
GBR,energy,2017-04-01,99.1,2015,OECD coicop1999
GBR,energy,2017-05-01,101.0,2015,OECD coicop1999
GBR,energy,2017-06-01,100.9,2015,OECD coicop1999
GBR,energy,2017-07-01,101.7,2015,OECD coicop1999
GBR,energy,2017-08-01,101.9,2015,OECD coicop1999
GBR,energy,2017-09-01,102.0,2015,OECD coicop1999
GBR,energy,2017-10-01,103.3,2015,OECD coicop1999
GBR,energy,2017-11-01,103.6,2015,OECD coicop1999
GBR,energy,2017-12-01,103.9,2015,OECD coicop1999
GBR,energy,2018-01-01,104.0,2015,OECD coicop1999
GBR,energy,2018-02-01,104.0,2015,OECD coicop1999
GBR,energy,2018-03-01,104.2,2015,OECD coicop1999
GBR,energy,2018-04-01,104.8,2015,OECD coicop1999
GBR,energy,2018-05-01,104.9,2015,OECD coicop1999
GBR,energy,2018-06-01,107.1,2015,OECD coicop1999
GBR,energy,2018-07-01,108.5,2015,OECD coicop1999
GBR,energy,2018-08-01,108.6,2015,OECD coicop1999
GBR,energy,2018-09-01,110.3,2015,OECD coicop1999
GBR,energy,2018-10-01,112.7,2015,OECD coicop1999
GBR,energy,2018-11-01,112.5,2015,OECD coicop1999
GBR,energy,2018-12-01,112.3,2015,OECD coicop1999
GBR,energy,2019-01-01,105.4,2015,OECD coicop1999
GBR,energy,2019-02-01,105.6,2015,OECD coicop1999
GBR,energy,2019-03-01,105.6,2015,OECD coicop1999
GBR,energy,2019-04-01,115.5,2015,OECD coicop1999
GBR,energy,2019-05-01,115.6,2015,OECD coicop1999
GBR,energy,2019-06-01,115.5,2015,OECD coicop1999
GBR,energy,2019-07-01,115.4,2015,OECD coicop1999
GBR,energy,2019-08-01,115.5,2015,OECD coicop1999
GBR,energy,2019-09-01,115.5,2015,OECD coicop1999
GBR,energy,2019-10-01,110.4,2015,OECD coicop1999
GBR,energy,2019-11-01,110.4,2015,OECD coicop1999
GBR,energy,2019-12-01,110.4,2015,OECD coicop1999
GBR,energy,2020-01-01,110.5,2015,OECD coicop1999
GBR,energy,2020-02-01,110.1,2015,OECD coicop1999
GBR,energy,2020-03-01,109.5,2015,OECD coicop1999
GBR,energy,2020-04-01,107.5,2015,OECD coicop1999
GBR,energy,2020-05-01,107.3,2015,OECD coicop1999
GBR,energy,2020-06-01,107.7,2015,OECD coicop1999
GBR,energy,2020-07-01,107.7,2015,OECD coicop1999
GBR,energy,2020-08-01,107.6,2015,OECD coicop1999
GBR,energy,2020-09-01,107.6,2015,OECD coicop1999
GBR,energy,2020-10-01,100.9,2015,OECD coicop1999
GBR,energy,2020-11-01,100.8,2015,OECD coicop1999
GBR,energy,2020-12-01,101.2,2015,OECD coicop1999
GBR,energy,2021-01-01,101.5,2015,OECD coicop1999
GBR,energy,2021-02-01,101.8,2015,OECD coicop1999
GBR,energy,2021-03-01,101.9,2015,OECD coicop1999
GBR,energy,2021-04-01,110.4,2015,OECD coicop1999
GBR,energy,2021-05-01,110.6,2015,OECD coicop1999
GBR,energy,2021-06-01,110.8,2015,OECD coicop1999
GBR,energy,2021-07-01,110.9,2015,OECD coicop1999
GBR,energy,2021-08-01,110.8,2015,OECD coicop1999
GBR,energy,2021-09-01,111.0,2015,OECD coicop1999
GBR,energy,2021-10-01,124.1,2015,OECD coicop1999
GBR,energy,2021-11-01,124.3,2015,OECD coicop1999
GBR,energy,2021-12-01,124.2,2015,OECD coicop1999
GBR,energy,2022-01-01,124.7,2015,OECD coicop1999
GBR,energy,2022-02-01,125.3,2015,OECD coicop1999
GBR,energy,2022-03-01,127.6,2015,OECD coicop1999
GBR,energy,2022-04-01,186.9,2015,OECD coicop1999
GBR,energy,2022-05-01,187.6,2015,OECD coicop1999
GBR,energy,2022-06-01,188.3,2015,OECD coicop1999
GBR,energy,2022-07-01,188.5,2015,OECD coicop1999
GBR,energy,2022-08-01,187.6,2015,OECD coicop1999
GBR,energy,2022-09-01,188.6,2015,OECD coicop1999
GBR,energy,2022-10-01,234.4,2015,OECD coicop1999
GBR,energy,2022-11-01,233.9,2015,OECD coicop1999
GBR,energy,2022-12-01,233.3,2015,OECD coicop1999
GBR,energy,2023-01-01,235.1,2015,OECD coicop1999
GBR,energy,2023-02-01,234.9,2015,OECD coicop1999
GBR,energy,2023-03-01,234.4,2015,OECD coicop1999
GBR,energy,2023-04-01,231.5,2015,OECD coicop1999
GBR,energy,2023-05-01,231.1,2015,OECD coicop1999
GBR,energy,2023-06-01,230.8,2015,OECD coicop1999
GBR,energy,2023-07-01,196.0,2015,OECD coicop1999
GBR,energy,2023-08-01,196.7,2015,OECD coicop1999
GBR,energy,2023-09-01,197.1,2015,OECD coicop1999
GBR,energy,2023-10-01,183.5,2015,OECD coicop1999
GBR,energy,2023-11-01,183.2,2015,OECD coicop1999
GBR,energy,2023-12-01,183.0,2015,OECD coicop1999
GBR,energy,2024-01-01,191.9,2015,OECD coicop1999
GBR,energy,2024-02-01,192.1,2015,OECD coicop1999
GBR,energy,2024-03-01,191.8,2015,OECD coicop1999
GBR,energy,2024-04-01,168.8,2015,OECD coicop1999
GBR,energy,2024-05-01,168.5,2015,OECD coicop1999
GBR,energy,2024-06-01,168.2,2015,OECD coicop1999
GBR,energy,2024-07-01,156.8,2015,OECD coicop1999
GBR,energy,2024-08-01,156.5,2015,OECD coicop1999
GBR,energy,2024-09-01,156.3,2015,OECD coicop1999
GBR,energy,2024-10-01,170.4,2015,OECD coicop1999
GBR,energy,2024-11-01,170.3,2015,OECD coicop1999
GBR,energy,2024-12-01,170.4,2015,OECD coicop1999
GBR,energy,2025-01-01,172.9,2015,OECD coicop1999
GBR,energy,2025-02-01,172.8,2015,OECD coicop1999
GBR,energy,2025-03-01,172.5,2015,OECD coicop1999
GBR,energy,2025-04-01,180.0,2015,OECD coicop1999
GBR,energy,2025-05-01,179.8,2015,OECD coicop1999
GBR,energy,2025-06-01,179.7,2015,OECD coicop1999
GBR,energy,2025-07-01,171.2,2015,OECD coicop1999
GBR,energy,2025-08-01,171.1,2015,OECD coicop1999
GBR,energy,2025-09-01,170.9,2015,OECD coicop1999
GBR,energy,2025-10-01,174.2,2015,OECD coicop1999
GBR,energy,2025-11-01,174.6,2015,OECD coicop1999
GBR,energy,2025-12-01,174.6,2015,OECD coicop1999
GBR,energy,2026-01-01,176.5,2015,OECD coicop1999
GBR,energy,2026-02-01,176.4,2015,OECD coicop1999
GBR,energy,2026-03-01,181.0,2015,OECD coicop1999
GBR,energy,2026-04-01,169.7,2015,OECD coicop1999
GBR,energy,2026-05-01,168.7,2015,OECD coicop1999
GBR,energy,2026-06-01,167.9,2015,OECD coicop1999
GBR,energy,2026-07-01,179.7,2015,OECD coicop1999
GBR,food,2014-01-01,103.9,2015,OECD coicop1999
GBR,food,2014-02-01,104.4,2015,OECD coicop1999
GBR,food,2014-03-01,103.9,2015,OECD coicop1999
GBR,food,2014-04-01,103.4,2015,OECD coicop1999
GBR,food,2014-05-01,102.2,2015,OECD coicop1999
GBR,food,2014-06-01,102.4,2015,OECD coicop1999
GBR,food,2014-07-01,102.2,2015,OECD coicop1999
GBR,food,2014-08-01,102.0,2015,OECD coicop1999
GBR,food,2014-09-01,101.8,2015,OECD coicop1999
GBR,food,2014-10-01,101.9,2015,OECD coicop1999
GBR,food,2014-11-01,101.7,2015,OECD coicop1999
GBR,food,2014-12-01,102.0,2015,OECD coicop1999
GBR,food,2015-01-01,101.3,2015,OECD coicop1999
GBR,food,2015-02-01,101.0,2015,OECD coicop1999
GBR,food,2015-03-01,100.9,2015,OECD coicop1999
GBR,food,2015-04-01,100.5,2015,OECD coicop1999
GBR,food,2015-05-01,100.4,2015,OECD coicop1999
GBR,food,2015-06-01,100.1,2015,OECD coicop1999
GBR,food,2015-07-01,99.5,2015,OECD coicop1999
GBR,food,2015-08-01,99.5,2015,OECD coicop1999
GBR,food,2015-09-01,99.5,2015,OECD coicop1999
GBR,food,2015-10-01,99.1,2015,OECD coicop1999
GBR,food,2015-11-01,99.2,2015,OECD coicop1999
GBR,food,2015-12-01,99.0,2015,OECD coicop1999
GBR,food,2016-01-01,98.7,2015,OECD coicop1999
GBR,food,2016-02-01,98.8,2015,OECD coicop1999
GBR,food,2016-03-01,98.1,2015,OECD coicop1999
GBR,food,2016-04-01,98.0,2015,OECD coicop1999
GBR,food,2016-05-01,97.6,2015,OECD coicop1999
GBR,food,2016-06-01,97.2,2015,OECD coicop1999
GBR,food,2016-07-01,96.9,2015,OECD coicop1999
GBR,food,2016-08-01,97.3,2015,OECD coicop1999
GBR,food,2016-09-01,97.2,2015,OECD coicop1999
GBR,food,2016-10-01,96.7,2015,OECD coicop1999
GBR,food,2016-11-01,97.1,2015,OECD coicop1999
GBR,food,2016-12-01,97.9,2015,OECD coicop1999
GBR,food,2017-01-01,98.2,2015,OECD coicop1999
GBR,food,2017-02-01,99.0,2015,OECD coicop1999
GBR,food,2017-03-01,99.3,2015,OECD coicop1999
GBR,food,2017-04-01,99.5,2015,OECD coicop1999
GBR,food,2017-05-01,99.6,2015,OECD coicop1999
GBR,food,2017-06-01,99.5,2015,OECD coicop1999
GBR,food,2017-07-01,99.4,2015,OECD coicop1999
GBR,food,2017-08-01,99.5,2015,OECD coicop1999
GBR,food,2017-09-01,100.3,2015,OECD coicop1999
GBR,food,2017-10-01,100.6,2015,OECD coicop1999
GBR,food,2017-11-01,101.1,2015,OECD coicop1999
GBR,food,2017-12-01,101.9,2015,OECD coicop1999
GBR,food,2018-01-01,101.8,2015,OECD coicop1999
GBR,food,2018-02-01,101.9,2015,OECD coicop1999
GBR,food,2018-03-01,102.3,2015,OECD coicop1999
GBR,food,2018-04-01,102.2,2015,OECD coicop1999
GBR,food,2018-05-01,101.9,2015,OECD coicop1999
GBR,food,2018-06-01,101.5,2015,OECD coicop1999
GBR,food,2018-07-01,101.7,2015,OECD coicop1999
GBR,food,2018-08-01,101.9,2015,OECD coicop1999
GBR,food,2018-09-01,101.8,2015,OECD coicop1999
GBR,food,2018-10-01,101.5,2015,OECD coicop1999
GBR,food,2018-11-01,101.7,2015,OECD coicop1999
GBR,food,2018-12-01,102.6,2015,OECD coicop1999
GBR,food,2019-01-01,102.7,2015,OECD coicop1999
GBR,food,2019-02-01,103.1,2015,OECD coicop1999
GBR,food,2019-03-01,103.2,2015,OECD coicop1999
GBR,food,2019-04-01,102.9,2015,OECD coicop1999
GBR,food,2019-05-01,103.0,2015,OECD coicop1999
GBR,food,2019-06-01,103.2,2015,OECD coicop1999
GBR,food,2019-07-01,103.2,2015,OECD coicop1999
GBR,food,2019-08-01,103.8,2015,OECD coicop1999
GBR,food,2019-09-01,103.5,2015,OECD coicop1999
GBR,food,2019-10-01,102.9,2015,OECD coicop1999
GBR,food,2019-11-01,103.8,2015,OECD coicop1999
GBR,food,2019-12-01,104.3,2015,OECD coicop1999
GBR,food,2020-01-01,104.2,2015,OECD coicop1999
GBR,food,2020-02-01,104.4,2015,OECD coicop1999
GBR,food,2020-03-01,104.6,2015,OECD coicop1999
GBR,food,2020-04-01,104.4,2015,OECD coicop1999
GBR,food,2020-05-01,105.0,2015,OECD coicop1999
GBR,food,2020-06-01,104.4,2015,OECD coicop1999
GBR,food,2020-07-01,104.1,2015,OECD coicop1999
GBR,food,2020-08-01,104.2,2015,OECD coicop1999
GBR,food,2020-09-01,103.5,2015,OECD coicop1999
GBR,food,2020-10-01,103.5,2015,OECD coicop1999
GBR,food,2020-11-01,103.3,2015,OECD coicop1999
GBR,food,2020-12-01,102.9,2015,OECD coicop1999
GBR,food,2021-01-01,103.5,2015,OECD coicop1999
GBR,food,2021-02-01,103.8,2015,OECD coicop1999
GBR,food,2021-03-01,103.1,2015,OECD coicop1999
GBR,food,2021-04-01,103.9,2015,OECD coicop1999
GBR,food,2021-05-01,103.6,2015,OECD coicop1999
GBR,food,2021-06-01,103.8,2015,OECD coicop1999
GBR,food,2021-07-01,103.4,2015,OECD coicop1999
GBR,food,2021-08-01,104.6,2015,OECD coicop1999
GBR,food,2021-09-01,104.4,2015,OECD coicop1999
GBR,food,2021-10-01,104.9,2015,OECD coicop1999
GBR,food,2021-11-01,105.9,2015,OECD coicop1999
GBR,food,2021-12-01,107.3,2015,OECD coicop1999
GBR,food,2022-01-01,108.0,2015,OECD coicop1999
GBR,food,2022-02-01,109.0,2015,OECD coicop1999
GBR,food,2022-03-01,109.3,2015,OECD coicop1999
GBR,food,2022-04-01,110.9,2015,OECD coicop1999
GBR,food,2022-05-01,112.6,2015,OECD coicop1999
GBR,food,2022-06-01,114.0,2015,OECD coicop1999
GBR,food,2022-07-01,116.6,2015,OECD coicop1999
GBR,food,2022-08-01,118.3,2015,OECD coicop1999
GBR,food,2022-09-01,119.6,2015,OECD coicop1999
GBR,food,2022-10-01,122.0,2015,OECD coicop1999
GBR,food,2022-11-01,123.4,2015,OECD coicop1999
GBR,food,2022-12-01,125.4,2015,OECD coicop1999
GBR,food,2023-01-01,126.1,2015,OECD coicop1999
GBR,food,2023-02-01,128.8,2015,OECD coicop1999
GBR,food,2023-03-01,130.2,2015,OECD coicop1999
GBR,food,2023-04-01,132.1,2015,OECD coicop1999
GBR,food,2023-05-01,133.3,2015,OECD coicop1999
GBR,food,2023-06-01,133.8,2015,OECD coicop1999
GBR,food,2023-07-01,133.9,2015,OECD coicop1999
GBR,food,2023-08-01,134.4,2015,OECD coicop1999
GBR,food,2023-09-01,134.2,2015,OECD coicop1999
GBR,food,2023-10-01,134.4,2015,OECD coicop1999
GBR,food,2023-11-01,134.8,2015,OECD coicop1999
GBR,food,2023-12-01,135.5,2015,OECD coicop1999
GBR,food,2024-01-01,134.9,2015,OECD coicop1999
GBR,food,2024-02-01,135.2,2015,OECD coicop1999
GBR,food,2024-03-01,135.5,2015,OECD coicop1999
GBR,food,2024-04-01,135.9,2015,OECD coicop1999
GBR,food,2024-05-01,135.6,2015,OECD coicop1999
GBR,food,2024-06-01,135.8,2015,OECD coicop1999
GBR,food,2024-07-01,135.9,2015,OECD coicop1999
GBR,food,2024-08-01,136.2,2015,OECD coicop1999
GBR,food,2024-09-01,136.7,2015,OECD coicop1999
GBR,food,2024-10-01,136.9,2015,OECD coicop1999
GBR,food,2024-11-01,137.5,2015,OECD coicop1999
GBR,food,2024-12-01,138.2,2015,OECD coicop1999
GBR,food,2025-01-01,139.4,2015,OECD coicop1999
GBR,food,2025-02-01,139.7,2015,OECD coicop1999
GBR,food,2025-03-01,139.6,2015,OECD coicop1999
GBR,food,2025-04-01,140.6,2015,OECD coicop1999
GBR,food,2025-05-01,141.6,2015,OECD coicop1999
GBR,food,2025-06-01,142.0,2015,OECD coicop1999
GBR,food,2025-07-01,142.6,2015,OECD coicop1999
GBR,food,2025-08-01,143.2,2015,OECD coicop1999
GBR,food,2025-09-01,142.9,2015,OECD coicop1999
GBR,food,2025-10-01,143.6,2015,OECD coicop1999
GBR,food,2025-11-01,143.3,2015,OECD coicop1999
GBR,food,2025-12-01,144.4,2015,OECD coicop1999
GBR,food,2026-01-01,144.3,2015,OECD coicop1999
GBR,food,2026-02-01,144.3,2015,OECD coicop1999
GBR,food,2026-03-01,144.8,2015,OECD coicop1999
GBR,food,2026-04-01,144.9,2015,OECD coicop1999
GBR,food,2026-05-01,144.7,2015,OECD coicop1999
GBR,food,2026-06-01,144.4,2015,OECD coicop1999
GBR,food,2026-07-01,144.4,2015,OECD coicop1999
GBR,restaurants_hotels,2014-01-01,96.6,2015,OECD coicop1999
GBR,restaurants_hotels,2014-02-01,97.0,2015,OECD coicop1999
GBR,restaurants_hotels,2014-03-01,97.4,2015,OECD coicop1999
GBR,restaurants_hotels,2014-04-01,97.6,2015,OECD coicop1999
GBR,restaurants_hotels,2014-05-01,97.9,2015,OECD coicop1999
GBR,restaurants_hotels,2014-06-01,98.3,2015,OECD coicop1999
GBR,restaurants_hotels,2014-07-01,98.7,2015,OECD coicop1999
GBR,restaurants_hotels,2014-08-01,98.5,2015,OECD coicop1999
GBR,restaurants_hotels,2014-09-01,98.7,2015,OECD coicop1999
GBR,restaurants_hotels,2014-10-01,99.0,2015,OECD coicop1999
GBR,restaurants_hotels,2014-11-01,99.0,2015,OECD coicop1999
GBR,restaurants_hotels,2014-12-01,99.0,2015,OECD coicop1999
GBR,restaurants_hotels,2015-01-01,98.9,2015,OECD coicop1999
GBR,restaurants_hotels,2015-02-01,99.1,2015,OECD coicop1999
GBR,restaurants_hotels,2015-03-01,99.3,2015,OECD coicop1999
GBR,restaurants_hotels,2015-04-01,99.6,2015,OECD coicop1999
GBR,restaurants_hotels,2015-05-01,99.8,2015,OECD coicop1999
GBR,restaurants_hotels,2015-06-01,100.2,2015,OECD coicop1999
GBR,restaurants_hotels,2015-07-01,100.3,2015,OECD coicop1999
GBR,restaurants_hotels,2015-08-01,100.3,2015,OECD coicop1999
GBR,restaurants_hotels,2015-09-01,100.5,2015,OECD coicop1999
GBR,restaurants_hotels,2015-10-01,100.6,2015,OECD coicop1999
GBR,restaurants_hotels,2015-11-01,100.8,2015,OECD coicop1999
GBR,restaurants_hotels,2015-12-01,100.7,2015,OECD coicop1999
GBR,restaurants_hotels,2016-01-01,100.4,2015,OECD coicop1999
GBR,restaurants_hotels,2016-02-01,100.9,2015,OECD coicop1999
GBR,restaurants_hotels,2016-03-01,101.4,2015,OECD coicop1999
GBR,restaurants_hotels,2016-04-01,101.9,2015,OECD coicop1999
GBR,restaurants_hotels,2016-05-01,102.4,2015,OECD coicop1999
GBR,restaurants_hotels,2016-06-01,102.5,2015,OECD coicop1999
GBR,restaurants_hotels,2016-07-01,103.0,2015,OECD coicop1999
GBR,restaurants_hotels,2016-08-01,102.6,2015,OECD coicop1999
GBR,restaurants_hotels,2016-09-01,103.4,2015,OECD coicop1999
GBR,restaurants_hotels,2016-10-01,103.2,2015,OECD coicop1999
GBR,restaurants_hotels,2016-11-01,103.4,2015,OECD coicop1999
GBR,restaurants_hotels,2016-12-01,103.5,2015,OECD coicop1999
GBR,restaurants_hotels,2017-01-01,103.4,2015,OECD coicop1999
GBR,restaurants_hotels,2017-02-01,104.1,2015,OECD coicop1999
GBR,restaurants_hotels,2017-03-01,104.4,2015,OECD coicop1999
GBR,restaurants_hotels,2017-04-01,105.0,2015,OECD coicop1999
GBR,restaurants_hotels,2017-05-01,105.6,2015,OECD coicop1999
GBR,restaurants_hotels,2017-06-01,105.9,2015,OECD coicop1999
GBR,restaurants_hotels,2017-07-01,106.2,2015,OECD coicop1999
GBR,restaurants_hotels,2017-08-01,106.2,2015,OECD coicop1999
GBR,restaurants_hotels,2017-09-01,106.6,2015,OECD coicop1999
GBR,restaurants_hotels,2017-10-01,106.5,2015,OECD coicop1999
GBR,restaurants_hotels,2017-11-01,106.8,2015,OECD coicop1999
GBR,restaurants_hotels,2017-12-01,106.7,2015,OECD coicop1999
GBR,restaurants_hotels,2018-01-01,106.6,2015,OECD coicop1999
GBR,restaurants_hotels,2018-02-01,106.7,2015,OECD coicop1999
GBR,restaurants_hotels,2018-03-01,107.1,2015,OECD coicop1999
GBR,restaurants_hotels,2018-04-01,107.9,2015,OECD coicop1999
GBR,restaurants_hotels,2018-05-01,108.3,2015,OECD coicop1999
GBR,restaurants_hotels,2018-06-01,108.6,2015,OECD coicop1999
GBR,restaurants_hotels,2018-07-01,108.8,2015,OECD coicop1999
GBR,restaurants_hotels,2018-08-01,108.9,2015,OECD coicop1999
GBR,restaurants_hotels,2018-09-01,109.2,2015,OECD coicop1999
GBR,restaurants_hotels,2018-10-01,109.1,2015,OECD coicop1999
GBR,restaurants_hotels,2018-11-01,109.7,2015,OECD coicop1999
GBR,restaurants_hotels,2018-12-01,110.0,2015,OECD coicop1999
GBR,restaurants_hotels,2019-01-01,109.3,2015,OECD coicop1999
GBR,restaurants_hotels,2019-02-01,109.5,2015,OECD coicop1999
GBR,restaurants_hotels,2019-03-01,110.0,2015,OECD coicop1999
GBR,restaurants_hotels,2019-04-01,110.5,2015,OECD coicop1999
GBR,restaurants_hotels,2019-05-01,111.4,2015,OECD coicop1999
GBR,restaurants_hotels,2019-06-01,111.3,2015,OECD coicop1999
GBR,restaurants_hotels,2019-07-01,112.2,2015,OECD coicop1999
GBR,restaurants_hotels,2019-08-01,111.9,2015,OECD coicop1999
GBR,restaurants_hotels,2019-09-01,112.8,2015,OECD coicop1999
GBR,restaurants_hotels,2019-10-01,112.5,2015,OECD coicop1999
GBR,restaurants_hotels,2019-11-01,112.3,2015,OECD coicop1999
GBR,restaurants_hotels,2019-12-01,111.8,2015,OECD coicop1999
GBR,restaurants_hotels,2020-01-01,111.7,2015,OECD coicop1999
GBR,restaurants_hotels,2020-02-01,112.3,2015,OECD coicop1999
GBR,restaurants_hotels,2020-03-01,112.4,2015,OECD coicop1999
GBR,restaurants_hotels,2020-04-01,113.1,2015,OECD coicop1999
GBR,restaurants_hotels,2020-05-01,113.6,2015,OECD coicop1999
GBR,restaurants_hotels,2020-06-01,113.2,2015,OECD coicop1999
GBR,restaurants_hotels,2020-07-01,114.1,2015,OECD coicop1999
GBR,restaurants_hotels,2020-08-01,108.8,2015,OECD coicop1999
GBR,restaurants_hotels,2020-09-01,112.0,2015,OECD coicop1999
GBR,restaurants_hotels,2020-10-01,111.9,2015,OECD coicop1999
GBR,restaurants_hotels,2020-11-01,112.8,2015,OECD coicop1999
GBR,restaurants_hotels,2020-12-01,111.9,2015,OECD coicop1999
GBR,restaurants_hotels,2021-01-01,112.9,2015,OECD coicop1999
GBR,restaurants_hotels,2021-02-01,113.3,2015,OECD coicop1999
GBR,restaurants_hotels,2021-03-01,113.5,2015,OECD coicop1999
GBR,restaurants_hotels,2021-04-01,114.3,2015,OECD coicop1999
GBR,restaurants_hotels,2021-05-01,115.7,2015,OECD coicop1999
GBR,restaurants_hotels,2021-06-01,116.1,2015,OECD coicop1999
GBR,restaurants_hotels,2021-07-01,116.6,2015,OECD coicop1999
GBR,restaurants_hotels,2021-08-01,118.1,2015,OECD coicop1999
GBR,restaurants_hotels,2021-09-01,117.7,2015,OECD coicop1999
GBR,restaurants_hotels,2021-10-01,119.0,2015,OECD coicop1999
GBR,restaurants_hotels,2021-11-01,118.7,2015,OECD coicop1999
GBR,restaurants_hotels,2021-12-01,118.6,2015,OECD coicop1999
GBR,restaurants_hotels,2022-01-01,118.2,2015,OECD coicop1999
GBR,restaurants_hotels,2022-02-01,119.0,2015,OECD coicop1999
GBR,restaurants_hotels,2022-03-01,121.3,2015,OECD coicop1999
GBR,restaurants_hotels,2022-04-01,123.4,2015,OECD coicop1999
GBR,restaurants_hotels,2022-05-01,124.5,2015,OECD coicop1999
GBR,restaurants_hotels,2022-06-01,126.0,2015,OECD coicop1999
GBR,restaurants_hotels,2022-07-01,127.1,2015,OECD coicop1999
GBR,restaurants_hotels,2022-08-01,128.4,2015,OECD coicop1999
GBR,restaurants_hotels,2022-09-01,129.1,2015,OECD coicop1999
GBR,restaurants_hotels,2022-10-01,130.4,2015,OECD coicop1999
GBR,restaurants_hotels,2022-11-01,130.9,2015,OECD coicop1999
GBR,restaurants_hotels,2022-12-01,132.1,2015,OECD coicop1999
GBR,restaurants_hotels,2023-01-01,130.9,2015,OECD coicop1999
GBR,restaurants_hotels,2023-02-01,133.4,2015,OECD coicop1999
GBR,restaurants_hotels,2023-03-01,135.1,2015,OECD coicop1999
GBR,restaurants_hotels,2023-04-01,136.0,2015,OECD coicop1999
GBR,restaurants_hotels,2023-05-01,137.3,2015,OECD coicop1999
GBR,restaurants_hotels,2023-06-01,138.0,2015,OECD coicop1999
GBR,restaurants_hotels,2023-07-01,139.3,2015,OECD coicop1999
GBR,restaurants_hotels,2023-08-01,139.1,2015,OECD coicop1999
GBR,restaurants_hotels,2023-09-01,140.3,2015,OECD coicop1999
GBR,restaurants_hotels,2023-10-01,140.3,2015,OECD coicop1999
GBR,restaurants_hotels,2023-11-01,140.8,2015,OECD coicop1999
GBR,restaurants_hotels,2023-12-01,141.4,2015,OECD coicop1999
GBR,restaurants_hotels,2024-01-01,140.1,2015,OECD coicop1999
GBR,restaurants_hotels,2024-02-01,141.5,2015,OECD coicop1999
GBR,restaurants_hotels,2024-03-01,143.0,2015,OECD coicop1999
GBR,restaurants_hotels,2024-04-01,144.3,2015,OECD coicop1999
GBR,restaurants_hotels,2024-05-01,145.3,2015,OECD coicop1999
GBR,restaurants_hotels,2024-06-01,146.7,2015,OECD coicop1999
GBR,restaurants_hotels,2024-07-01,146.1,2015,OECD coicop1999
GBR,restaurants_hotels,2024-08-01,145.2,2015,OECD coicop1999
GBR,restaurants_hotels,2024-09-01,146.0,2015,OECD coicop1999
GBR,restaurants_hotels,2024-10-01,146.3,2015,OECD coicop1999
GBR,restaurants_hotels,2024-11-01,146.4,2015,OECD coicop1999
GBR,restaurants_hotels,2024-12-01,146.2,2015,OECD coicop1999
GBR,restaurants_hotels,2025-01-01,144.8,2015,OECD coicop1999
GBR,restaurants_hotels,2025-02-01,146.4,2015,OECD coicop1999
GBR,restaurants_hotels,2025-03-01,147.3,2015,OECD coicop1999
GBR,restaurants_hotels,2025-04-01,148.2,2015,OECD coicop1999
GBR,restaurants_hotels,2025-05-01,149.3,2015,OECD coicop1999
GBR,restaurants_hotels,2025-06-01,150.5,2015,OECD coicop1999
GBR,restaurants_hotels,2025-07-01,151.0,2015,OECD coicop1999
GBR,restaurants_hotels,2025-08-01,150.7,2015,OECD coicop1999
GBR,restaurants_hotels,2025-09-01,151.8,2015,OECD coicop1999
GBR,restaurants_hotels,2025-10-01,151.8,2015,OECD coicop1999
GBR,restaurants_hotels,2025-11-01,151.5,2015,OECD coicop1999
GBR,restaurants_hotels,2025-12-01,151.8,2015,OECD coicop1999
GBR,restaurants_hotels,2026-01-01,150.7,2015,OECD coicop1999
GBR,restaurants_hotels,2026-02-01,152.2,2015,OECD coicop1999
GBR,restaurants_hotels,2026-03-01,153.2,2015,OECD coicop1999
GBR,restaurants_hotels,2026-04-01,154.7,2015,OECD coicop1999
GBR,restaurants_hotels,2026-05-01,155.6,2015,OECD coicop1999
GBR,restaurants_hotels,2026-06-01,157.1,2015,OECD coicop1999
GBR,restaurants_hotels,2026-07-01,157.1,2015,OECD coicop1999
JPN,all_items,2014-01-01,97.21721,2015,OECD coicop2018
JPN,all_items,2014-02-01,97.21721,2015,OECD coicop2018
JPN,all_items,2014-03-01,97.44515,2015,OECD coicop2018
JPN,all_items,2014-04-01,99.49663,2015,OECD coicop2018
JPN,all_items,2014-05-01,99.83854,2015,OECD coicop2018
JPN,all_items,2014-06-01,99.83854,2015,OECD coicop2018
JPN,all_items,2014-07-01,99.83854,2015,OECD coicop2018
JPN,all_items,2014-08-01,100.0665,2015,OECD coicop2018
JPN,all_items,2014-09-01,100.2944,2015,OECD coicop2018
JPN,all_items,2014-10-01,100.0665,2015,OECD coicop2018
JPN,all_items,2014-11-01,99.6106,2015,OECD coicop2018
JPN,all_items,2014-12-01,99.72457,2015,OECD coicop2018
JPN,all_items,2015-01-01,99.6106,2015,OECD coicop2018
JPN,all_items,2015-02-01,99.38266,2015,OECD coicop2018
JPN,all_items,2015-03-01,99.72457,2015,OECD coicop2018
JPN,all_items,2015-04-01,100.1805,2015,OECD coicop2018
JPN,all_items,2015-05-01,100.4084,2015,OECD coicop2018
JPN,all_items,2015-06-01,100.1805,2015,OECD coicop2018
JPN,all_items,2015-07-01,100.0665,2015,OECD coicop2018
JPN,all_items,2015-08-01,100.1805,2015,OECD coicop2018
JPN,all_items,2015-09-01,100.2944,2015,OECD coicop2018
JPN,all_items,2015-10-01,100.2944,2015,OECD coicop2018
JPN,all_items,2015-11-01,99.83854,2015,OECD coicop2018
JPN,all_items,2015-12-01,99.83854,2015,OECD coicop2018
JPN,all_items,2016-01-01,99.49663,2015,OECD coicop2018
JPN,all_items,2016-02-01,99.6106,2015,OECD coicop2018
JPN,all_items,2016-03-01,99.72457,2015,OECD coicop2018
JPN,all_items,2016-04-01,99.95251,2015,OECD coicop2018
JPN,all_items,2016-05-01,99.95251,2015,OECD coicop2018
JPN,all_items,2016-06-01,99.83854,2015,OECD coicop2018
JPN,all_items,2016-07-01,99.6106,2015,OECD coicop2018
JPN,all_items,2016-08-01,99.6106,2015,OECD coicop2018
JPN,all_items,2016-09-01,99.83854,2015,OECD coicop2018
JPN,all_items,2016-10-01,100.4084,2015,OECD coicop2018
JPN,all_items,2016-11-01,100.4084,2015,OECD coicop2018
JPN,all_items,2016-12-01,100.1805,2015,OECD coicop2018
JPN,all_items,2017-01-01,99.95251,2015,OECD coicop2018
JPN,all_items,2017-02-01,99.83854,2015,OECD coicop2018
JPN,all_items,2017-03-01,99.83854,2015,OECD coicop2018
JPN,all_items,2017-04-01,100.2944,2015,OECD coicop2018
JPN,all_items,2017-05-01,100.4084,2015,OECD coicop2018
JPN,all_items,2017-06-01,100.2944,2015,OECD coicop2018
JPN,all_items,2017-07-01,100.0665,2015,OECD coicop2018
JPN,all_items,2017-08-01,100.2944,2015,OECD coicop2018
JPN,all_items,2017-09-01,100.5224,2015,OECD coicop2018
JPN,all_items,2017-10-01,100.6363,2015,OECD coicop2018
JPN,all_items,2017-11-01,100.9782,2015,OECD coicop2018
JPN,all_items,2017-12-01,101.2062,2015,OECD coicop2018
JPN,all_items,2018-01-01,101.3202,2015,OECD coicop2018
JPN,all_items,2018-02-01,101.3202,2015,OECD coicop2018
JPN,all_items,2018-03-01,100.9782,2015,OECD coicop2018
JPN,all_items,2018-04-01,100.8643,2015,OECD coicop2018
JPN,all_items,2018-05-01,101.0922,2015,OECD coicop2018
JPN,all_items,2018-06-01,100.9782,2015,OECD coicop2018
JPN,all_items,2018-07-01,100.9782,2015,OECD coicop2018
JPN,all_items,2018-08-01,101.5481,2015,OECD coicop2018
JPN,all_items,2018-09-01,101.6621,2015,OECD coicop2018
JPN,all_items,2018-10-01,102.004,2015,OECD coicop2018
JPN,all_items,2018-11-01,101.776,2015,OECD coicop2018
JPN,all_items,2018-12-01,101.4341,2015,OECD coicop2018
JPN,all_items,2019-01-01,101.5481,2015,OECD coicop2018
JPN,all_items,2019-02-01,101.5481,2015,OECD coicop2018
JPN,all_items,2019-03-01,101.5481,2015,OECD coicop2018
JPN,all_items,2019-04-01,101.776,2015,OECD coicop2018
JPN,all_items,2019-05-01,101.776,2015,OECD coicop2018
JPN,all_items,2019-06-01,101.6621,2015,OECD coicop2018
JPN,all_items,2019-07-01,101.5481,2015,OECD coicop2018
JPN,all_items,2019-08-01,101.89,2015,OECD coicop2018
JPN,all_items,2019-09-01,101.89,2015,OECD coicop2018
JPN,all_items,2019-10-01,102.2319,2015,OECD coicop2018
JPN,all_items,2019-11-01,102.3459,2015,OECD coicop2018
JPN,all_items,2019-12-01,102.2319,2015,OECD coicop2018
JPN,all_items,2020-01-01,102.3459,2015,OECD coicop2018
JPN,all_items,2020-02-01,102.118,2015,OECD coicop2018
JPN,all_items,2020-03-01,102.118,2015,OECD coicop2018
JPN,all_items,2020-04-01,102.004,2015,OECD coicop2018
JPN,all_items,2020-05-01,102.004,2015,OECD coicop2018
JPN,all_items,2020-06-01,101.776,2015,OECD coicop2018
JPN,all_items,2020-07-01,101.776,2015,OECD coicop2018
JPN,all_items,2020-08-01,101.89,2015,OECD coicop2018
JPN,all_items,2020-09-01,101.6621,2015,OECD coicop2018
JPN,all_items,2020-10-01,101.6621,2015,OECD coicop2018
JPN,all_items,2020-11-01,101.3202,2015,OECD coicop2018
JPN,all_items,2020-12-01,101.0922,2015,OECD coicop2018
JPN,all_items,2021-01-01,101.6621,2015,OECD coicop2018
JPN,all_items,2021-02-01,101.5481,2015,OECD coicop2018
JPN,all_items,2021-03-01,101.6621,2015,OECD coicop2018
JPN,all_items,2021-04-01,100.8643,2015,OECD coicop2018
JPN,all_items,2021-05-01,101.2062,2015,OECD coicop2018
JPN,all_items,2021-06-01,101.3202,2015,OECD coicop2018
JPN,all_items,2021-07-01,101.5481,2015,OECD coicop2018
JPN,all_items,2021-08-01,101.5481,2015,OECD coicop2018
JPN,all_items,2021-09-01,101.89,2015,OECD coicop2018
JPN,all_items,2021-10-01,101.776,2015,OECD coicop2018
JPN,all_items,2021-11-01,101.89,2015,OECD coicop2018
JPN,all_items,2021-12-01,101.89,2015,OECD coicop2018
JPN,all_items,2022-01-01,102.118,2015,OECD coicop2018
JPN,all_items,2022-02-01,102.5738,2015,OECD coicop2018
JPN,all_items,2022-03-01,102.9158,2015,OECD coicop2018
JPN,all_items,2022-04-01,103.3716,2015,OECD coicop2018
JPN,all_items,2022-05-01,103.7136,2015,OECD coicop2018
JPN,all_items,2022-06-01,103.7136,2015,OECD coicop2018
JPN,all_items,2022-07-01,104.1694,2015,OECD coicop2018
JPN,all_items,2022-08-01,104.5114,2015,OECD coicop2018
JPN,all_items,2022-09-01,104.9672,2015,OECD coicop2018
JPN,all_items,2022-10-01,105.5371,2015,OECD coicop2018
JPN,all_items,2022-11-01,105.765,2015,OECD coicop2018
JPN,all_items,2022-12-01,105.993,2015,OECD coicop2018
JPN,all_items,2023-01-01,106.5628,2015,OECD coicop2018
JPN,all_items,2023-02-01,105.879,2015,OECD coicop2018
JPN,all_items,2023-03-01,106.3349,2015,OECD coicop2018
JPN,all_items,2023-04-01,106.9047,2015,OECD coicop2018
JPN,all_items,2023-05-01,107.0187,2015,OECD coicop2018
JPN,all_items,2023-06-01,107.1327,2015,OECD coicop2018
JPN,all_items,2023-07-01,107.5886,2015,OECD coicop2018
JPN,all_items,2023-08-01,107.8165,2015,OECD coicop2018
JPN,all_items,2023-09-01,108.1584,2015,OECD coicop2018
JPN,all_items,2023-10-01,109.0702,2015,OECD coicop2018
JPN,all_items,2023-11-01,108.8422,2015,OECD coicop2018
JPN,all_items,2023-12-01,108.7283,2015,OECD coicop2018
JPN,all_items,2024-01-01,108.8422,2015,OECD coicop2018
JPN,all_items,2024-02-01,108.8422,2015,OECD coicop2018
JPN,all_items,2024-03-01,109.1842,2015,OECD coicop2018
JPN,all_items,2024-04-01,109.64,2015,OECD coicop2018
JPN,all_items,2024-05-01,109.982,2015,OECD coicop2018
JPN,all_items,2024-06-01,110.0959,2015,OECD coicop2018
JPN,all_items,2024-07-01,110.5518,2015,OECD coicop2018
JPN,all_items,2024-08-01,111.1217,2015,OECD coicop2018
JPN,all_items,2024-09-01,110.8937,2015,OECD coicop2018
JPN,all_items,2024-10-01,111.5775,2015,OECD coicop2018
JPN,all_items,2024-11-01,112.0334,2015,OECD coicop2018
JPN,all_items,2024-12-01,112.7173,2015,OECD coicop2018
JPN,all_items,2025-01-01,113.1731,2015,OECD coicop2018
JPN,all_items,2025-02-01,112.7173,2015,OECD coicop2018
JPN,all_items,2025-03-01,113.0592,2015,OECD coicop2018
JPN,all_items,2025-04-01,113.629,2015,OECD coicop2018
JPN,all_items,2025-05-01,113.9709,2015,OECD coicop2018
JPN,all_items,2025-06-01,113.857,2015,OECD coicop2018
JPN,all_items,2025-07-01,114.0849,2015,OECD coicop2018
JPN,all_items,2025-08-01,114.3129,2015,OECD coicop2018
JPN,all_items,2025-09-01,114.0849,2015,OECD coicop2018
JPN,all_items,2025-10-01,114.7687,2015,OECD coicop2018
JPN,all_items,2025-11-01,115.1106,2015,OECD coicop2018
JPN,all_items,2025-12-01,114.9967,2015,OECD coicop2018
JPN,all_items,2026-01-01,114.8827,2015,OECD coicop2018
JPN,all_items,2026-02-01,114.1989,2015,OECD coicop2018
JPN,all_items,2026-03-01,114.6548,2015,OECD coicop2018
JPN,all_items,2026-04-01,115.1106,2015,OECD coicop2018
JPN,all_items,2026-05-01,115.6805,2015,OECD coicop2018
JPN,all_items,2026-06-01,115.7945,2015,OECD coicop2018
JPN,all_items,2026-07-01,116.2504,2015,OECD coicop2018
JPN,energy,2014-01-01,99.14613,2015,OECD coicop2018
JPN,energy,2014-02-01,99.43889,2015,OECD coicop2018
JPN,energy,2014-03-01,100.122,2015,OECD coicop2018
JPN,energy,2014-04-01,101.4882,2015,OECD coicop2018
JPN,energy,2014-05-01,105.9771,2015,OECD coicop2018
JPN,energy,2014-06-01,106.1722,2015,OECD coicop2018
JPN,energy,2014-07-01,106.0747,2015,OECD coicop2018
JPN,energy,2014-08-01,105.7819,2015,OECD coicop2018
JPN,energy,2014-09-01,105.4891,2015,OECD coicop2018
JPN,energy,2014-10-01,105.0012,2015,OECD coicop2018
JPN,energy,2014-11-01,104.7085,2015,OECD coicop2018
JPN,energy,2014-12-01,104.2205,2015,OECD coicop2018
JPN,energy,2015-01-01,103.2447,2015,OECD coicop2018
JPN,energy,2015-02-01,103.1471,2015,OECD coicop2018
JPN,energy,2015-03-01,104.0254,2015,OECD coicop2018
JPN,energy,2015-04-01,103.7326,2015,OECD coicop2018
JPN,energy,2015-05-01,103.8302,2015,OECD coicop2018
JPN,energy,2015-06-01,102.1713,2015,OECD coicop2018
JPN,energy,2015-07-01,99.73164,2015,OECD coicop2018
JPN,energy,2015-08-01,97.87753,2015,OECD coicop2018
JPN,energy,2015-09-01,95.82825,2015,OECD coicop2018
JPN,energy,2015-10-01,95.5355,2015,OECD coicop2018
JPN,energy,2015-11-01,95.5355,2015,OECD coicop2018
JPN,energy,2015-12-01,95.34032,2015,OECD coicop2018
JPN,energy,2016-01-01,94.46207,2015,OECD coicop2018
JPN,energy,2016-02-01,93.48621,2015,OECD coicop2018
JPN,energy,2016-03-01,92.60796,2015,OECD coicop2018
JPN,energy,2016-04-01,91.53452,2015,OECD coicop2018
JPN,energy,2016-05-01,91.82728,2015,OECD coicop2018
JPN,energy,2016-06-01,90.65626,2015,OECD coicop2018
JPN,energy,2016-07-01,89.68041,2015,OECD coicop2018
JPN,energy,2016-08-01,88.70456,2015,OECD coicop2018
JPN,energy,2016-09-01,88.02147,2015,OECD coicop2018
JPN,energy,2016-10-01,87.92388,2015,OECD coicop2018
JPN,energy,2016-11-01,88.21664,2015,OECD coicop2018
JPN,energy,2016-12-01,89.19249,2015,OECD coicop2018
JPN,energy,2017-01-01,90.07075,2015,OECD coicop2018
JPN,energy,2017-02-01,90.75385,2015,OECD coicop2018
JPN,energy,2017-03-01,91.53452,2015,OECD coicop2018
JPN,energy,2017-04-01,92.60796,2015,OECD coicop2018
JPN,energy,2017-05-01,94.36448,2015,OECD coicop2018
JPN,energy,2017-06-01,94.65723,2015,OECD coicop2018
JPN,energy,2017-07-01,94.65723,2015,OECD coicop2018
JPN,energy,2017-08-01,94.65723,2015,OECD coicop2018
JPN,energy,2017-09-01,94.8524,2015,OECD coicop2018
JPN,energy,2017-10-01,94.94999,2015,OECD coicop2018
JPN,energy,2017-11-01,95.04757,2015,OECD coicop2018
JPN,energy,2017-12-01,95.14516,2015,OECD coicop2018
JPN,energy,2018-01-01,95.34032,2015,OECD coicop2018
JPN,energy,2018-02-01,95.82825,2015,OECD coicop2018
JPN,energy,2018-03-01,96.21859,2015,OECD coicop2018
JPN,energy,2018-04-01,96.8041,2015,OECD coicop2018
JPN,energy,2018-05-01,97.97511,2015,OECD coicop2018
JPN,energy,2018-06-01,98.65821,2015,OECD coicop2018
JPN,energy,2018-07-01,98.36546,2015,OECD coicop2018
JPN,energy,2018-08-01,98.65821,2015,OECD coicop2018
JPN,energy,2018-09-01,99.3413,2015,OECD coicop2018
JPN,energy,2018-10-01,100.3172,2015,OECD coicop2018
JPN,energy,2018-11-01,101.0978,2015,OECD coicop2018
JPN,energy,2018-12-01,101.1954,2015,OECD coicop2018
JPN,energy,2019-01-01,101.5858,2015,OECD coicop2018
JPN,energy,2019-02-01,102.2688,2015,OECD coicop2018
JPN,energy,2019-03-01,102.5616,2015,OECD coicop2018
JPN,energy,2019-04-01,102.0737,2015,OECD coicop2018
JPN,energy,2019-05-01,101.8785,2015,OECD coicop2018
JPN,energy,2019-06-01,101.293,2015,OECD coicop2018
JPN,energy,2019-07-01,100.8051,2015,OECD coicop2018
JPN,energy,2019-08-01,100.2196,2015,OECD coicop2018
JPN,energy,2019-09-01,99.43889,2015,OECD coicop2018
JPN,energy,2019-10-01,99.24372,2015,OECD coicop2018
JPN,energy,2019-11-01,100.6099,2015,OECD coicop2018
JPN,energy,2019-12-01,100.4147,2015,OECD coicop2018
JPN,energy,2020-01-01,100.5123,2015,OECD coicop2018
JPN,energy,2020-02-01,100.2769,2015,OECD coicop2018
JPN,energy,2020-03-01,100.1592,2015,OECD coicop2018
JPN,energy,2020-04-01,99.21767,2015,OECD coicop2018
JPN,energy,2020-05-01,98.86458,2015,OECD coicop2018
JPN,energy,2020-06-01,98.74688,2015,OECD coicop2018
JPN,energy,2020-07-01,98.2761,2015,OECD coicop2018
JPN,energy,2020-08-01,97.80531,2015,OECD coicop2018
JPN,energy,2020-09-01,96.51066,2015,OECD coicop2018
JPN,energy,2020-10-01,94.98061,2015,OECD coicop2018
JPN,energy,2020-11-01,93.56826,2015,OECD coicop2018
JPN,energy,2020-12-01,92.509,2015,OECD coicop2018
JPN,energy,2021-01-01,92.15591,2015,OECD coicop2018
JPN,energy,2021-02-01,92.509,2015,OECD coicop2018
JPN,energy,2021-03-01,93.68596,2015,OECD coicop2018
JPN,energy,2021-04-01,95.3337,2015,OECD coicop2018
JPN,energy,2021-05-01,97.80531,2015,OECD coicop2018
JPN,energy,2021-06-01,98.62919,2015,OECD coicop2018
JPN,energy,2021-07-01,99.33536,2015,OECD coicop2018
JPN,energy,2021-08-01,99.33536,2015,OECD coicop2018
JPN,energy,2021-09-01,100.63,2015,OECD coicop2018
JPN,energy,2021-10-01,102.3955,2015,OECD coicop2018
JPN,energy,2021-11-01,104.3963,2015,OECD coicop2018
JPN,energy,2021-12-01,105.6909,2015,OECD coicop2018
JPN,energy,2022-01-01,107.221,2015,OECD coicop2018
JPN,energy,2022-02-01,110.8696,2015,OECD coicop2018
JPN,energy,2022-03-01,113.6943,2015,OECD coicop2018
JPN,energy,2022-04-01,114.8712,2015,OECD coicop2018
JPN,energy,2022-05-01,116.0482,2015,OECD coicop2018
JPN,energy,2022-06-01,116.519,2015,OECD coicop2018
JPN,energy,2022-07-01,118.6375,2015,OECD coicop2018
JPN,energy,2022-08-01,120.0498,2015,OECD coicop2018
JPN,energy,2022-09-01,121.4622,2015,OECD coicop2018
JPN,energy,2022-10-01,122.8745,2015,OECD coicop2018
JPN,energy,2022-11-01,124.2869,2015,OECD coicop2018
JPN,energy,2022-12-01,127.347,2015,OECD coicop2018
JPN,energy,2023-01-01,128.7593,2015,OECD coicop2018
JPN,energy,2023-02-01,110.8696,2015,OECD coicop2018
JPN,energy,2023-03-01,109.8103,2015,OECD coicop2018
JPN,energy,2023-04-01,109.2218,2015,OECD coicop2018
JPN,energy,2023-05-01,103.8078,2015,OECD coicop2018
JPN,energy,2023-06-01,106.7502,2015,OECD coicop2018
JPN,energy,2023-07-01,104.1609,2015,OECD coicop2018
JPN,energy,2023-08-01,101.1008,2015,OECD coicop2018
JPN,energy,2023-09-01,98.74688,2015,OECD coicop2018
JPN,energy,2023-10-01,106.6325,2015,OECD coicop2018
JPN,energy,2023-11-01,105.9263,2015,OECD coicop2018
JPN,energy,2023-12-01,105.8086,2015,OECD coicop2018
JPN,energy,2024-01-01,106.1617,2015,OECD coicop2018
JPN,energy,2024-02-01,106.2794,2015,OECD coicop2018
JPN,energy,2024-03-01,107.221,2015,OECD coicop2018
JPN,energy,2024-04-01,107.5741,2015,OECD coicop2018
JPN,energy,2024-05-01,112.3996,2015,OECD coicop2018
JPN,energy,2024-06-01,116.7544,2015,OECD coicop2018
JPN,energy,2024-07-01,120.8737,2015,OECD coicop2018
JPN,energy,2024-08-01,120.4029,2015,OECD coicop2018
JPN,energy,2024-09-01,109.5749,2015,OECD coicop2018
JPN,energy,2024-10-01,110.1634,2015,OECD coicop2018
JPN,energy,2024-11-01,114.4004,2015,OECD coicop2018
JPN,energy,2024-12-01,120.6383,2015,OECD coicop2018
JPN,energy,2025-01-01,120.756,2015,OECD coicop2018
JPN,energy,2025-02-01,113.9297,2015,OECD coicop2018
JPN,energy,2025-03-01,114.4004,2015,OECD coicop2018
JPN,energy,2025-04-01,118.7552,2015,OECD coicop2018
JPN,energy,2025-05-01,123.1099,2015,OECD coicop2018
JPN,energy,2025-06-01,122.4038,2015,OECD coicop2018
JPN,energy,2025-07-01,121.1091,2015,OECD coicop2018
JPN,energy,2025-08-01,114.5181,2015,OECD coicop2018
JPN,energy,2025-09-01,112.635,2015,OECD coicop2018
JPN,energy,2025-10-01,113.2235,2015,OECD coicop2018
JPN,energy,2025-11-01,118.8729,2015,OECD coicop2018
JPN,energy,2025-12-01,118.7552,2015,OECD coicop2018
JPN,energy,2026-01-01,118.6375,2015,OECD coicop2018
JPN,energy,2026-02-01,106.044,2015,OECD coicop2018
JPN,energy,2026-03-01,107.1033,2015,OECD coicop2018
JPN,energy,2026-04-01,116.519,2015,OECD coicop2018
JPN,energy,2026-05-01,121.6976,2015,OECD coicop2018
JPN,energy,2026-06-01,122.0507,2015,OECD coicop2018
JPN,energy,2026-07-01,122.7569,2015,OECD coicop2018
JPN,food,2014-01-01,95.00132,2015,OECD coicop2018
JPN,food,2014-02-01,94.68394,2015,OECD coicop2018
JPN,food,2014-03-01,94.57816,2015,OECD coicop2018
JPN,food,2014-04-01,96.90558,2015,OECD coicop2018
JPN,food,2014-05-01,97.01138,2015,OECD coicop2018
JPN,food,2014-06-01,96.79979,2015,OECD coicop2018
JPN,food,2014-07-01,96.69399,2015,OECD coicop2018
JPN,food,2014-08-01,97.43454,2015,OECD coicop2018
JPN,food,2014-09-01,98.91563,2015,OECD coicop2018
JPN,food,2014-10-01,97.11716,2015,OECD coicop2018
JPN,food,2014-11-01,96.16504,2015,OECD coicop2018
JPN,food,2014-12-01,97.32875,2015,OECD coicop2018
JPN,food,2015-01-01,99.23301,2015,OECD coicop2018
JPN,food,2015-02-01,98.70405,2015,OECD coicop2018
JPN,food,2015-03-01,98.70405,2015,OECD coicop2018
JPN,food,2015-04-01,99.86776,2015,OECD coicop2018
JPN,food,2015-05-01,100.6083,2015,OECD coicop2018
JPN,food,2015-06-01,99.97355,2015,OECD coicop2018
JPN,food,2015-07-01,99.86776,2015,OECD coicop2018
JPN,food,2015-08-01,100.6083,2015,OECD coicop2018
JPN,food,2015-09-01,101.5604,2015,OECD coicop2018
JPN,food,2015-10-01,101.3488,2015,OECD coicop2018
JPN,food,2015-11-01,99.65617,2015,OECD coicop2018
JPN,food,2015-12-01,99.86776,2015,OECD coicop2018
JPN,food,2016-01-01,101.0315,2015,OECD coicop2018
JPN,food,2016-02-01,101.772,2015,OECD coicop2018
JPN,food,2016-03-01,101.6662,2015,OECD coicop2018
JPN,food,2016-04-01,101.3488,2015,OECD coicop2018
JPN,food,2016-05-01,101.3488,2015,OECD coicop2018
JPN,food,2016-06-01,101.2431,2015,OECD coicop2018
JPN,food,2016-07-01,101.1373,2015,OECD coicop2018
JPN,food,2016-08-01,101.1373,2015,OECD coicop2018
JPN,food,2016-09-01,102.0894,2015,OECD coicop2018
JPN,food,2016-10-01,104.2052,2015,OECD coicop2018
JPN,food,2016-11-01,104.0994,2015,OECD coicop2018
JPN,food,2016-12-01,103.0415,2015,OECD coicop2018
JPN,food,2017-01-01,103.1473,2015,OECD coicop2018
JPN,food,2017-02-01,102.5126,2015,OECD coicop2018
JPN,food,2017-03-01,102.0894,2015,OECD coicop2018
JPN,food,2017-04-01,102.4068,2015,OECD coicop2018
JPN,food,2017-05-01,102.301,2015,OECD coicop2018
JPN,food,2017-06-01,101.9836,2015,OECD coicop2018
JPN,food,2017-07-01,101.5604,2015,OECD coicop2018
JPN,food,2017-08-01,101.9836,2015,OECD coicop2018
JPN,food,2017-09-01,103.1473,2015,OECD coicop2018
JPN,food,2017-10-01,102.1952,2015,OECD coicop2018
JPN,food,2017-11-01,103.6763,2015,OECD coicop2018
JPN,food,2017-12-01,105.0516,2015,OECD coicop2018
JPN,food,2018-01-01,107.0616,2015,OECD coicop2018
JPN,food,2018-02-01,106.2153,2015,OECD coicop2018
JPN,food,2018-03-01,104.311,2015,OECD coicop2018
JPN,food,2018-04-01,102.9357,2015,OECD coicop2018
JPN,food,2018-05-01,102.9357,2015,OECD coicop2018
JPN,food,2018-06-01,102.4068,2015,OECD coicop2018
JPN,food,2018-07-01,103.2531,2015,OECD coicop2018
JPN,food,2018-08-01,104.6284,2015,OECD coicop2018
JPN,food,2018-09-01,105.3689,2015,OECD coicop2018
JPN,food,2018-10-01,105.2632,2015,OECD coicop2018
JPN,food,2018-11-01,104.0994,2015,OECD coicop2018
JPN,food,2018-12-01,103.3589,2015,OECD coicop2018
JPN,food,2019-01-01,104.84,2015,OECD coicop2018
JPN,food,2019-02-01,104.0994,2015,OECD coicop2018
JPN,food,2019-03-01,103.6763,2015,OECD coicop2018
JPN,food,2019-04-01,103.6763,2015,OECD coicop2018
JPN,food,2019-05-01,103.7821,2015,OECD coicop2018
JPN,food,2019-06-01,104.0994,2015,OECD coicop2018
JPN,food,2019-07-01,104.2052,2015,OECD coicop2018
JPN,food,2019-08-01,104.6284,2015,OECD coicop2018
JPN,food,2019-09-01,105.7921,2015,OECD coicop2018
JPN,food,2019-10-01,105.5805,2015,OECD coicop2018
JPN,food,2019-11-01,105.2632,2015,OECD coicop2018
JPN,food,2019-12-01,105.0516,2015,OECD coicop2018
JPN,food,2020-01-01,105.8979,2015,OECD coicop2018
JPN,food,2020-02-01,105.2191,2015,OECD coicop2018
JPN,food,2020-03-01,105.0833,2015,OECD coicop2018
JPN,food,2020-04-01,106.1694,2015,OECD coicop2018
JPN,food,2020-05-01,106.1694,2015,OECD coicop2018
JPN,food,2020-06-01,105.6264,2015,OECD coicop2018
JPN,food,2020-07-01,106.1694,2015,OECD coicop2018
JPN,food,2020-08-01,107.2556,2015,OECD coicop2018
JPN,food,2020-09-01,106.5767,2015,OECD coicop2018
JPN,food,2020-10-01,106.3052,2015,OECD coicop2018
JPN,food,2020-11-01,105.0833,2015,OECD coicop2018
JPN,food,2020-12-01,104.2687,2015,OECD coicop2018
JPN,food,2021-01-01,105.7621,2015,OECD coicop2018
JPN,food,2021-02-01,105.0833,2015,OECD coicop2018
JPN,food,2021-03-01,104.676,2015,OECD coicop2018
JPN,food,2021-04-01,104.4045,2015,OECD coicop2018
JPN,food,2021-05-01,104.9475,2015,OECD coicop2018
JPN,food,2021-06-01,105.6264,2015,OECD coicop2018
JPN,food,2021-07-01,105.2191,2015,OECD coicop2018
JPN,food,2021-08-01,105.6264,2015,OECD coicop2018
JPN,food,2021-09-01,107.5271,2015,OECD coicop2018
JPN,food,2021-10-01,106.8483,2015,OECD coicop2018
JPN,food,2021-11-01,106.7125,2015,OECD coicop2018
JPN,food,2021-12-01,106.8483,2015,OECD coicop2018
JPN,food,2022-01-01,108.3417,2015,OECD coicop2018
JPN,food,2022-02-01,108.749,2015,OECD coicop2018
JPN,food,2022-03-01,108.8848,2015,OECD coicop2018
JPN,food,2022-04-01,109.2921,2015,OECD coicop2018
JPN,food,2022-05-01,109.8351,2015,OECD coicop2018
JPN,food,2022-06-01,109.9709,2015,OECD coicop2018
JPN,food,2022-07-01,110.3782,2015,OECD coicop2018
JPN,food,2022-08-01,111.057,2015,OECD coicop2018
JPN,food,2022-09-01,112.2789,2015,OECD coicop2018
JPN,food,2022-10-01,113.7724,2015,OECD coicop2018
JPN,food,2022-11-01,114.4512,2015,OECD coicop2018
JPN,food,2022-12-01,114.587,2015,OECD coicop2018
JPN,food,2023-01-01,116.4877,2015,OECD coicop2018
JPN,food,2023-02-01,117.0308,2015,OECD coicop2018
JPN,food,2023-03-01,117.4381,2015,OECD coicop2018
JPN,food,2023-04-01,118.9315,2015,OECD coicop2018
JPN,food,2023-05-01,119.6103,2015,OECD coicop2018
JPN,food,2023-06-01,119.6103,2015,OECD coicop2018
JPN,food,2023-07-01,120.6965,2015,OECD coicop2018
JPN,food,2023-08-01,121.2395,2015,OECD coicop2018
JPN,food,2023-09-01,123.276,2015,OECD coicop2018
JPN,food,2023-10-01,124.7695,2015,OECD coicop2018
JPN,food,2023-11-01,123.6833,2015,OECD coicop2018
JPN,food,2023-12-01,123.1403,2015,OECD coicop2018
JPN,food,2024-01-01,123.8191,2015,OECD coicop2018
JPN,food,2024-02-01,123.1403,2015,OECD coicop2018
JPN,food,2024-03-01,123.6833,2015,OECD coicop2018
JPN,food,2024-04-01,124.6337,2015,OECD coicop2018
JPN,food,2024-05-01,125.041,2015,OECD coicop2018
JPN,food,2024-06-01,124.3622,2015,OECD coicop2018
JPN,food,2024-07-01,124.3622,2015,OECD coicop2018
JPN,food,2024-08-01,125.9914,2015,OECD coicop2018
JPN,food,2024-09-01,127.7563,2015,OECD coicop2018
JPN,food,2024-10-01,129.6571,2015,OECD coicop2018
JPN,food,2024-11-01,130.6074,2015,OECD coicop2018
JPN,food,2024-12-01,132.2366,2015,OECD coicop2018
JPN,food,2025-01-01,134.4089,2015,OECD coicop2018
JPN,food,2025-02-01,133.7301,2015,OECD coicop2018
JPN,food,2025-03-01,133.8658,2015,OECD coicop2018
JPN,food,2025-04-01,133.8658,2015,OECD coicop2018
JPN,food,2025-05-01,134.2731,2015,OECD coicop2018
JPN,food,2025-06-01,134.5446,2015,OECD coicop2018
JPN,food,2025-07-01,135.0877,2015,OECD coicop2018
JPN,food,2025-08-01,136.8527,2015,OECD coicop2018
JPN,food,2025-09-01,137.1242,2015,OECD coicop2018
JPN,food,2025-10-01,138.0746,2015,OECD coicop2018
JPN,food,2025-11-01,138.7534,2015,OECD coicop2018
JPN,food,2025-12-01,138.7534,2015,OECD coicop2018
JPN,food,2026-01-01,139.7038,2015,OECD coicop2018
JPN,food,2026-02-01,139.1607,2015,OECD coicop2018
JPN,food,2026-03-01,138.6176,2015,OECD coicop2018
JPN,food,2026-04-01,139.0249,2015,OECD coicop2018
JPN,food,2026-05-01,139.4323,2015,OECD coicop2018
JPN,food,2026-06-01,139.2965,2015,OECD coicop2018
JPN,food,2026-07-01,140.5184,2015,OECD coicop2018
JPN,restaurants_hotels,2014-01-01,94.60154,2015,OECD coicop2018
JPN,restaurants_hotels,2014-02-01,94.8072,2015,OECD coicop2018
JPN,restaurants_hotels,2014-03-01,95.11568,2015,OECD coicop2018
JPN,restaurants_hotels,2014-04-01,98.09769,2015,OECD coicop2018
JPN,restaurants_hotels,2014-05-01,97.37789,2015,OECD coicop2018
JPN,restaurants_hotels,2014-06-01,97.58355,2015,OECD coicop2018
JPN,restaurants_hotels,2014-07-01,98.30334,2015,OECD coicop2018
JPN,restaurants_hotels,2014-08-01,100.1542,2015,OECD coicop2018
JPN,restaurants_hotels,2014-09-01,98.61182,2015,OECD coicop2018
JPN,restaurants_hotels,2014-10-01,99.22879,2015,OECD coicop2018
JPN,restaurants_hotels,2014-11-01,98.81748,2015,OECD coicop2018
JPN,restaurants_hotels,2014-12-01,98.71465,2015,OECD coicop2018
JPN,restaurants_hotels,2015-01-01,98.40617,2015,OECD coicop2018
JPN,restaurants_hotels,2015-02-01,99.02314,2015,OECD coicop2018
JPN,restaurants_hotels,2015-03-01,99.22879,2015,OECD coicop2018
JPN,restaurants_hotels,2015-04-01,99.53728,2015,OECD coicop2018
JPN,restaurants_hotels,2015-05-01,99.12596,2015,OECD coicop2018
JPN,restaurants_hotels,2015-06-01,99.64011,2015,OECD coicop2018
JPN,restaurants_hotels,2015-07-01,100.2571,2015,OECD coicop2018
JPN,restaurants_hotels,2015-08-01,101.9023,2015,OECD coicop2018
JPN,restaurants_hotels,2015-09-01,100.3599,2015,OECD coicop2018
JPN,restaurants_hotels,2015-10-01,100.9769,2015,OECD coicop2018
JPN,restaurants_hotels,2015-11-01,101.0797,2015,OECD coicop2018
JPN,restaurants_hotels,2015-12-01,100.4627,2015,OECD coicop2018
JPN,restaurants_hotels,2016-01-01,99.74293,2015,OECD coicop2018
JPN,restaurants_hotels,2016-02-01,100.4627,2015,OECD coicop2018
JPN,restaurants_hotels,2016-03-01,100.4627,2015,OECD coicop2018
JPN,restaurants_hotels,2016-04-01,100.7712,2015,OECD coicop2018
JPN,restaurants_hotels,2016-05-01,100.9769,2015,OECD coicop2018
JPN,restaurants_hotels,2016-06-01,100.9769,2015,OECD coicop2018
JPN,restaurants_hotels,2016-07-01,101.0797,2015,OECD coicop2018
JPN,restaurants_hotels,2016-08-01,102.4165,2015,OECD coicop2018
JPN,restaurants_hotels,2016-09-01,101.2853,2015,OECD coicop2018
JPN,restaurants_hotels,2016-10-01,101.9023,2015,OECD coicop2018
JPN,restaurants_hotels,2016-11-01,101.6967,2015,OECD coicop2018
JPN,restaurants_hotels,2016-12-01,101.0797,2015,OECD coicop2018
JPN,restaurants_hotels,2017-01-01,100.5656,2015,OECD coicop2018
JPN,restaurants_hotels,2017-02-01,100.7712,2015,OECD coicop2018
JPN,restaurants_hotels,2017-03-01,101.0797,2015,OECD coicop2018
JPN,restaurants_hotels,2017-04-01,101.5938,2015,OECD coicop2018
JPN,restaurants_hotels,2017-05-01,101.491,2015,OECD coicop2018
JPN,restaurants_hotels,2017-06-01,101.0797,2015,OECD coicop2018
JPN,restaurants_hotels,2017-07-01,101.2853,2015,OECD coicop2018
JPN,restaurants_hotels,2017-08-01,102.9306,2015,OECD coicop2018
JPN,restaurants_hotels,2017-09-01,101.5938,2015,OECD coicop2018
JPN,restaurants_hotels,2017-10-01,102.3136,2015,OECD coicop2018
JPN,restaurants_hotels,2017-11-01,102.3136,2015,OECD coicop2018
JPN,restaurants_hotels,2017-12-01,101.5938,2015,OECD coicop2018
JPN,restaurants_hotels,2018-01-01,101.1825,2015,OECD coicop2018
JPN,restaurants_hotels,2018-02-01,102.2108,2015,OECD coicop2018
JPN,restaurants_hotels,2018-03-01,101.6967,2015,OECD coicop2018
JPN,restaurants_hotels,2018-04-01,101.9023,2015,OECD coicop2018
JPN,restaurants_hotels,2018-05-01,101.9023,2015,OECD coicop2018
JPN,restaurants_hotels,2018-06-01,102.3136,2015,OECD coicop2018
JPN,restaurants_hotels,2018-07-01,102.5193,2015,OECD coicop2018
JPN,restaurants_hotels,2018-08-01,105.8098,2015,OECD coicop2018
JPN,restaurants_hotels,2018-09-01,102.5193,2015,OECD coicop2018
JPN,restaurants_hotels,2018-10-01,103.0334,2015,OECD coicop2018
JPN,restaurants_hotels,2018-11-01,103.4447,2015,OECD coicop2018
JPN,restaurants_hotels,2018-12-01,102.8278,2015,OECD coicop2018
JPN,restaurants_hotels,2019-01-01,103.1362,2015,OECD coicop2018
JPN,restaurants_hotels,2019-02-01,103.6504,2015,OECD coicop2018
JPN,restaurants_hotels,2019-03-01,102.7249,2015,OECD coicop2018
JPN,restaurants_hotels,2019-04-01,103.4447,2015,OECD coicop2018
JPN,restaurants_hotels,2019-05-01,102.8278,2015,OECD coicop2018
JPN,restaurants_hotels,2019-06-01,103.4447,2015,OECD coicop2018
JPN,restaurants_hotels,2019-07-01,103.3419,2015,OECD coicop2018
JPN,restaurants_hotels,2019-08-01,106.1183,2015,OECD coicop2018
JPN,restaurants_hotels,2019-09-01,103.5476,2015,OECD coicop2018
JPN,restaurants_hotels,2019-10-01,106.1183,2015,OECD coicop2018
JPN,restaurants_hotels,2019-11-01,106.4267,2015,OECD coicop2018
JPN,restaurants_hotels,2019-12-01,106.2211,2015,OECD coicop2018
JPN,restaurants_hotels,2020-01-01,105.3985,2015,OECD coicop2018
JPN,restaurants_hotels,2020-02-01,105.7794,2015,OECD coicop2018
JPN,restaurants_hotels,2020-03-01,105.7794,2015,OECD coicop2018
JPN,restaurants_hotels,2020-04-01,105.6524,2015,OECD coicop2018
JPN,restaurants_hotels,2020-05-01,105.7794,2015,OECD coicop2018
JPN,restaurants_hotels,2020-06-01,104.3826,2015,OECD coicop2018
JPN,restaurants_hotels,2020-07-01,103.3667,2015,OECD coicop2018
JPN,restaurants_hotels,2020-08-01,100.827,2015,OECD coicop2018
JPN,restaurants_hotels,2020-09-01,99.5571,2015,OECD coicop2018
JPN,restaurants_hotels,2020-10-01,98.41422,2015,OECD coicop2018
JPN,restaurants_hotels,2020-11-01,98.41422,2015,OECD coicop2018
JPN,restaurants_hotels,2020-12-01,99.5571,2015,OECD coicop2018
JPN,restaurants_hotels,2021-01-01,104.7635,2015,OECD coicop2018
JPN,restaurants_hotels,2021-02-01,104.3826,2015,OECD coicop2018
JPN,restaurants_hotels,2021-03-01,104.5096,2015,OECD coicop2018
JPN,restaurants_hotels,2021-04-01,104.7635,2015,OECD coicop2018
JPN,restaurants_hotels,2021-05-01,105.3985,2015,OECD coicop2018
JPN,restaurants_hotels,2021-06-01,104.7635,2015,OECD coicop2018
JPN,restaurants_hotels,2021-07-01,106.6683,2015,OECD coicop2018
JPN,restaurants_hotels,2021-08-01,107.6842,2015,OECD coicop2018
JPN,restaurants_hotels,2021-09-01,105.3985,2015,OECD coicop2018
JPN,restaurants_hotels,2021-10-01,105.6524,2015,OECD coicop2018
JPN,restaurants_hotels,2021-11-01,105.6524,2015,OECD coicop2018
JPN,restaurants_hotels,2021-12-01,105.6524,2015,OECD coicop2018
JPN,restaurants_hotels,2022-01-01,105.7794,2015,OECD coicop2018
JPN,restaurants_hotels,2022-02-01,106.4143,2015,OECD coicop2018
JPN,restaurants_hotels,2022-03-01,106.5413,2015,OECD coicop2018
JPN,restaurants_hotels,2022-04-01,107.4302,2015,OECD coicop2018
JPN,restaurants_hotels,2022-05-01,108.3191,2015,OECD coicop2018
JPN,restaurants_hotels,2022-06-01,107.6842,2015,OECD coicop2018
JPN,restaurants_hotels,2022-07-01,109.462,2015,OECD coicop2018
JPN,restaurants_hotels,2022-08-01,111.2398,2015,OECD coicop2018
JPN,restaurants_hotels,2022-09-01,109.843,2015,OECD coicop2018
JPN,restaurants_hotels,2022-10-01,108.3191,2015,OECD coicop2018
JPN,restaurants_hotels,2022-11-01,106.7953,2015,OECD coicop2018
JPN,restaurants_hotels,2022-12-01,107.5572,2015,OECD coicop2018
JPN,restaurants_hotels,2023-01-01,110.4779,2015,OECD coicop2018
JPN,restaurants_hotels,2023-02-01,110.9858,2015,OECD coicop2018
JPN,restaurants_hotels,2023-03-01,112.5097,2015,OECD coicop2018
JPN,restaurants_hotels,2023-04-01,114.7954,2015,OECD coicop2018
JPN,restaurants_hotels,2023-05-01,115.8113,2015,OECD coicop2018
JPN,restaurants_hotels,2023-06-01,114.1605,2015,OECD coicop2018
JPN,restaurants_hotels,2023-07-01,117.3352,2015,OECD coicop2018
JPN,restaurants_hotels,2023-08-01,119.8749,2015,OECD coicop2018
JPN,restaurants_hotels,2023-09-01,117.8431,2015,OECD coicop2018
JPN,restaurants_hotels,2023-10-01,118.732,2015,OECD coicop2018
JPN,restaurants_hotels,2023-11-01,119.3669,2015,OECD coicop2018
JPN,restaurants_hotels,2023-12-01,119.3669,2015,OECD coicop2018
JPN,restaurants_hotels,2024-01-01,118.2241,2015,OECD coicop2018
JPN,restaurants_hotels,2024-02-01,119.4939,2015,OECD coicop2018
JPN,restaurants_hotels,2024-03-01,119.8749,2015,OECD coicop2018
JPN,restaurants_hotels,2024-04-01,120.6368,2015,OECD coicop2018
JPN,restaurants_hotels,2024-05-01,120.7638,2015,OECD coicop2018
JPN,restaurants_hotels,2024-06-01,119.8749,2015,OECD coicop2018
JPN,restaurants_hotels,2024-07-01,121.7797,2015,OECD coicop2018
JPN,restaurants_hotels,2024-08-01,124.5734,2015,OECD coicop2018
JPN,restaurants_hotels,2024-09-01,121.9066,2015,OECD coicop2018
JPN,restaurants_hotels,2024-10-01,123.1765,2015,OECD coicop2018
JPN,restaurants_hotels,2024-11-01,123.5575,2015,OECD coicop2018
JPN,restaurants_hotels,2024-12-01,123.3035,2015,OECD coicop2018
JPN,restaurants_hotels,2025-01-01,123.1765,2015,OECD coicop2018
JPN,restaurants_hotels,2025-02-01,124.3194,2015,OECD coicop2018
JPN,restaurants_hotels,2025-03-01,125.4623,2015,OECD coicop2018
JPN,restaurants_hotels,2025-04-01,126.4781,2015,OECD coicop2018
JPN,restaurants_hotels,2025-05-01,126.9861,2015,OECD coicop2018
JPN,restaurants_hotels,2025-06-01,125.7162,2015,OECD coicop2018
JPN,restaurants_hotels,2025-07-01,127.3671,2015,OECD coicop2018
JPN,restaurants_hotels,2025-08-01,129.3988,2015,OECD coicop2018
JPN,restaurants_hotels,2025-09-01,127.1131,2015,OECD coicop2018
JPN,restaurants_hotels,2025-10-01,129.5258,2015,OECD coicop2018
JPN,restaurants_hotels,2025-11-01,129.5258,2015,OECD coicop2018
JPN,restaurants_hotels,2025-12-01,128.7639,2015,OECD coicop2018
JPN,restaurants_hotels,2026-01-01,127.494,2015,OECD coicop2018
JPN,restaurants_hotels,2026-02-01,128.6369,2015,OECD coicop2018
JPN,restaurants_hotels,2026-03-01,129.7798,2015,OECD coicop2018
JPN,restaurants_hotels,2026-04-01,128.6369,2015,OECD coicop2018
JPN,restaurants_hotels,2026-05-01,129.1449,2015,OECD coicop2018
JPN,restaurants_hotels,2026-06-01,127.748,2015,OECD coicop2018
JPN,restaurants_hotels,2026-07-01,129.3988,2015,OECD coicop2018
KOR,all_items,2014-01-01,98.80782,2015,OECD coicop1999
KOR,all_items,2014-02-01,99.07136,2015,OECD coicop1999
KOR,all_items,2014-03-01,99.25373,2015,OECD coicop1999
KOR,all_items,2014-04-01,99.31804,2015,OECD coicop1999
KOR,all_items,2014-05-01,99.48143,2015,OECD coicop1999
KOR,all_items,2014-06-01,99.35388,2015,OECD coicop1999
KOR,all_items,2014-07-01,99.49935,2015,OECD coicop1999
KOR,all_items,2014-08-01,99.67329,2015,OECD coicop1999
KOR,all_items,2014-09-01,99.60899,2015,OECD coicop1999
KOR,all_items,2014-10-01,99.30855,2015,OECD coicop1999
KOR,all_items,2014-11-01,99.10825,2015,OECD coicop1999
KOR,all_items,2014-12-01,99.09877,2015,OECD coicop1999
KOR,all_items,2015-01-01,99.77028,2015,OECD coicop1999
KOR,all_items,2015-02-01,99.71124,2015,OECD coicop1999
KOR,all_items,2015-03-01,99.72073,2015,OECD coicop1999
KOR,all_items,2015-04-01,99.7513,2015,OECD coicop1999
KOR,all_items,2015-05-01,100.0307,2015,OECD coicop1999
KOR,all_items,2015-06-01,100.0507,2015,OECD coicop1999
KOR,all_items,2015-07-01,100.2309,2015,OECD coicop1999
KOR,all_items,2015-08-01,100.3712,2015,OECD coicop1999
KOR,all_items,2015-09-01,100.1108,2015,OECD coicop1999
KOR,all_items,2015-10-01,100.1108,2015,OECD coicop1999
KOR,all_items,2015-11-01,99.92103,2015,OECD coicop1999
KOR,all_items,2015-12-01,100.2204,2015,OECD coicop1999
KOR,all_items,2016-01-01,100.3912,2015,OECD coicop1999
KOR,all_items,2016-02-01,100.8213,2015,OECD coicop1999
KOR,all_items,2016-03-01,100.5609,2015,OECD coicop1999
KOR,all_items,2016-04-01,100.7507,2015,OECD coicop1999
KOR,all_items,2016-05-01,100.8107,2015,OECD coicop1999
KOR,all_items,2016-06-01,100.7907,2015,OECD coicop1999
KOR,all_items,2016-07-01,100.601,2015,OECD coicop1999
KOR,all_items,2016-08-01,100.8603,2015,OECD coicop1999
KOR,all_items,2016-09-01,101.4612,2015,OECD coicop1999
KOR,all_items,2016-10-01,101.6003,2015,OECD coicop1999
KOR,all_items,2016-11-01,101.4506,2015,OECD coicop1999
KOR,all_items,2016-12-01,101.5613,2015,OECD coicop1999
KOR,all_items,2017-01-01,102.6408,2015,OECD coicop1999
KOR,all_items,2017-02-01,102.9212,2015,OECD coicop1999
KOR,all_items,2017-03-01,102.8506,2015,OECD coicop1999
KOR,all_items,2017-04-01,102.7209,2015,OECD coicop1999
KOR,all_items,2017-05-01,102.8306,2015,OECD coicop1999
KOR,all_items,2017-06-01,102.6113,2015,OECD coicop1999
KOR,all_items,2017-07-01,102.781,2015,OECD coicop1999
KOR,all_items,2017-08-01,103.3703,2015,OECD coicop1999
KOR,all_items,2017-09-01,103.4905,2015,OECD coicop1999
KOR,all_items,2017-10-01,103.3903,2015,OECD coicop1999
KOR,all_items,2017-11-01,102.6208,2015,OECD coicop1999
KOR,all_items,2017-12-01,102.9908,2015,OECD coicop1999
KOR,all_items,2018-01-01,103.4209,2015,OECD coicop1999
KOR,all_items,2018-02-01,104.2105,2015,OECD coicop1999
KOR,all_items,2018-03-01,104.1008,2015,OECD coicop1999
KOR,all_items,2018-04-01,104.2906,2015,OECD coicop1999
KOR,all_items,2018-05-01,104.3412,2015,OECD coicop1999
KOR,all_items,2018-06-01,104.1303,2015,OECD coicop1999
KOR,all_items,2018-07-01,103.9311,2015,OECD coicop1999
KOR,all_items,2018-08-01,104.8503,2015,OECD coicop1999
KOR,all_items,2018-09-01,105.6505,2015,OECD coicop1999
KOR,all_items,2018-10-01,105.4607,2015,OECD coicop1999
KOR,all_items,2018-11-01,104.7112,2015,OECD coicop1999
KOR,all_items,2018-12-01,104.3507,2015,OECD coicop1999
KOR,all_items,2019-01-01,104.241,2015,OECD coicop1999
KOR,all_items,2019-02-01,104.6912,2015,OECD coicop1999
KOR,all_items,2019-03-01,104.4909,2015,OECD coicop1999
KOR,all_items,2019-04-01,104.8704,2015,OECD coicop1999
KOR,all_items,2019-05-01,105.0506,2015,OECD coicop1999
KOR,all_items,2019-06-01,104.8809,2015,OECD coicop1999
KOR,all_items,2019-07-01,104.5604,2015,OECD coicop1999
KOR,all_items,2019-08-01,104.8113,2015,OECD coicop1999
KOR,all_items,2019-09-01,105.2003,2015,OECD coicop1999
KOR,all_items,2019-10-01,105.4607,2015,OECD coicop1999
KOR,all_items,2019-11-01,104.8704,2015,OECD coicop1999
KOR,all_items,2019-12-01,105.1213,2015,OECD coicop1999
KOR,all_items,2020-01-01,105.5124,2015,OECD coicop1999
KOR,all_items,2020-02-01,105.5862,2015,OECD coicop1999
KOR,all_items,2020-03-01,105.3542,2015,OECD coicop1999
KOR,all_items,2020-04-01,104.8904,2015,OECD coicop1999
KOR,all_items,2020-05-01,104.8272,2015,OECD coicop1999
KOR,all_items,2020-06-01,105.1118,2015,OECD coicop1999
KOR,all_items,2020-07-01,105.0275,2015,OECD coicop1999
KOR,all_items,2020-08-01,105.6178,2015,OECD coicop1999
KOR,all_items,2020-09-01,106.1976,2015,OECD coicop1999
KOR,all_items,2020-10-01,105.6072,2015,OECD coicop1999
KOR,all_items,2020-11-01,105.5124,2015,OECD coicop1999
KOR,all_items,2020-12-01,105.7654,2015,OECD coicop1999
KOR,all_items,2021-01-01,106.5138,2015,OECD coicop1999
KOR,all_items,2021-02-01,107.0831,2015,OECD coicop1999
KOR,all_items,2021-03-01,107.3572,2015,OECD coicop1999
KOR,all_items,2021-04-01,107.5048,2015,OECD coicop1999
KOR,all_items,2021-05-01,107.5786,2015,OECD coicop1999
KOR,all_items,2021-06-01,107.5786,2015,OECD coicop1999
KOR,all_items,2021-07-01,107.7999,2015,OECD coicop1999
KOR,all_items,2021-08-01,108.3165,2015,OECD coicop1999
KOR,all_items,2021-09-01,108.7592,2015,OECD coicop1999
KOR,all_items,2021-10-01,108.949,2015,OECD coicop1999
KOR,all_items,2021-11-01,109.4971,2015,OECD coicop1999
KOR,all_items,2021-12-01,109.6764,2015,OECD coicop1999
KOR,all_items,2022-01-01,110.5302,2015,OECD coicop1999
KOR,all_items,2022-02-01,111.1311,2015,OECD coicop1999
KOR,all_items,2022-03-01,111.848,2015,OECD coicop1999
KOR,all_items,2022-04-01,112.6175,2015,OECD coicop1999
KOR,all_items,2022-05-01,113.3238,2015,OECD coicop1999
KOR,all_items,2022-06-01,114.0723,2015,OECD coicop1999
KOR,all_items,2022-07-01,114.6204,2015,OECD coicop1999
KOR,all_items,2022-08-01,114.515,2015,OECD coicop1999
KOR,all_items,2022-09-01,114.7153,2015,OECD coicop1999
KOR,all_items,2022-10-01,115.0737,2015,OECD coicop1999
KOR,all_items,2022-11-01,114.9789,2015,OECD coicop1999
KOR,all_items,2022-12-01,115.1792,2015,OECD coicop1999
KOR,all_items,2023-01-01,116.033,2015,OECD coicop1999
KOR,all_items,2023-02-01,116.3071,2015,OECD coicop1999
KOR,all_items,2023-03-01,116.5074,2015,OECD coicop1999
KOR,all_items,2023-04-01,116.771,2015,OECD coicop1999
KOR,all_items,2023-05-01,117.1505,2015,OECD coicop1999
KOR,all_items,2023-06-01,117.1821,2015,OECD coicop1999
KOR,all_items,2023-07-01,117.3191,2015,OECD coicop1999
KOR,all_items,2023-08-01,118.3628,2015,OECD coicop1999
KOR,all_items,2023-09-01,118.9636,2015,OECD coicop1999
KOR,all_items,2023-10-01,119.4064,2015,OECD coicop1999
KOR,all_items,2023-11-01,118.7844,2015,OECD coicop1999
KOR,all_items,2023-12-01,118.8371,2015,OECD coicop1999
KOR,all_items,2024-01-01,119.301,2015,OECD coicop1999
KOR,all_items,2024-02-01,119.944,2015,OECD coicop1999
KOR,all_items,2024-03-01,120.1232,2015,OECD coicop1999
KOR,all_items,2024-04-01,120.1865,2015,OECD coicop1999
KOR,all_items,2024-05-01,120.2814,2015,OECD coicop1999
KOR,all_items,2024-06-01,120.0073,2015,OECD coicop1999
KOR,all_items,2024-07-01,120.313,2015,OECD coicop1999
KOR,all_items,2024-08-01,120.7452,2015,OECD coicop1999
KOR,all_items,2024-09-01,120.8612,2015,OECD coicop1999
KOR,all_items,2024-10-01,120.9033,2015,OECD coicop1999
KOR,all_items,2024-11-01,120.5976,2015,OECD coicop1999
KOR,all_items,2024-12-01,121.1352,2015,OECD coicop1999
KOR,all_items,2025-01-01,121.9786,2015,OECD coicop1999
KOR,all_items,2025-02-01,122.3686,2015,OECD coicop1999
KOR,all_items,2025-03-01,122.59,2015,OECD coicop1999
KOR,all_items,2025-04-01,122.6849,2015,OECD coicop1999
KOR,all_items,2025-05-01,122.5689,2015,OECD coicop1999
KOR,all_items,2025-06-01,122.6111,2015,OECD coicop1999
KOR,all_items,2025-07-01,122.8325,2015,OECD coicop1999
KOR,all_items,2025-08-01,122.7587,2015,OECD coicop1999
KOR,all_items,2025-09-01,123.4017,2015,OECD coicop1999
KOR,all_items,2025-10-01,123.7812,2015,OECD coicop1999
KOR,all_items,2025-11-01,123.5493,2015,OECD coicop1999
KOR,all_items,2025-12-01,123.9393,2015,OECD coicop1999
KOR,all_items,2026-01-01,124.4243,2015,OECD coicop1999
KOR,all_items,2026-02-01,124.8143,2015,OECD coicop1999
KOR,all_items,2026-03-01,125.236,2015,OECD coicop1999
KOR,all_items,2026-04-01,125.8369,2015,OECD coicop1999
KOR,all_items,2026-05-01,126.4167,2015,OECD coicop1999
KOR,all_items,2026-06-01,126.4904,2015,OECD coicop1999
KOR,all_items,2026-07-01,126.2585,2015,OECD coicop1999
KOR,all_items,2026-08-01,126.5537,2015,OECD coicop1999
KOR,energy,2014-01-01,111.0839,2015,OECD coicop1999
KOR,energy,2014-02-01,111.0745,2015,OECD coicop1999
KOR,energy,2014-03-01,111.0745,2015,OECD coicop1999
KOR,energy,2014-04-01,110.9926,2015,OECD coicop1999
KOR,energy,2014-05-01,110.9558,2015,OECD coicop1999
KOR,energy,2014-06-01,110.8551,2015,OECD coicop1999
KOR,energy,2014-07-01,110.3889,2015,OECD coicop1999
KOR,energy,2014-08-01,110.4632,2015,OECD coicop1999
KOR,energy,2014-09-01,110.3351,2015,OECD coicop1999
KOR,energy,2014-10-01,110.2711,2015,OECD coicop1999
KOR,energy,2014-11-01,110.061,2015,OECD coicop1999
KOR,energy,2014-12-01,109.7041,2015,OECD coicop1999
KOR,energy,2015-01-01,106.4501,2015,OECD coicop1999
KOR,energy,2015-02-01,105.9899,2015,OECD coicop1999
KOR,energy,2015-03-01,101.9598,2015,OECD coicop1999
KOR,energy,2015-04-01,101.9598,2015,OECD coicop1999
KOR,energy,2015-05-01,98.34043,2015,OECD coicop1999
KOR,energy,2015-06-01,98.34982,2015,OECD coicop1999
KOR,energy,2015-07-01,95.4502,2015,OECD coicop1999
KOR,energy,2015-08-01,95.43995,2015,OECD coicop1999
KOR,energy,2015-09-01,96.95978,2015,OECD coicop1999
KOR,energy,2015-10-01,99.78,2015,OECD coicop1999
KOR,energy,2015-11-01,99.70998,2015,OECD coicop1999
KOR,energy,2015-12-01,99.61008,2015,OECD coicop1999
KOR,energy,2016-01-01,95.69012,2015,OECD coicop1999
KOR,energy,2016-02-01,95.50996,2015,OECD coicop1999
KOR,energy,2016-03-01,91.8103,2015,OECD coicop1999
KOR,energy,2016-04-01,91.80006,2015,OECD coicop1999
KOR,energy,2016-05-01,90.19057,2015,OECD coicop1999
KOR,energy,2016-06-01,90.29047,2015,OECD coicop1999
KOR,energy,2016-07-01,81.46011,2015,OECD coicop1999
KOR,energy,2016-08-01,81.41998,2015,OECD coicop1999
KOR,energy,2016-09-01,81.3901,2015,OECD coicop1999
KOR,energy,2016-10-01,90.07018,2015,OECD coicop1999
KOR,energy,2016-11-01,92.13049,2015,OECD coicop1999
KOR,energy,2016-12-01,86.8905,2015,OECD coicop1999
KOR,energy,2017-01-01,87.10994,2015,OECD coicop1999
KOR,energy,2017-02-01,87.24058,2015,OECD coicop1999
KOR,energy,2017-03-01,88.35995,2015,OECD coicop1999
KOR,energy,2017-04-01,88.33007,2015,OECD coicop1999
KOR,energy,2017-05-01,88.99008,2015,OECD coicop1999
KOR,energy,2017-06-01,88.90043,2015,OECD coicop1999
KOR,energy,2017-07-01,88.64001,2015,OECD coicop1999
KOR,energy,2017-08-01,88.65026,2015,OECD coicop1999
KOR,energy,2017-09-01,88.73051,2015,OECD coicop1999
KOR,energy,2017-10-01,88.83041,2015,OECD coicop1999
KOR,energy,2017-11-01,85.85992,2015,OECD coicop1999
KOR,energy,2017-12-01,85.97007,2015,OECD coicop1999
KOR,energy,2018-01-01,86.02045,2015,OECD coicop1999
KOR,energy,2018-02-01,86.08022,2015,OECD coicop1999
KOR,energy,2018-03-01,86.02984,2015,OECD coicop1999
KOR,energy,2018-04-01,85.98032,2015,OECD coicop1999
KOR,energy,2018-05-01,86.0102,2015,OECD coicop1999
KOR,energy,2018-06-01,86.1101,2015,OECD coicop1999
KOR,energy,2018-07-01,80.1102,2015,OECD coicop1999
KOR,energy,2018-08-01,80.15972,2015,OECD coicop1999
KOR,energy,2018-09-01,87.47026,2015,OECD coicop1999
KOR,energy,2018-10-01,87.71018,2015,OECD coicop1999
KOR,energy,2018-11-01,87.79044,2015,OECD coicop1999
KOR,energy,2018-12-01,87.6803,2015,OECD coicop1999
KOR,energy,2019-01-01,87.40025,2015,OECD coicop1999
KOR,energy,2019-02-01,87.37975,2015,OECD coicop1999
KOR,energy,2019-03-01,87.39,2015,OECD coicop1999
KOR,energy,2019-04-01,87.44977,2015,OECD coicop1999
KOR,energy,2019-05-01,87.57016,2015,OECD coicop1999
KOR,energy,2019-06-01,87.60004,2015,OECD coicop1999
KOR,energy,2019-07-01,82.03048,2015,OECD coicop1999
KOR,energy,2019-08-01,82.13977,2015,OECD coicop1999
KOR,energy,2019-09-01,88.8603,2015,OECD coicop1999
KOR,energy,2019-10-01,88.87994,2015,OECD coicop1999
KOR,energy,2019-11-01,88.93031,2015,OECD coicop1999
KOR,energy,2019-12-01,88.94056,2015,OECD coicop1999
KOR,energy,2020-01-01,89.10621,2015,OECD coicop1999
KOR,energy,2020-02-01,89.20013,2015,OECD coicop1999
KOR,energy,2020-03-01,89.02936,2015,OECD coicop1999
KOR,energy,2020-04-01,88.49998,2015,OECD coicop1999
KOR,energy,2020-05-01,87.88522,2015,OECD coicop1999
KOR,energy,2020-06-01,87.96207,2015,OECD coicop1999
KOR,energy,2020-07-01,77.64774,2015,OECD coicop1999
KOR,energy,2020-08-01,77.71605,2015,OECD coicop1999
KOR,energy,2020-09-01,84.39304,2015,OECD coicop1999
KOR,energy,2020-10-01,84.39304,2015,OECD coicop1999
KOR,energy,2020-11-01,84.31619,2015,OECD coicop1999
KOR,energy,2020-12-01,84.44427,2015,OECD coicop1999
KOR,energy,2021-01-01,83.77827,2015,OECD coicop1999
KOR,energy,2021-02-01,83.96612,2015,OECD coicop1999
KOR,energy,2021-03-01,84.20519,2015,OECD coicop1999
KOR,energy,2021-04-01,84.25642,2015,OECD coicop1999
KOR,energy,2021-05-01,84.28204,2015,OECD coicop1999
KOR,energy,2021-06-01,84.26496,2015,OECD coicop1999
KOR,energy,2021-07-01,78.73211,2015,OECD coicop1999
KOR,energy,2021-08-01,78.90288,2015,OECD coicop1999
KOR,energy,2021-09-01,85.62256,2015,OECD coicop1999
KOR,energy,2021-10-01,86.87769,2015,OECD coicop1999
KOR,energy,2021-11-01,87.71445,2015,OECD coicop1999
KOR,energy,2021-12-01,88.00476,2015,OECD coicop1999
KOR,energy,2022-01-01,88.4829,2015,OECD coicop1999
KOR,energy,2022-02-01,88.79028,2015,OECD coicop1999
KOR,energy,2022-03-01,89.65266,2015,OECD coicop1999
KOR,energy,2022-04-01,93.85353,2015,OECD coicop1999
KOR,energy,2022-05-01,96.52603,2015,OECD coicop1999
KOR,energy,2022-06-01,97.10664,2015,OECD coicop1999
KOR,energy,2022-07-01,96.19303,2015,OECD coicop1999
KOR,energy,2022-08-01,95.97958,2015,OECD coicop1999
KOR,energy,2022-09-01,102.8615,2015,OECD coicop1999
KOR,energy,2022-10-01,111.878,2015,OECD coicop1999
KOR,energy,2022-11-01,111.8951,2015,OECD coicop1999
KOR,energy,2022-12-01,111.6987,2015,OECD coicop1999
KOR,energy,2023-01-01,116.4204,2015,OECD coicop1999
KOR,energy,2023-02-01,116.2496,2015,OECD coicop1999
KOR,energy,2023-03-01,116.0703,2015,OECD coicop1999
KOR,energy,2023-04-01,115.9764,2015,OECD coicop1999
KOR,energy,2023-05-01,118.4867,2015,OECD coicop1999
KOR,energy,2023-06-01,121.0226,2015,OECD coicop1999
KOR,energy,2023-07-01,114.4907,2015,OECD coicop1999
KOR,energy,2023-08-01,114.5932,2015,OECD coicop1999
KOR,energy,2023-09-01,121.7312,2015,OECD coicop1999
KOR,energy,2023-10-01,122.0472,2015,OECD coicop1999
KOR,energy,2023-11-01,122.0557,2015,OECD coicop1999
KOR,energy,2023-12-01,121.9105,2015,OECD coicop1999
KOR,energy,2024-01-01,121.7825,2015,OECD coicop1999
KOR,energy,2024-02-01,121.7825,2015,OECD coicop1999
KOR,energy,2024-03-01,121.8081,2015,OECD coicop1999
KOR,energy,2024-04-01,121.8252,2015,OECD coicop1999
KOR,energy,2024-05-01,121.8081,2015,OECD coicop1999
KOR,energy,2024-06-01,121.7483,2015,OECD coicop1999
KOR,energy,2024-07-01,115.3872,2015,OECD coicop1999
KOR,energy,2024-08-01,118.2732,2015,OECD coicop1999
KOR,energy,2024-09-01,125.0441,2015,OECD coicop1999
KOR,energy,2024-10-01,124.9587,2015,OECD coicop1999
KOR,energy,2024-11-01,125.0014,2015,OECD coicop1999
KOR,energy,2024-12-01,125.0612,2015,OECD coicop1999
KOR,energy,2025-01-01,125.121,2015,OECD coicop1999
KOR,energy,2025-02-01,125.2063,2015,OECD coicop1999
KOR,energy,2025-03-01,125.1807,2015,OECD coicop1999
KOR,energy,2025-04-01,125.1124,2015,OECD coicop1999
KOR,energy,2025-05-01,125.0527,2015,OECD coicop1999
KOR,energy,2025-06-01,125.0014,2015,OECD coicop1999
KOR,energy,2025-07-01,117.9744,2015,OECD coicop1999
KOR,energy,2025-08-01,118.0085,2015,OECD coicop1999
KOR,energy,2025-09-01,124.7624,2015,OECD coicop1999
KOR,energy,2025-10-01,124.7794,2015,OECD coicop1999
KOR,energy,2025-11-01,124.8648,2015,OECD coicop1999
KOR,energy,2025-12-01,124.9502,2015,OECD coicop1999
KOR,energy,2026-01-01,124.9246,2015,OECD coicop1999
KOR,energy,2026-02-01,124.8648,2015,OECD coicop1999
KOR,energy,2026-03-01,125.693,2015,OECD coicop1999
KOR,energy,2026-04-01,126.2053,2015,OECD coicop1999
KOR,energy,2026-05-01,126.4786,2015,OECD coicop1999
KOR,energy,2026-06-01,126.5725,2015,OECD coicop1999
KOR,energy,2026-07-01,119.665,2015,OECD coicop1999
KOR,energy,2026-08-01,119.6906,2015,OECD coicop1999
KOR,food,2014-01-01,97.34669,2015,OECD coicop1999
KOR,food,2014-02-01,98.34168,2015,OECD coicop1999
KOR,food,2014-03-01,98.60179,2015,OECD coicop1999
KOR,food,2014-04-01,98.51433,2015,OECD coicop1999
KOR,food,2014-05-01,98.52341,2015,OECD coicop1999
KOR,food,2014-06-01,98.09066,2015,OECD coicop1999
KOR,food,2014-07-01,98.40302,2015,OECD coicop1999
KOR,food,2014-08-01,99.19923,2015,OECD coicop1999
KOR,food,2014-09-01,99.85575,2015,OECD coicop1999
KOR,food,2014-10-01,97.91006,2015,OECD coicop1999
KOR,food,2014-11-01,97.58067,2015,OECD coicop1999
KOR,food,2014-12-01,98.16109,2015,OECD coicop1999
KOR,food,2015-01-01,99.72058,2015,OECD coicop1999
KOR,food,2015-02-01,100.3907,2015,OECD coicop1999
KOR,food,2015-03-01,99.44117,2015,OECD coicop1999
KOR,food,2015-04-01,99.34122,2015,OECD coicop1999
KOR,food,2015-05-01,100.7905,2015,OECD coicop1999
KOR,food,2015-06-01,100.4907,2015,OECD coicop1999
KOR,food,2015-07-01,100.2306,2015,OECD coicop1999
KOR,food,2015-08-01,100.8905,2015,OECD coicop1999
KOR,food,2015-09-01,100.6906,2015,OECD coicop1999
KOR,food,2015-10-01,99.69106,2015,OECD coicop1999
KOR,food,2015-11-01,98.37122,2015,OECD coicop1999
KOR,food,2015-12-01,99.95116,2015,OECD coicop1999
KOR,food,2016-01-01,100.761,2015,OECD coicop1999
KOR,food,2016-02-01,103.4314,2015,OECD coicop1999
KOR,food,2016-03-01,102.2512,2015,OECD coicop1999
KOR,food,2016-04-01,102.3012,2015,OECD coicop1999
KOR,food,2016-05-01,101.2403,2015,OECD coicop1999
KOR,food,2016-06-01,99.66039,2015,OECD coicop1999
KOR,food,2016-07-01,99.6513,2015,OECD coicop1999
KOR,food,2016-08-01,101.0211,2015,OECD coicop1999
KOR,food,2016-09-01,105.9404,2015,OECD coicop1999
KOR,food,2016-10-01,104.4809,2015,OECD coicop1999
KOR,food,2016-11-01,102.9305,2015,OECD coicop1999
KOR,food,2016-12-01,104.0209,2015,OECD coicop1999
KOR,food,2017-01-01,107.1614,2015,OECD coicop1999
KOR,food,2017-02-01,107.2614,2015,OECD coicop1999
KOR,food,2017-03-01,106.3209,2015,OECD coicop1999
KOR,food,2017-04-01,105.1908,2015,OECD coicop1999
KOR,food,2017-05-01,104.8512,2015,OECD coicop1999
KOR,food,2017-06-01,104.0913,2015,OECD coicop1999
KOR,food,2017-07-01,104.3911,2015,OECD coicop1999
KOR,food,2017-08-01,107.5011,2015,OECD coicop1999
KOR,food,2017-09-01,108.8413,2015,OECD coicop1999
KOR,food,2017-10-01,106.1608,2015,OECD coicop1999
KOR,food,2017-11-01,103.2008,2015,OECD coicop1999
KOR,food,2017-12-01,104.4411,2015,OECD coicop1999
KOR,food,2018-01-01,106.0006,2015,OECD coicop1999
KOR,food,2018-02-01,109.0708,2015,OECD coicop1999
KOR,food,2018-03-01,107.3204,2015,OECD coicop1999
KOR,food,2018-04-01,107.8611,2015,OECD coicop1999
KOR,food,2018-05-01,106.8514,2015,OECD coicop1999
KOR,food,2018-06-01,105.4804,2015,OECD coicop1999
KOR,food,2018-07-01,105.8007,2015,OECD coicop1999
KOR,food,2018-08-01,111.3413,2015,OECD coicop1999
KOR,food,2018-09-01,115.2009,2015,OECD coicop1999
KOR,food,2018-10-01,112.1614,2015,OECD coicop1999
KOR,food,2018-11-01,108.671,2015,OECD coicop1999
KOR,food,2018-12-01,108.8606,2015,OECD coicop1999
KOR,food,2019-01-01,108.8004,2015,OECD coicop1999
KOR,food,2019-02-01,109.541,2015,OECD coicop1999
KOR,food,2019-03-01,108.4813,2015,OECD coicop1999
KOR,food,2019-04-01,109.4013,2015,OECD coicop1999
KOR,food,2019-05-01,108.8311,2015,OECD coicop1999
KOR,food,2019-06-01,107.6408,2015,OECD coicop1999
KOR,food,2019-07-01,106.681,2015,OECD coicop1999
KOR,food,2019-08-01,107.701,2015,OECD coicop1999
KOR,food,2019-09-01,110.5212,2015,OECD coicop1999
KOR,food,2019-10-01,110.7404,2015,OECD coicop1999
KOR,food,2019-11-01,107.8906,2015,OECD coicop1999
KOR,food,2019-12-01,109.0106,2015,OECD coicop1999
KOR,food,2020-01-01,110.3577,2015,OECD coicop1999
KOR,food,2020-02-01,109.7898,2015,OECD coicop1999
KOR,food,2020-03-01,111.3799,2015,OECD coicop1999
KOR,food,2020-04-01,110.9142,2015,OECD coicop1999
KOR,food,2020-05-01,111.8229,2015,OECD coicop1999
KOR,food,2020-06-01,112.0841,2015,OECD coicop1999
KOR,food,2020-07-01,112.618,2015,OECD coicop1999
KOR,food,2020-08-01,115.6279,2015,OECD coicop1999
KOR,food,2020-09-01,119.0241,2015,OECD coicop1999
KOR,food,2020-10-01,119.0922,2015,OECD coicop1999
KOR,food,2020-11-01,114.9919,2015,OECD coicop1999
KOR,food,2020-12-01,115.2986,2015,OECD coicop1999
KOR,food,2021-01-01,117.4339,2015,OECD coicop1999
KOR,food,2021-02-01,120.0463,2015,OECD coicop1999
KOR,food,2021-03-01,120.2167,2015,OECD coicop1999
KOR,food,2021-04-01,119.6602,2015,OECD coicop1999
KOR,food,2021-05-01,119.4444,2015,OECD coicop1999
KOR,food,2021-06-01,118.7628,2015,OECD coicop1999
KOR,food,2021-07-01,118.9787,2015,OECD coicop1999
KOR,food,2021-08-01,120.6256,2015,OECD coicop1999
KOR,food,2021-09-01,122.5225,2015,OECD coicop1999
KOR,food,2021-10-01,121.2163,2015,OECD coicop1999
KOR,food,2021-11-01,121.8182,2015,OECD coicop1999
KOR,food,2021-12-01,122.4997,2015,OECD coicop1999
KOR,food,2022-01-01,124.1921,2015,OECD coicop1999
KOR,food,2022-02-01,124.5215,2015,OECD coicop1999
KOR,food,2022-03-01,124.4307,2015,OECD coicop1999
KOR,food,2022-04-01,125.2712,2015,OECD coicop1999
KOR,food,2022-05-01,126.4752,2015,OECD coicop1999
KOR,food,2022-06-01,126.4411,2015,OECD coicop1999
KOR,food,2022-07-01,128.3379,2015,OECD coicop1999
KOR,food,2022-08-01,130.1212,2015,OECD coicop1999
KOR,food,2022-09-01,131.825,2015,OECD coicop1999
KOR,food,2022-10-01,130.3029,2015,OECD coicop1999
KOR,food,2022-11-01,127.7359,2015,OECD coicop1999
KOR,food,2022-12-01,128.9513,2015,OECD coicop1999
KOR,food,2023-01-01,131.0412,2015,OECD coicop1999
KOR,food,2023-02-01,131.6546,2015,OECD coicop1999
KOR,food,2023-03-01,132.2793,2015,OECD coicop1999
KOR,food,2023-04-01,131.6432,2015,OECD coicop1999
KOR,food,2023-05-01,131.7454,2015,OECD coicop1999
KOR,food,2023-06-01,132.0975,2015,OECD coicop1999
KOR,food,2023-07-01,133.2334,2015,OECD coicop1999
KOR,food,2023-08-01,136.9021,2015,OECD coicop1999
KOR,food,2023-09-01,139.0943,2015,OECD coicop1999
KOR,food,2023-10-01,139.5373,2015,OECD coicop1999
KOR,food,2023-11-01,136.073,2015,OECD coicop1999
KOR,food,2023-12-01,136.9362,2015,OECD coicop1999
KOR,food,2024-01-01,138.799,2015,OECD coicop1999
KOR,food,2024-02-01,140.798,2015,OECD coicop1999
KOR,food,2024-03-01,141.0934,2015,OECD coicop1999
KOR,food,2024-04-01,139.4237,2015,OECD coicop1999
KOR,food,2024-05-01,138.4582,2015,OECD coicop1999
KOR,food,2024-06-01,137.0725,2015,OECD coicop1999
KOR,food,2024-07-01,138.0493,2015,OECD coicop1999
KOR,food,2024-08-01,139.6963,2015,OECD coicop1999
KOR,food,2024-09-01,141.6613,2015,OECD coicop1999
KOR,food,2024-10-01,141.4455,2015,OECD coicop1999
KOR,food,2024-11-01,137.7994,2015,OECD coicop1999
KOR,food,2024-12-01,140.4005,2015,OECD coicop1999
KOR,food,2025-01-01,142.127,2015,OECD coicop1999
KOR,food,2025-02-01,143.6263,2015,OECD coicop1999
KOR,food,2025-03-01,144.5463,2015,OECD coicop1999
KOR,food,2025-04-01,143.6603,2015,OECD coicop1999
KOR,food,2025-05-01,141.7294,2015,OECD coicop1999
KOR,food,2025-06-01,141.684,2015,OECD coicop1999
KOR,food,2025-07-01,142.8312,2015,OECD coicop1999
KOR,food,2025-08-01,146.4772,2015,OECD coicop1999
KOR,food,2025-09-01,146.3182,2015,OECD coicop1999
KOR,food,2025-10-01,146.3863,2015,OECD coicop1999
KOR,food,2025-11-01,144.3418,2015,OECD coicop1999
KOR,food,2025-12-01,145.3982,2015,OECD coicop1999
KOR,food,2026-01-01,146.2387,2015,OECD coicop1999
KOR,food,2026-02-01,146.6589,2015,OECD coicop1999
KOR,food,2026-03-01,145.2846,2015,OECD coicop1999
KOR,food,2026-04-01,144.0692,2015,OECD coicop1999
KOR,food,2026-05-01,144.0125,2015,OECD coicop1999
KOR,food,2026-06-01,144.5576,2015,OECD coicop1999
KOR,food,2026-07-01,144.1828,2015,OECD coicop1999
KOR,food,2026-08-01,145.6935,2015,OECD coicop1999
KOR,restaurants_hotels,2014-01-01,96.98967,2015,OECD coicop1999
KOR,restaurants_hotels,2014-02-01,97.24085,2015,OECD coicop1999
KOR,restaurants_hotels,2014-03-01,97.20529,2015,OECD coicop1999
KOR,restaurants_hotels,2014-04-01,97.34978,2015,OECD coicop1999
KOR,restaurants_hotels,2014-05-01,97.50204,2015,OECD coicop1999
KOR,restaurants_hotels,2014-06-01,97.56539,2015,OECD coicop1999
KOR,restaurants_hotels,2014-07-01,97.7988,2015,OECD coicop1999
KOR,restaurants_hotels,2014-08-01,97.95107,2015,OECD coicop1999
KOR,restaurants_hotels,2014-09-01,98.13112,2015,OECD coicop1999
KOR,restaurants_hotels,2014-10-01,98.19447,2015,OECD coicop1999
KOR,restaurants_hotels,2014-11-01,98.32006,2015,OECD coicop1999
KOR,restaurants_hotels,2014-12-01,98.40009,2015,OECD coicop1999
KOR,restaurants_hotels,2015-01-01,98.68795,2015,OECD coicop1999
KOR,restaurants_hotels,2015-02-01,98.85799,2015,OECD coicop1999
KOR,restaurants_hotels,2015-03-01,99.46818,2015,OECD coicop1999
KOR,restaurants_hotels,2015-04-01,99.69824,2015,OECD coicop1999
KOR,restaurants_hotels,2015-05-01,99.79827,2015,OECD coicop1999
KOR,restaurants_hotels,2015-06-01,99.95832,2015,OECD coicop1999
KOR,restaurants_hotels,2015-07-01,100.1884,2015,OECD coicop1999
KOR,restaurants_hotels,2015-08-01,100.3885,2015,OECD coicop1999
KOR,restaurants_hotels,2015-09-01,100.5085,2015,OECD coicop1999
KOR,restaurants_hotels,2015-10-01,100.6285,2015,OECD coicop1999
KOR,restaurants_hotels,2015-11-01,100.7586,2015,OECD coicop1999
KOR,restaurants_hotels,2015-12-01,101.0586,2015,OECD coicop1999
KOR,restaurants_hotels,2016-01-01,101.3976,2015,OECD coicop1999
KOR,restaurants_hotels,2016-02-01,101.6677,2015,OECD coicop1999
KOR,restaurants_hotels,2016-03-01,101.9778,2015,OECD coicop1999
KOR,restaurants_hotels,2016-04-01,102.2579,2015,OECD coicop1999
KOR,restaurants_hotels,2016-05-01,102.3979,2015,OECD coicop1999
KOR,restaurants_hotels,2016-06-01,102.498,2015,OECD coicop1999
KOR,restaurants_hotels,2016-07-01,102.738,2015,OECD coicop1999
KOR,restaurants_hotels,2016-08-01,102.9081,2015,OECD coicop1999
KOR,restaurants_hotels,2016-09-01,102.9181,2015,OECD coicop1999
KOR,restaurants_hotels,2016-10-01,103.0181,2015,OECD coicop1999
KOR,restaurants_hotels,2016-11-01,103.0681,2015,OECD coicop1999
KOR,restaurants_hotels,2016-12-01,103.2682,2015,OECD coicop1999
KOR,restaurants_hotels,2017-01-01,103.7483,2015,OECD coicop1999
KOR,restaurants_hotels,2017-02-01,104.0184,2015,OECD coicop1999
KOR,restaurants_hotels,2017-03-01,104.3085,2015,OECD coicop1999
KOR,restaurants_hotels,2017-04-01,104.4885,2015,OECD coicop1999
KOR,restaurants_hotels,2017-05-01,104.7986,2015,OECD coicop1999
KOR,restaurants_hotels,2017-06-01,104.8687,2015,OECD coicop1999
KOR,restaurants_hotels,2017-07-01,105.1976,2015,OECD coicop1999
KOR,restaurants_hotels,2017-08-01,105.4977,2015,OECD coicop1999
KOR,restaurants_hotels,2017-09-01,105.3577,2015,OECD coicop1999
KOR,restaurants_hotels,2017-10-01,105.5677,2015,OECD coicop1999
KOR,restaurants_hotels,2017-11-01,105.6678,2015,OECD coicop1999
KOR,restaurants_hotels,2017-12-01,106.0679,2015,OECD coicop1999
KOR,restaurants_hotels,2018-01-01,106.548,2015,OECD coicop1999
KOR,restaurants_hotels,2018-02-01,106.9382,2015,OECD coicop1999
KOR,restaurants_hotels,2018-03-01,107.2883,2015,OECD coicop1999
KOR,restaurants_hotels,2018-04-01,107.6984,2015,OECD coicop1999
KOR,restaurants_hotels,2018-05-01,108.0685,2015,OECD coicop1999
KOR,restaurants_hotels,2018-06-01,108.1685,2015,OECD coicop1999
KOR,restaurants_hotels,2018-07-01,108.5175,2015,OECD coicop1999
KOR,restaurants_hotels,2018-08-01,108.7576,2015,OECD coicop1999
KOR,restaurants_hotels,2018-09-01,108.5775,2015,OECD coicop1999
KOR,restaurants_hotels,2018-10-01,108.7376,2015,OECD coicop1999
KOR,restaurants_hotels,2018-11-01,108.9576,2015,OECD coicop1999
KOR,restaurants_hotels,2018-12-01,109.3478,2015,OECD coicop1999
KOR,restaurants_hotels,2019-01-01,109.6979,2015,OECD coicop1999
KOR,restaurants_hotels,2019-02-01,109.8879,2015,OECD coicop1999
KOR,restaurants_hotels,2019-03-01,109.6278,2015,OECD coicop1999
KOR,restaurants_hotels,2019-04-01,109.7979,2015,OECD coicop1999
KOR,restaurants_hotels,2019-05-01,110.0079,2015,OECD coicop1999
KOR,restaurants_hotels,2019-06-01,110.108,2015,OECD coicop1999
KOR,restaurants_hotels,2019-07-01,110.348,2015,OECD coicop1999
KOR,restaurants_hotels,2019-08-01,110.6381,2015,OECD coicop1999
KOR,restaurants_hotels,2019-09-01,110.088,2015,OECD coicop1999
KOR,restaurants_hotels,2019-10-01,110.268,2015,OECD coicop1999
KOR,restaurants_hotels,2019-11-01,110.288,2015,OECD coicop1999
KOR,restaurants_hotels,2019-12-01,110.4481,2015,OECD coicop1999
KOR,restaurants_hotels,2020-01-01,110.8326,2015,OECD coicop1999
KOR,restaurants_hotels,2020-02-01,110.7548,2015,OECD coicop1999
KOR,restaurants_hotels,2020-03-01,110.5881,2015,OECD coicop1999
KOR,restaurants_hotels,2020-04-01,110.677,2015,OECD coicop1999
KOR,restaurants_hotels,2020-05-01,110.9104,2015,OECD coicop1999
KOR,restaurants_hotels,2020-06-01,111.0105,2015,OECD coicop1999
KOR,restaurants_hotels,2020-07-01,111.2772,2015,OECD coicop1999
KOR,restaurants_hotels,2020-08-01,111.5773,2015,OECD coicop1999
KOR,restaurants_hotels,2020-09-01,111.3772,2015,OECD coicop1999
KOR,restaurants_hotels,2020-10-01,111.6218,2015,OECD coicop1999
KOR,restaurants_hotels,2020-11-01,111.3995,2015,OECD coicop1999
KOR,restaurants_hotels,2020-12-01,111.7107,2015,OECD coicop1999
KOR,restaurants_hotels,2021-01-01,112.0219,2015,OECD coicop1999
KOR,restaurants_hotels,2021-02-01,112.322,2015,OECD coicop1999
KOR,restaurants_hotels,2021-03-01,112.7221,2015,OECD coicop1999
KOR,restaurants_hotels,2021-04-01,113.3,2015,OECD coicop1999
KOR,restaurants_hotels,2021-05-01,113.5112,2015,OECD coicop1999
KOR,restaurants_hotels,2021-06-01,113.7224,2015,OECD coicop1999
KOR,restaurants_hotels,2021-07-01,114.367,2015,OECD coicop1999
KOR,restaurants_hotels,2021-08-01,114.9116,2015,OECD coicop1999
KOR,restaurants_hotels,2021-09-01,114.9672,2015,OECD coicop1999
KOR,restaurants_hotels,2021-10-01,115.3895,2015,OECD coicop1999
KOR,restaurants_hotels,2021-11-01,115.9008,2015,OECD coicop1999
KOR,restaurants_hotels,2021-12-01,116.99,2015,OECD coicop1999
KOR,restaurants_hotels,2022-01-01,118.1014,2015,OECD coicop1999
KOR,restaurants_hotels,2022-02-01,119.0684,2015,OECD coicop1999
KOR,restaurants_hotels,2022-03-01,119.9353,2015,OECD coicop1999
KOR,restaurants_hotels,2022-04-01,120.6022,2015,OECD coicop1999
KOR,restaurants_hotels,2022-05-01,121.7581,2015,OECD coicop1999
KOR,restaurants_hotels,2022-06-01,122.6806,2015,OECD coicop1999
KOR,restaurants_hotels,2022-07-01,124.0254,2015,OECD coicop1999
KOR,restaurants_hotels,2022-08-01,125.1591,2015,OECD coicop1999
KOR,restaurants_hotels,2022-09-01,125.1146,2015,OECD coicop1999
KOR,restaurants_hotels,2022-10-01,125.5258,2015,OECD coicop1999
KOR,restaurants_hotels,2022-11-01,125.7259,2015,OECD coicop1999
KOR,restaurants_hotels,2022-12-01,126.515,2015,OECD coicop1999
KOR,restaurants_hotels,2023-01-01,127.1597,2015,OECD coicop1999
KOR,restaurants_hotels,2023-02-01,127.8154,2015,OECD coicop1999
KOR,restaurants_hotels,2023-03-01,128.749,2015,OECD coicop1999
KOR,restaurants_hotels,2023-04-01,129.6937,2015,OECD coicop1999
KOR,restaurants_hotels,2023-05-01,130.0827,2015,OECD coicop1999
KOR,restaurants_hotels,2023-06-01,130.3161,2015,OECD coicop1999
KOR,restaurants_hotels,2023-07-01,131.083,2015,OECD coicop1999
KOR,restaurants_hotels,2023-08-01,131.5943,2015,OECD coicop1999
KOR,restaurants_hotels,2023-09-01,131.1053,2015,OECD coicop1999
KOR,restaurants_hotels,2023-10-01,131.3498,2015,OECD coicop1999
KOR,restaurants_hotels,2023-11-01,131.5721,2015,OECD coicop1999
KOR,restaurants_hotels,2023-12-01,132.1278,2015,OECD coicop1999
KOR,restaurants_hotels,2024-01-01,132.3612,2015,OECD coicop1999
KOR,restaurants_hotels,2024-02-01,132.6946,2015,OECD coicop1999
KOR,restaurants_hotels,2024-03-01,133.1281,2015,OECD coicop1999
KOR,restaurants_hotels,2024-04-01,133.5282,2015,OECD coicop1999
KOR,restaurants_hotels,2024-05-01,133.795,2015,OECD coicop1999
KOR,restaurants_hotels,2024-06-01,134.2284,2015,OECD coicop1999
KOR,restaurants_hotels,2024-07-01,134.8397,2015,OECD coicop1999
KOR,restaurants_hotels,2024-08-01,135.2065,2015,OECD coicop1999
KOR,restaurants_hotels,2024-09-01,134.5063,2015,OECD coicop1999
KOR,restaurants_hotels,2024-10-01,135.1842,2015,OECD coicop1999
KOR,restaurants_hotels,2024-11-01,135.451,2015,OECD coicop1999
KOR,restaurants_hotels,2024-12-01,135.7955,2015,OECD coicop1999
KOR,restaurants_hotels,2025-01-01,136.3179,2015,OECD coicop1999
KOR,restaurants_hotels,2025-02-01,136.5513,2015,OECD coicop1999
KOR,restaurants_hotels,2025-03-01,137.1293,2015,OECD coicop1999
KOR,restaurants_hotels,2025-04-01,137.8072,2015,OECD coicop1999
KOR,restaurants_hotels,2025-05-01,138.2074,2015,OECD coicop1999
KOR,restaurants_hotels,2025-06-01,138.2518,2015,OECD coicop1999
KOR,restaurants_hotels,2025-07-01,139.0965,2015,OECD coicop1999
KOR,restaurants_hotels,2025-08-01,139.4411,2015,OECD coicop1999
KOR,restaurants_hotels,2025-09-01,138.9854,2015,OECD coicop1999
KOR,restaurants_hotels,2025-10-01,139.5078,2015,OECD coicop1999
KOR,restaurants_hotels,2025-11-01,139.3744,2015,OECD coicop1999
KOR,restaurants_hotels,2025-12-01,139.8634,2015,OECD coicop1999
KOR,restaurants_hotels,2026-01-01,140.1524,2015,OECD coicop1999
KOR,restaurants_hotels,2026-02-01,140.697,2015,OECD coicop1999
KOR,restaurants_hotels,2026-03-01,140.8859,2015,OECD coicop1999
KOR,restaurants_hotels,2026-04-01,141.4417,2015,OECD coicop1999
KOR,restaurants_hotels,2026-05-01,141.8751,2015,OECD coicop1999
KOR,restaurants_hotels,2026-06-01,141.9307,2015,OECD coicop1999
KOR,restaurants_hotels,2026-07-01,142.9421,2015,OECD coicop1999
KOR,restaurants_hotels,2026-08-01,143.4089,2015,OECD coicop1999
USA,all_items,2014-01-01,98.69166,2015,OECD coicop1999
USA,all_items,2014-02-01,99.05661,2015,OECD coicop1999
USA,all_items,2014-03-01,99.69453,2015,OECD coicop1999
USA,all_items,2014-04-01,100.0232,2015,OECD coicop1999
USA,all_items,2014-05-01,100.3725,2015,OECD coicop1999
USA,all_items,2014-06-01,100.5595,2015,OECD coicop1999
USA,all_items,2014-07-01,100.5202,2015,OECD coicop1999
USA,all_items,2014-08-01,100.3523,2015,OECD coicop1999
USA,all_items,2014-09-01,100.4278,2015,OECD coicop1999
USA,all_items,2014-10-01,100.1755,2015,OECD coicop1999
USA,all_items,2014-11-01,99.63463,2015,OECD coicop1999
USA,all_items,2014-12-01,99.06969,2015,OECD coicop1999
USA,all_items,2015-01-01,98.60348,2015,OECD coicop1999
USA,all_items,2015-02-01,99.03172,2015,OECD coicop1999
USA,all_items,2015-03-01,99.62112,2015,OECD coicop1999
USA,all_items,2015-04-01,99.82364,2015,OECD coicop1999
USA,all_items,2015-05-01,100.3325,2015,OECD coicop1999
USA,all_items,2015-06-01,100.6839,2015,OECD coicop1999
USA,all_items,2015-07-01,100.6907,2015,OECD coicop1999
USA,all_items,2015-08-01,100.5481,2015,OECD coicop1999
USA,all_items,2015-09-01,100.3915,2015,OECD coicop1999
USA,all_items,2015-10-01,100.3464,2015,OECD coicop1999
USA,all_items,2015-11-01,100.1346,2015,OECD coicop1999
USA,all_items,2015-12-01,99.79242,2015,OECD coicop1999
USA,all_items,2016-01-01,99.95739,2015,OECD coicop1999
USA,all_items,2016-02-01,100.0397,2015,OECD coicop1999
USA,all_items,2016-03-01,100.4704,2015,OECD coicop1999
USA,all_items,2016-04-01,100.9468,2015,OECD coicop1999
USA,all_items,2016-05-01,101.3552,2015,OECD coicop1999
USA,all_items,2016-06-01,101.6881,2015,OECD coicop1999
USA,all_items,2016-07-01,101.5235,2015,OECD coicop1999
USA,all_items,2016-08-01,101.6168,2015,OECD coicop1999
USA,all_items,2016-09-01,101.861,2015,OECD coicop1999
USA,all_items,2016-10-01,101.988,2015,OECD coicop1999
USA,all_items,2016-11-01,101.8294,2015,OECD coicop1999
USA,all_items,2016-12-01,101.8627,2015,OECD coicop1999
USA,all_items,2017-01-01,102.4564,2015,OECD coicop1999
USA,all_items,2017-02-01,102.7787,2015,OECD coicop1999
USA,all_items,2017-03-01,102.8622,2015,OECD coicop1999
USA,all_items,2017-04-01,103.1673,2015,OECD coicop1999
USA,all_items,2017-05-01,103.2555,2015,OECD coicop1999
USA,all_items,2017-06-01,103.3491,2015,OECD coicop1999
USA,all_items,2017-07-01,103.2778,2015,OECD coicop1999
USA,all_items,2017-08-01,103.5871,2015,OECD coicop1999
USA,all_items,2017-09-01,104.1356,2015,OECD coicop1999
USA,all_items,2017-10-01,104.0697,2015,OECD coicop1999
USA,all_items,2017-11-01,104.0723,2015,OECD coicop1999
USA,all_items,2017-12-01,104.0111,2015,OECD coicop1999
USA,all_items,2018-01-01,104.5777,2015,OECD coicop1999
USA,all_items,2018-02-01,105.052,2015,OECD coicop1999
USA,all_items,2018-03-01,105.2895,2015,OECD coicop1999
USA,all_items,2018-04-01,105.708,2015,OECD coicop1999
USA,all_items,2018-05-01,106.1477,2015,OECD coicop1999
USA,all_items,2018-06-01,106.3168,2015,OECD coicop1999
USA,all_items,2018-07-01,106.324,2015,OECD coicop1999
USA,all_items,2018-08-01,106.3831,2015,OECD coicop1999
USA,all_items,2018-09-01,106.5067,2015,OECD coicop1999
USA,all_items,2018-10-01,106.6949,2015,OECD coicop1999
USA,all_items,2018-11-01,106.3375,2015,OECD coicop1999
USA,all_items,2018-12-01,105.9979,2015,OECD coicop1999
USA,all_items,2019-01-01,106.2,2015,OECD coicop1999
USA,all_items,2019-02-01,106.6489,2015,OECD coicop1999
USA,all_items,2019-03-01,107.2505,2015,OECD coicop1999
USA,all_items,2019-04-01,107.8184,2015,OECD coicop1999
USA,all_items,2019-05-01,108.0479,2015,OECD coicop1999
USA,all_items,2019-06-01,108.0695,2015,OECD coicop1999
USA,all_items,2019-07-01,108.25,2015,OECD coicop1999
USA,all_items,2019-08-01,108.2446,2015,OECD coicop1999
USA,all_items,2019-09-01,108.3294,2015,OECD coicop1999
USA,all_items,2019-10-01,108.577,2015,OECD coicop1999
USA,all_items,2019-11-01,108.5188,2015,OECD coicop1999
USA,all_items,2019-12-01,108.4201,2015,OECD coicop1999
USA,all_items,2020-01-01,108.8407,2015,OECD coicop1999
USA,all_items,2020-02-01,109.139,2015,OECD coicop1999
USA,all_items,2020-03-01,108.9015,2015,OECD coicop1999
USA,all_items,2020-04-01,108.1733,2015,OECD coicop1999
USA,all_items,2020-05-01,108.1754,2015,OECD coicop1999
USA,all_items,2020-06-01,108.7673,2015,OECD coicop1999
USA,all_items,2020-07-01,109.3175,2015,OECD coicop1999
USA,all_items,2020-08-01,109.6622,2015,OECD coicop1999
USA,all_items,2020-09-01,109.8149,2015,OECD coicop1999
USA,all_items,2020-10-01,109.8605,2015,OECD coicop1999
USA,all_items,2020-11-01,109.7934,2015,OECD coicop1999
USA,all_items,2020-12-01,109.8968,2015,OECD coicop1999
USA,all_items,2021-01-01,110.3642,2015,OECD coicop1999
USA,all_items,2021-02-01,110.9684,2015,OECD coicop1999
USA,all_items,2021-03-01,111.7544,2015,OECD coicop1999
USA,all_items,2021-04-01,112.6729,2015,OECD coicop1999
USA,all_items,2021-05-01,113.5762,2015,OECD coicop1999
USA,all_items,2021-06-01,114.6314,2015,OECD coicop1999
USA,all_items,2021-07-01,115.1829,2015,OECD coicop1999
USA,all_items,2021-08-01,115.4208,2015,OECD coicop1999
USA,all_items,2021-09-01,115.7343,2015,OECD coicop1999
USA,all_items,2021-10-01,116.6958,2015,OECD coicop1999
USA,all_items,2021-11-01,117.2692,2015,OECD coicop1999
USA,all_items,2021-12-01,117.6295,2015,OECD coicop1999
USA,all_items,2022-01-01,118.6193,2015,OECD coicop1999
USA,all_items,2022-02-01,119.7028,2015,OECD coicop1999
USA,all_items,2022-03-01,121.301,2015,OECD coicop1999
USA,all_items,2022-04-01,121.9782,2015,OECD coicop1999
USA,all_items,2022-05-01,123.3228,2015,OECD coicop1999
USA,all_items,2022-06-01,125.0168,2015,OECD coicop1999
USA,all_items,2022-07-01,125.002,2015,OECD coicop1999
USA,all_items,2022-08-01,124.9577,2015,OECD coicop1999
USA,all_items,2022-09-01,125.2265,2015,OECD coicop1999
USA,all_items,2022-10-01,125.7344,2015,OECD coicop1999
USA,all_items,2022-11-01,125.6074,2015,OECD coicop1999
USA,all_items,2022-12-01,125.2218,2015,OECD coicop1999
USA,all_items,2023-01-01,126.223,2015,OECD coicop1999
USA,all_items,2023-02-01,126.9276,2015,OECD coicop1999
USA,all_items,2023-03-01,127.3478,2015,OECD coicop1999
USA,all_items,2023-04-01,127.9921,2015,OECD coicop1999
USA,all_items,2023-05-01,128.3144,2015,OECD coicop1999
USA,all_items,2023-06-01,128.7287,2015,OECD coicop1999
USA,all_items,2023-07-01,128.9743,2015,OECD coicop1999
USA,all_items,2023-08-01,129.5375,2015,OECD coicop1999
USA,all_items,2023-09-01,129.8595,2015,OECD coicop1999
USA,all_items,2023-10-01,129.8097,2015,OECD coicop1999
USA,all_items,2023-11-01,129.5481,2015,OECD coicop1999
USA,all_items,2023-12-01,129.4194,2015,OECD coicop1999
USA,all_items,2024-01-01,130.1244,2015,OECD coicop1999
USA,all_items,2024-02-01,130.9299,2015,OECD coicop1999
USA,all_items,2024-03-01,131.7762,2015,OECD coicop1999
USA,all_items,2024-04-01,132.2892,2015,OECD coicop1999
USA,all_items,2024-05-01,132.5091,2015,OECD coicop1999
USA,all_items,2024-06-01,132.5538,2015,OECD coicop1999
USA,all_items,2024-07-01,132.7078,2015,OECD coicop1999
USA,all_items,2024-08-01,132.8158,2015,OECD coicop1999
USA,all_items,2024-09-01,133.0289,2015,OECD coicop1999
USA,all_items,2024-10-01,133.182,2015,OECD coicop1999
USA,all_items,2024-11-01,133.1099,2015,OECD coicop1999
USA,all_items,2024-12-01,133.1571,2015,OECD coicop1999
USA,all_items,2025-01-01,134.0288,2015,OECD coicop1999
USA,all_items,2025-02-01,134.6241,2015,OECD coicop1999
USA,all_items,2025-03-01,134.9266,2015,OECD coicop1999
USA,all_items,2025-04-01,135.3468,2015,OECD coicop1999
USA,all_items,2025-05-01,135.6295,2015,OECD coicop1999
USA,all_items,2025-06-01,136.0919,2015,OECD coicop1999
USA,all_items,2025-07-01,136.2974,2015,OECD coicop1999
USA,all_items,2025-08-01,136.6889,2015,OECD coicop1999
USA,all_items,2025-09-01,137.0366,2015,OECD coicop1999
USA,all_items,2025-11-01,136.7505,2015,OECD coicop1999
USA,all_items,2025-12-01,136.7218,2015,OECD coicop1999
USA,all_items,2026-01-01,137.2273,2015,OECD coicop1999
USA,all_items,2026-02-01,137.8741,2015,OECD coicop1999
USA,all_items,2026-03-01,139.3204,2015,OECD coicop1999
USA,all_items,2026-04-01,140.5047,2015,OECD coicop1999
USA,all_items,2026-05-01,141.392,2015,OECD coicop1999
USA,all_items,2026-06-01,140.8979,2015,OECD coicop1999
USA,all_items,2026-07-01,140.8836,2015,OECD coicop1999
USA,all_items,2026-08-01,141.3316,2015,OECD coicop1999
USA,energy,2014-01-01,101.864,2015,OECD coicop1999
USA,energy,2014-02-01,102.8001,2015,OECD coicop1999
USA,energy,2014-03-01,104.5075,2015,OECD coicop1999
USA,energy,2014-04-01,101.8502,2015,OECD coicop1999
USA,energy,2014-05-01,104.0651,2015,OECD coicop1999
USA,energy,2014-06-01,107.464,2015,OECD coicop1999
USA,energy,2014-07-01,107.6457,2015,OECD coicop1999
USA,energy,2014-08-01,106.6454,2015,OECD coicop1999
USA,energy,2014-09-01,105.7596,2015,OECD coicop1999
USA,energy,2014-10-01,102.1,2015,OECD coicop1999
USA,energy,2014-11-01,100.5329,2015,OECD coicop1999
USA,energy,2014-12-01,101.2468,2015,OECD coicop1999
USA,energy,2015-01-01,101.787,2015,OECD coicop1999
USA,energy,2015-02-01,101.392,2015,OECD coicop1999
USA,energy,2015-03-01,100.1547,2015,OECD coicop1999
USA,energy,2015-04-01,99.2245,2015,OECD coicop1999
USA,energy,2015-05-01,99.42002,2015,OECD coicop1999
USA,energy,2015-06-01,103.0154,2015,OECD coicop1999
USA,energy,2015-07-01,102.2985,2015,OECD coicop1999
USA,energy,2015-08-01,101.8453,2015,OECD coicop1999
USA,energy,2015-09-01,100.9822,2015,OECD coicop1999
USA,energy,2015-10-01,97.74033,2015,OECD coicop1999
USA,energy,2015-11-01,96.40723,2015,OECD coicop1999
USA,energy,2015-12-01,95.73279,2015,OECD coicop1999
USA,energy,2016-01-01,96.18111,2015,OECD coicop1999
USA,energy,2016-02-01,95.82561,2015,OECD coicop1999
USA,energy,2016-03-01,95.66071,2015,OECD coicop1999
USA,energy,2016-04-01,95.32793,2015,OECD coicop1999
USA,energy,2016-05-01,96.70644,2015,OECD coicop1999
USA,energy,2016-06-01,99.91771,2015,OECD coicop1999
USA,energy,2016-07-01,100.9151,2015,OECD coicop1999
USA,energy,2016-08-01,101.1422,2015,OECD coicop1999
USA,energy,2016-09-01,101.4295,2015,OECD coicop1999
USA,energy,2016-10-01,98.89864,2015,OECD coicop1999
USA,energy,2016-11-01,97.75415,2015,OECD coicop1999
USA,energy,2016-12-01,98.09384,2015,OECD coicop1999
USA,energy,2017-01-01,99.56123,2015,OECD coicop1999
USA,energy,2017-02-01,100.1004,2015,OECD coicop1999
USA,energy,2017-03-01,99.51778,2015,OECD coicop1999
USA,energy,2017-04-01,100.0629,2015,OECD coicop1999
USA,energy,2017-05-01,101.5875,2015,OECD coicop1999
USA,energy,2017-06-01,104.5421,2015,OECD coicop1999
USA,energy,2017-07-01,104.5875,2015,OECD coicop1999
USA,energy,2017-08-01,104.3811,2015,OECD coicop1999
USA,energy,2017-09-01,104.1283,2015,OECD coicop1999
USA,energy,2017-10-01,101.5125,2015,OECD coicop1999
USA,energy,2017-11-01,101.0503,2015,OECD coicop1999
USA,energy,2017-12-01,101.5737,2015,OECD coicop1999
USA,energy,2018-01-01,102.1731,2015,OECD coicop1999
USA,energy,2018-02-01,103.2623,2015,OECD coicop1999
USA,energy,2018-03-01,102.576,2015,OECD coicop1999
USA,energy,2018-04-01,101.9391,2015,OECD coicop1999
USA,energy,2018-05-01,102.9838,2015,OECD coicop1999
USA,energy,2018-06-01,104.9291,2015,OECD coicop1999
USA,energy,2018-07-01,104.6773,2015,OECD coicop1999
USA,energy,2018-08-01,104.9489,2015,OECD coicop1999
USA,energy,2018-09-01,103.7076,2015,OECD coicop1999
USA,energy,2018-10-01,102.4348,2015,OECD coicop1999
USA,energy,2018-11-01,101.5362,2015,OECD coicop1999
USA,energy,2018-12-01,102.9522,2015,OECD coicop1999
USA,energy,2019-01-01,103.048,2015,OECD coicop1999
USA,energy,2019-02-01,102.5365,2015,OECD coicop1999
USA,energy,2019-03-01,102.4585,2015,OECD coicop1999
USA,energy,2019-04-01,101.9124,2015,OECD coicop1999
USA,energy,2019-05-01,102.2185,2015,OECD coicop1999
USA,energy,2019-06-01,103.9861,2015,OECD coicop1999
USA,energy,2019-07-01,104.1836,2015,OECD coicop1999
USA,energy,2019-08-01,103.7353,2015,OECD coicop1999
USA,energy,2019-09-01,103.1912,2015,OECD coicop1999
USA,energy,2019-10-01,102.2847,2015,OECD coicop1999
USA,energy,2019-11-01,101.788,2015,OECD coicop1999
USA,energy,2019-12-01,101.944,2015,OECD coicop1999
USA,energy,2020-01-01,102.8643,2015,OECD coicop1999
USA,energy,2020-02-01,102.2985,2015,OECD coicop1999
USA,energy,2020-03-01,101.2093,2015,OECD coicop1999
USA,energy,2020-04-01,100.4579,2015,OECD coicop1999
USA,energy,2020-05-01,100.684,2015,OECD coicop1999
USA,energy,2020-06-01,103.0599,2015,OECD coicop1999
USA,energy,2020-07-01,103.1576,2015,OECD coicop1999
USA,energy,2020-08-01,102.8426,2015,OECD coicop1999
USA,energy,2020-09-01,103.6583,2015,OECD coicop1999
USA,energy,2020-10-01,102.7498,2015,OECD coicop1999
USA,energy,2020-11-01,103.0964,2015,OECD coicop1999
USA,energy,2020-12-01,103.7886,2015,OECD coicop1999
USA,energy,2021-01-01,104.5381,2015,OECD coicop1999
USA,energy,2021-02-01,105.7428,2015,OECD coicop1999
USA,energy,2021-03-01,105.9739,2015,OECD coicop1999
USA,energy,2021-04-01,106.8567,2015,OECD coicop1999
USA,energy,2021-05-01,108.0802,2015,OECD coicop1999
USA,energy,2021-06-01,110.6407,2015,OECD coicop1999
USA,energy,2021-07-01,111.5403,2015,OECD coicop1999
USA,energy,2021-08-01,112.5031,2015,OECD coicop1999
USA,energy,2021-09-01,113.6416,2015,OECD coicop1999
USA,energy,2021-10-01,115.8259,2015,OECD coicop1999
USA,energy,2021-11-01,115.7094,2015,OECD coicop1999
USA,energy,2021-12-01,115.82,2015,OECD coicop1999
USA,energy,2022-01-01,119.8983,2015,OECD coicop1999
USA,energy,2022-02-01,119.8608,2015,OECD coicop1999
USA,energy,2022-03-01,122.29,2015,OECD coicop1999
USA,energy,2022-04-01,123.8462,2015,OECD coicop1999
USA,energy,2022-05-01,128.7451,2015,OECD coicop1999
USA,energy,2022-06-01,134.8625,2015,OECD coicop1999
USA,energy,2022-07-01,134.4221,2015,OECD coicop1999
USA,energy,2022-08-01,136.3793,2015,OECD coicop1999
USA,energy,2022-09-01,137.2324,2015,OECD coicop1999
USA,energy,2022-10-01,135.689,2015,OECD coicop1999
USA,energy,2022-11-01,133.881,2015,OECD coicop1999
USA,energy,2022-12-01,134.5564,2015,OECD coicop1999
USA,energy,2023-01-01,138.8252,2015,OECD coicop1999
USA,energy,2023-02-01,135.3029,2015,OECD coicop1999
USA,energy,2023-03-01,131.8853,2015,OECD coicop1999
USA,energy,2023-04-01,129.463,2015,OECD coicop1999
USA,energy,2023-05-01,128.0746,2015,OECD coicop1999
USA,energy,2023-06-01,131.0479,2015,OECD coicop1999
USA,energy,2023-07-01,131.2335,2015,OECD coicop1999
USA,energy,2023-08-01,131.9791,2015,OECD coicop1999
USA,energy,2023-09-01,132.536,2015,OECD coicop1999
USA,energy,2023-10-01,131.3145,2015,OECD coicop1999
USA,energy,2023-11-01,132.0166,2015,OECD coicop1999
USA,energy,2023-12-01,132.2052,2015,OECD coicop1999
USA,energy,2024-01-01,135.4263,2015,OECD coicop1999
USA,energy,2024-02-01,135.613,2015,OECD coicop1999
USA,energy,2024-03-01,135.5132,2015,OECD coicop1999
USA,energy,2024-04-01,133.72,2015,OECD coicop1999
USA,energy,2024-05-01,133.8849,2015,OECD coicop1999
USA,energy,2024-06-01,136.4227,2015,OECD coicop1999
USA,energy,2024-07-01,136.4484,2015,OECD coicop1999
USA,energy,2024-08-01,135.2812,2015,OECD coicop1999
USA,energy,2024-09-01,135.7552,2015,OECD coicop1999
USA,energy,2024-10-01,135.3572,2015,OECD coicop1999
USA,energy,2024-11-01,134.6887,2015,OECD coicop1999
USA,energy,2024-12-01,135.8273,2015,OECD coicop1999
USA,food,2014-01-01,97.14369,2015,OECD coicop1999
USA,food,2014-02-01,97.4544,2015,OECD coicop1999
USA,food,2014-03-01,97.81818,2015,OECD coicop1999
USA,food,2014-04-01,98.28425,2015,OECD coicop1999
USA,food,2014-05-01,98.86997,2015,OECD coicop1999
USA,food,2014-06-01,98.71558,2015,OECD coicop1999
USA,food,2014-07-01,98.99155,2015,OECD coicop1999
USA,food,2014-08-01,99.37656,2015,OECD coicop1999
USA,food,2014-09-01,99.7336,2015,OECD coicop1999
USA,food,2014-10-01,99.9565,2015,OECD coicop1999
USA,food,2014-11-01,99.72105,2015,OECD coicop1999
USA,food,2014-12-01,100.0839,2015,OECD coicop1999
USA,food,2015-01-01,100.3695,2015,OECD coicop1999
USA,food,2015-02-01,100.2769,2015,OECD coicop1999
USA,food,2015-03-01,99.72781,2015,OECD coicop1999
USA,food,2015-04-01,99.60719,2015,OECD coicop1999
USA,food,2015-05-01,99.4885,2015,OECD coicop1999
USA,food,2015-06-01,99.68728,2015,OECD coicop1999
USA,food,2015-07-01,99.89088,2015,OECD coicop1999
USA,food,2015-08-01,100.2112,2015,OECD coicop1999
USA,food,2015-09-01,100.494,2015,OECD coicop1999
USA,food,2015-10-01,100.631,2015,OECD coicop1999
USA,food,2015-11-01,99.9893,2015,OECD coicop1999
USA,food,2015-12-01,99.62649,2015,OECD coicop1999
USA,food,2016-01-01,99.90825,2015,OECD coicop1999
USA,food,2016-02-01,99.92658,2015,OECD coicop1999
USA,food,2016-03-01,99.20384,2015,OECD coicop1999
USA,food,2016-04-01,99.32446,2015,OECD coicop1999
USA,food,2016-05-01,98.79471,2015,OECD coicop1999
USA,food,2016-06-01,98.40583,2015,OECD coicop1999
USA,food,2016-07-01,98.3132,2015,OECD coicop1999
USA,food,2016-08-01,98.27074,2015,OECD coicop1999
USA,food,2016-09-01,98.28425,2015,OECD coicop1999
USA,food,2016-10-01,98.2939,2015,OECD coicop1999
USA,food,2016-11-01,97.78345,2015,OECD coicop1999
USA,food,2016-12-01,97.5866,2015,OECD coicop1999
USA,food,2017-01-01,97.96968,2015,OECD coicop1999
USA,food,2017-02-01,98.1974,2015,OECD coicop1999
USA,food,2017-03-01,98.3354,2015,OECD coicop1999
USA,food,2017-04-01,98.56505,2015,OECD coicop1999
USA,food,2017-05-01,98.62777,2015,OECD coicop1999
USA,food,2017-06-01,98.35373,2015,OECD coicop1999
USA,food,2017-07-01,98.62488,2015,OECD coicop1999
USA,food,2017-08-01,98.58821,2015,OECD coicop1999
USA,food,2017-09-01,98.70207,2015,OECD coicop1999
USA,food,2017-10-01,98.87672,2015,OECD coicop1999
USA,food,2017-11-01,98.39522,2015,OECD coicop1999
USA,food,2017-12-01,98.46566,2015,OECD coicop1999
USA,food,2018-01-01,98.99831,2015,OECD coicop1999
USA,food,2018-02-01,98.72523,2015,OECD coicop1999
USA,food,2018-03-01,98.71365,2015,OECD coicop1999
USA,food,2018-04-01,99.11314,2015,OECD coicop1999
USA,food,2018-05-01,98.77058,2015,OECD coicop1999
USA,food,2018-06-01,98.71751,2015,OECD coicop1999
USA,food,2018-07-01,98.98769,2015,OECD coicop1999
USA,food,2018-08-01,99.07358,2015,OECD coicop1999
USA,food,2018-09-01,99.12182,2015,OECD coicop1999
USA,food,2018-10-01,99.02147,2015,OECD coicop1999
USA,food,2018-11-01,98.78988,2015,OECD coicop1999
USA,food,2018-12-01,99.05235,2015,OECD coicop1999
USA,food,2019-01-01,99.64385,2015,OECD coicop1999
USA,food,2019-02-01,99.92369,2015,OECD coicop1999
USA,food,2019-03-01,100.1283,2015,OECD coicop1999
USA,food,2019-04-01,99.83878,2015,OECD coicop1999
USA,food,2019-05-01,99.95939,2015,OECD coicop1999
USA,food,2019-06-01,99.64578,2015,OECD coicop1999
USA,food,2019-07-01,99.63035,2015,OECD coicop1999
USA,food,2019-08-01,99.54446,2015,OECD coicop1999
USA,food,2019-09-01,99.70465,2015,OECD coicop1999
USA,food,2019-10-01,100.0356,2015,OECD coicop1999
USA,food,2019-11-01,99.77026,2015,OECD coicop1999
USA,food,2019-12-01,99.76737,2015,OECD coicop1999
USA,food,2020-01-01,100.3598,2015,OECD coicop1999
USA,food,2020-02-01,100.742,2015,OECD coicop1999
USA,food,2020-03-01,101.2022,2015,OECD coicop1999
USA,food,2020-04-01,103.9041,2015,OECD coicop1999
USA,food,2020-05-01,104.786,2015,OECD coicop1999
USA,food,2020-06-01,105.2936,2015,OECD coicop1999
USA,food,2020-07-01,104.2563,2015,OECD coicop1999
USA,food,2020-08-01,104.1685,2015,OECD coicop1999
USA,food,2020-09-01,103.7728,2015,OECD coicop1999
USA,food,2020-10-01,104.0054,2015,OECD coicop1999
USA,food,2020-11-01,103.3714,2015,OECD coicop1999
USA,food,2020-12-01,103.7063,2015,OECD coicop1999
USA,food,2021-01-01,104.07,2015,OECD coicop1999
USA,food,2021-02-01,104.3238,2015,OECD coicop1999
USA,food,2021-03-01,104.5361,2015,OECD coicop1999
USA,food,2021-04-01,105.1749,2015,OECD coicop1999
USA,food,2021-05-01,105.4962,2015,OECD coicop1999
USA,food,2021-06-01,106.2788,2015,OECD coicop1999
USA,food,2021-07-01,106.935,2015,OECD coicop1999
USA,food,2021-08-01,107.2737,2015,OECD coicop1999
USA,food,2021-09-01,108.4596,2015,OECD coicop1999
USA,food,2021-10-01,109.603,2015,OECD coicop1999
USA,food,2021-11-01,109.9726,2015,OECD coicop1999
USA,food,2021-12-01,110.4474,2015,OECD coicop1999
USA,food,2022-01-01,111.7172,2015,OECD coicop1999
USA,food,2022-02-01,113.3239,2015,OECD coicop1999
USA,food,2022-03-01,115.0086,2015,OECD coicop1999
USA,food,2022-04-01,116.5815,2015,OECD coicop1999
USA,food,2022-05-01,118.1746,2015,OECD coicop1999
USA,food,2022-06-01,119.2795,2015,OECD coicop1999
USA,food,2022-07-01,120.9961,2015,OECD coicop1999
USA,food,2022-08-01,121.7912,2015,OECD coicop1999
USA,food,2022-09-01,122.4802,2015,OECD coicop1999
USA,food,2022-10-01,123.2367,2015,OECD coicop1999
USA,food,2022-11-01,123.1219,2015,OECD coicop1999
USA,food,2022-12-01,123.5715,2015,OECD coicop1999
USA,food,2023-01-01,124.4053,2015,OECD coicop1999
USA,food,2023-02-01,124.826,2015,OECD coicop1999
USA,food,2023-03-01,124.5838,2015,OECD coicop1999
USA,food,2023-04-01,124.7536,2015,OECD coicop1999
USA,food,2023-05-01,124.8482,2015,OECD coicop1999
USA,food,2023-06-01,124.7439,2015,OECD coicop1999
USA,food,2023-07-01,125.2139,2015,OECD coicop1999
USA,food,2023-08-01,125.3152,2015,OECD coicop1999
USA,food,2023-09-01,125.3914,2015,OECD coicop1999
USA,food,2023-10-01,125.761,2015,OECD coicop1999
USA,food,2023-11-01,125.0962,2015,OECD coicop1999
USA,food,2023-12-01,125.0122,2015,OECD coicop1999
USA,food,2024-01-01,125.8835,2015,OECD coicop1999
USA,food,2024-02-01,126.0322,2015,OECD coicop1999
USA,food,2024-03-01,126.0215,2015,OECD coicop1999
USA,food,2024-04-01,126.1586,2015,OECD coicop1999
USA,food,2024-05-01,126.1296,2015,OECD coicop1999
USA,food,2024-06-01,126.1084,2015,OECD coicop1999
USA,food,2024-07-01,126.448,2015,OECD coicop1999
USA,food,2024-08-01,126.339,2015,OECD coicop1999
USA,food,2024-09-01,126.8581,2015,OECD coicop1999
USA,food,2024-10-01,127.0434,2015,OECD coicop1999
USA,food,2024-11-01,127.0473,2015,OECD coicop1999
USA,food,2024-12-01,127.3725,2015,OECD coicop1999
USA,food,2025-01-01,128.4282,2015,OECD coicop1999
USA,food,2025-02-01,128.5719,2015,OECD coicop1999
USA,food,2025-03-01,129.2043,2015,OECD coicop1999
USA,food,2025-04-01,128.8016,2015,OECD coicop1999
USA,food,2025-05-01,129.0704,2015,OECD coicop1999
USA,food,2025-06-01,129.2923,2015,OECD coicop1999
USA,food,2025-07-01,129.3893,2015,OECD coicop1999
USA,food,2025-08-01,129.9448,2015,OECD coicop1999
USA,food,2025-09-01,130.5371,2015,OECD coicop1999
USA,food,2025-11-01,129.6747,2015,OECD coicop1999
USA,food,2025-12-01,130.381,2015,OECD coicop1999
USA,food,2026-01-01,131.1108,2015,OECD coicop1999
USA,food,2026-02-01,131.7167,2015,OECD coicop1999
USA,food,2026-03-01,131.6577,2015,OECD coicop1999
USA,food,2026-04-01,132.5267,2015,OECD coicop1999
USA,food,2026-05-01,132.6044,2015,OECD coicop1999
USA,food,2026-06-01,132.8456,2015,OECD coicop1999
USA,food,2026-07-01,132.8505,2015,OECD coicop1999
USA,food,2026-08-01,132.7915,2015,OECD coicop1999
USA,restaurants_hotels,2014-01-01,95.0734,2015,OECD coicop1999
USA,restaurants_hotels,2014-02-01,95.69565,2015,OECD coicop1999
USA,restaurants_hotels,2014-03-01,96.50703,2015,OECD coicop1999
USA,restaurants_hotels,2014-04-01,96.77087,2015,OECD coicop1999
USA,restaurants_hotels,2014-05-01,97.48296,2015,OECD coicop1999
USA,restaurants_hotels,2014-06-01,97.74396,2015,OECD coicop1999
USA,restaurants_hotels,2014-07-01,98.18369,2015,OECD coicop1999
USA,restaurants_hotels,2014-08-01,98.12317,2015,OECD coicop1999
USA,restaurants_hotels,2014-09-01,98.03806,2015,OECD coicop1999
USA,restaurants_hotels,2014-10-01,98.02293,2015,OECD coicop1999
USA,restaurants_hotels,2014-11-01,97.72883,2015,OECD coicop1999
USA,restaurants_hotels,2014-12-01,97.69384,2015,OECD coicop1999
USA,restaurants_hotels,2015-01-01,98.33311,2015,OECD coicop1999
USA,restaurants_hotels,2015-02-01,98.87781,2015,OECD coicop1999
USA,restaurants_hotels,2015-03-01,99.54923,2015,OECD coicop1999
USA,restaurants_hotels,2015-04-01,99.79605,2015,OECD coicop1999
USA,restaurants_hotels,2015-05-01,100.0826,2015,OECD coicop1999
USA,restaurants_hotels,2015-06-01,100.3048,2015,OECD coicop1999
USA,restaurants_hotels,2015-07-01,100.8136,2015,OECD coicop1999
USA,restaurants_hotels,2015-08-01,100.5602,2015,OECD coicop1999
USA,restaurants_hotels,2015-09-01,100.6925,2015,OECD coicop1999
USA,restaurants_hotels,2015-10-01,100.6755,2015,OECD coicop1999
USA,restaurants_hotels,2015-11-01,100.2802,2015,OECD coicop1999
USA,restaurants_hotels,2015-12-01,100.0344,2015,OECD coicop1999
USA,restaurants_hotels,2016-01-01,100.9375,2015,OECD coicop1999
USA,restaurants_hotels,2016-02-01,101.5881,2015,OECD coicop1999
USA,restaurants_hotels,2016-03-01,102.1025,2015,OECD coicop1999
USA,restaurants_hotels,2016-04-01,102.2283,2015,OECD coicop1999
USA,restaurants_hotels,2016-05-01,102.8316,2015,OECD coicop1999
USA,restaurants_hotels,2016-06-01,103.4454,2015,OECD coicop1999
USA,restaurants_hotels,2016-07-01,103.4246,2015,OECD coicop1999
USA,restaurants_hotels,2016-08-01,103.4425,2015,OECD coicop1999
USA,restaurants_hotels,2016-09-01,103.2893,2015,OECD coicop1999
USA,restaurants_hotels,2016-10-01,103.2903,2015,OECD coicop1999
USA,restaurants_hotels,2016-11-01,102.5432,2015,OECD coicop1999
USA,restaurants_hotels,2016-12-01,102.4392,2015,OECD coicop1999
USA,restaurants_hotels,2017-01-01,103.2402,2015,OECD coicop1999
USA,restaurants_hotels,2017-02-01,103.9069,2015,OECD coicop1999
USA,restaurants_hotels,2017-03-01,104.2312,2015,OECD coicop1999
USA,restaurants_hotels,2017-04-01,104.6615,2015,OECD coicop1999
USA,restaurants_hotels,2017-05-01,105.1684,2015,OECD coicop1999
USA,restaurants_hotels,2017-06-01,105.3613,2015,OECD coicop1999
USA,restaurants_hotels,2017-07-01,104.9755,2015,OECD coicop1999
USA,restaurants_hotels,2017-08-01,105.4455,2015,OECD coicop1999
USA,restaurants_hotels,2017-09-01,105.4871,2015,OECD coicop1999
USA,restaurants_hotels,2017-10-01,105.523,2015,OECD coicop1999
USA,restaurants_hotels,2017-11-01,104.7485,2015,OECD coicop1999
USA,restaurants_hotels,2017-12-01,104.7268,2015,OECD coicop1999
USA,restaurants_hotels,2018-01-01,105.3168,2015,OECD coicop1999
USA,restaurants_hotels,2018-02-01,105.9958,2015,OECD coicop1999
USA,restaurants_hotels,2018-03-01,106.828,2015,OECD coicop1999
USA,restaurants_hotels,2018-04-01,107.1741,2015,OECD coicop1999
USA,restaurants_hotels,2018-05-01,108.2267,2015,OECD coicop1999
USA,restaurants_hotels,2018-06-01,108.1501,2015,OECD coicop1999
USA,restaurants_hotels,2018-07-01,108.2068,2015,OECD coicop1999
USA,restaurants_hotels,2018-08-01,108.1983,2015,OECD coicop1999
USA,restaurants_hotels,2018-09-01,107.9174,2015,OECD coicop1999
USA,restaurants_hotels,2018-10-01,107.5136,2015,OECD coicop1999
USA,restaurants_hotels,2018-11-01,106.9585,2015,OECD coicop1999
USA,restaurants_hotels,2018-12-01,107.3406,2015,OECD coicop1999
USA,restaurants_hotels,2019-01-01,108.151,2015,OECD coicop1999
USA,restaurants_hotels,2019-02-01,109.1033,2015,OECD coicop1999
USA,restaurants_hotels,2019-03-01,109.8901,2015,OECD coicop1999
USA,restaurants_hotels,2019-04-01,110.5,2015,OECD coicop1999
USA,restaurants_hotels,2019-05-01,111.0816,2015,OECD coicop1999
USA,restaurants_hotels,2019-06-01,111.4845,2015,OECD coicop1999
USA,restaurants_hotels,2019-07-01,111.7266,2015,OECD coicop1999
USA,restaurants_hotels,2019-08-01,111.3663,2015,OECD coicop1999
USA,restaurants_hotels,2019-09-01,111.5232,2015,OECD coicop1999
USA,restaurants_hotels,2019-10-01,110.7733,2015,OECD coicop1999
USA,restaurants_hotels,2019-11-01,110.2362,2015,OECD coicop1999
USA,restaurants_hotels,2019-12-01,110.1161,2015,OECD coicop1999
USA,restaurants_hotels,2020-01-01,110.9757,2015,OECD coicop1999
USA,restaurants_hotels,2020-02-01,112.0169,2015,OECD coicop1999
USA,restaurants_hotels,2020-03-01,111.7029,2015,OECD coicop1999
USA,restaurants_hotels,2020-04-01,110.9937,2015,OECD coicop1999
USA,restaurants_hotels,2020-05-01,111.5639,2015,OECD coicop1999
USA,restaurants_hotels,2020-06-01,112.3186,2015,OECD coicop1999
USA,restaurants_hotels,2020-07-01,112.8349,2015,OECD coicop1999
USA,restaurants_hotels,2020-08-01,112.954,2015,OECD coicop1999
USA,restaurants_hotels,2020-09-01,113.1233,2015,OECD coicop1999
USA,restaurants_hotels,2020-10-01,112.4689,2015,OECD coicop1999
USA,restaurants_hotels,2020-11-01,112.4027,2015,OECD coicop1999
USA,restaurants_hotels,2020-12-01,112.5521,2015,OECD coicop1999
USA,restaurants_hotels,2021-01-01,113.0883,2015,OECD coicop1999
USA,restaurants_hotels,2021-02-01,113.3446,2015,OECD coicop1999
USA,restaurants_hotels,2021-03-01,114.3016,2015,OECD coicop1999
USA,restaurants_hotels,2021-04-01,115.6265,2015,OECD coicop1999
USA,restaurants_hotels,2021-05-01,116.5485,2015,OECD coicop1999
USA,restaurants_hotels,2021-06-01,118.3859,2015,OECD coicop1999
USA,restaurants_hotels,2021-07-01,120.2101,2015,OECD coicop1999
USA,restaurants_hotels,2021-08-01,119.8612,2015,OECD coicop1999
USA,restaurants_hotels,2021-09-01,120.0418,2015,OECD coicop1999
USA,restaurants_hotels,2021-10-01,120.368,2015,OECD coicop1999
USA,restaurants_hotels,2021-11-01,120.7009,2015,OECD coicop1999
USA,restaurants_hotels,2021-12-01,121.3147,2015,OECD coicop1999
USA,restaurants_hotels,2022-01-01,121.8565,2015,OECD coicop1999
USA,restaurants_hotels,2022-02-01,123.2741,2015,OECD coicop1999
USA,restaurants_hotels,2022-03-01,124.8013,2015,OECD coicop1999
USA,restaurants_hotels,2022-04-01,126.0222,2015,OECD coicop1999
USA,restaurants_hotels,2022-05-01,127.3348,2015,OECD coicop1999
USA,restaurants_hotels,2022-06-01,128.2161,2015,OECD coicop1999
USA,restaurants_hotels,2022-07-01,128.5689,2015,OECD coicop1999
USA,restaurants_hotels,2022-08-01,129.1164,2015,OECD coicop1999
USA,restaurants_hotels,2022-09-01,129.454,2015,OECD coicop1999
USA,restaurants_hotels,2022-10-01,130.4517,2015,OECD coicop1999
USA,restaurants_hotels,2022-11-01,130.2389,2015,OECD coicop1999
USA,restaurants_hotels,2022-12-01,130.6124,2015,OECD coicop1999
USA,restaurants_hotels,2023-01-01,131.2706,2015,OECD coicop1999
USA,restaurants_hotels,2023-02-01,131.9969,2015,OECD coicop1999
USA,restaurants_hotels,2023-03-01,132.7364,2015,OECD coicop1999
USA,restaurants_hotels,2023-04-01,133.2669,2015,OECD coicop1999
USA,restaurants_hotels,2023-05-01,133.8608,2015,OECD coicop1999
USA,restaurants_hotels,2023-06-01,134.3828,2015,OECD coicop1999
USA,restaurants_hotels,2023-07-01,134.6514,2015,OECD coicop1999
USA,restaurants_hotels,2023-08-01,135.1233,2015,OECD coicop1999
USA,restaurants_hotels,2023-09-01,135.7105,2015,OECD coicop1999
USA,restaurants_hotels,2023-10-01,136.1881,2015,OECD coicop1999
USA,restaurants_hotels,2023-11-01,136.7394,2015,OECD coicop1999
USA,restaurants_hotels,2023-12-01,137.1489,2015,OECD coicop1999
USA,restaurants_hotels,2024-01-01,137.7106,2015,OECD coicop1999
USA,restaurants_hotels,2024-02-01,137.7759,2015,OECD coicop1999
USA,restaurants_hotels,2024-03-01,138.1154,2015,OECD coicop1999
USA,restaurants_hotels,2024-04-01,138.592,2015,OECD coicop1999
USA,restaurants_hotels,2024-05-01,139.0128,2015,OECD coicop1999
USA,restaurants_hotels,2024-06-01,139.6038,2015,OECD coicop1999
USA,restaurants_hotels,2024-07-01,139.8904,2015,OECD coicop1999
USA,restaurants_hotels,2024-08-01,140.2866,2015,OECD coicop1999
USA,restaurants_hotels,2024-09-01,140.7471,2015,OECD coicop1999
USA,restaurants_hotels,2024-10-01,141.1604,2015,OECD coicop1999
USA,restaurants_hotels,2024-11-01,141.5557,2015,OECD coicop1999
USA,restaurants_hotels,2024-12-01,141.8971,2015,OECD coicop1999
