DATAFLOW,REF_AREA,FREQ,METHODOLOGY,MEASURE,UNIT_MEASURE,EXPENDITURE,ADJUSTMENT,TRANSFORMATION,TIME_PERIOD,OBS_VALUE,OBS_STATUS,UNIT_MULT,BASE_PER,DURABILITY,DECIMALS
OECD.SDD.TPS:DSD_PRICES@DF_PRICES_ALL(1.0),USA,M,N,CPI,IX,CP01,N,_Z,2014-01,97.14369,A,,2015,,2
OECD.SDD.TPS:DSD_PRICES@DF_PRICES_ALL(1.0),USA,M,N,CPI,IX,CP01,N,_Z,2014-02,97.4544,A,,2015,,2
OECD.SDD.TPS:DSD_PRICES@DF_PRICES_ALL(1.0),USA,M,N,CPI,IX,CP01,N,_Z,2014-03,97.81818,A,,2015,,2
OECD.SDD.TPS:DSD_PRICES@DF_PRICES_ALL(1.0),USA,M,N,CPI,IX,CP01,N,_Z,2014-04,98.28425,A,,2015,,2
OECD.SDD.TPS:DSD_PRICES@DF_PRICES_ALL(1.0),USA,M,N,CPI,IX,CP01,N,_Z,2014-05,98.86997,A,,2015,,2
OECD.SDD.TPS:DSD_PRICES@DF_PRICES_ALL(1.0),USA,M,N,CPI,IX,CP01,N,_Z,2014-06,98.71558,A,,2015,,2
OECD.SDD.TPS:DSD_PRICES@DF_PRICES_ALL(1.0),USA,M,N,CPI,IX,CP01,N,_Z,2014-07,98.99155,A,,2015,,2
OECD.SDD.TPS:DSD_PRICES@DF_PRICES_ALL(1.0),USA,M,N,CPI,IX,CP01,N,_Z,2014-08,99.37656,A,,2015,,2
OECD.SDD.TPS:DSD_PRICES@DF_PRICES_ALL(1.0),USA,M,N,CPI,IX,CP01,N,_Z,2014-09,99.7336,A,,2015,,2
OECD.SDD.TPS:DSD_PRICES@DF_PRICES_ALL(1.0),USA,M,N,CPI,IX,CP01,N,_Z,2014-10,99.9565,A,,2015,,2
OECD.SDD.TPS:DSD_PRICES@DF_PRICES_ALL(1.0),USA,M,N,CPI,IX,CP01,N,_Z,2014-11,99.72105,A,,2015,,2
OECD.SDD.TPS:DSD_PRICES@DF_PRICES_ALL(1.0),USA,M,N,CPI,IX,CP01,N,_Z,2014-12,100.0839,A,,2015,,2
OECD.SDD.TPS:DSD_PRICES@DF_PRICES_ALL(1.0),USA,M,N,CPI,IX,CP01,N,_Z,2015-01,100.3695,A,,2015,,2
OECD.SDD.TPS:DSD_PRICES@DF_PRICES_ALL(1.0),USA,M,N,CPI,IX,CP01,N,_Z,2015-02,100.2769,A,,2015,,2
OECD.SDD.TPS:DSD_PRICES@DF_PRICES_ALL(1.0),USA,M,N,CPI,IX,CP01,N,_Z,2015-03,99.72781,A,,2015,,2
OECD.SDD.TPS:DSD_PRICES@DF_PRICES_ALL(1.0),USA,M,N,CPI,IX,CP01,N,_Z,2015-04,99.60719,A,,2015,,2
OECD.SDD.TPS:DSD_PRICES@DF_PRICES_ALL(1.0),USA,M,N,CPI,IX,CP01,N,_Z,2015-05,99.4885,A,,2015,,2
OECD.SDD.TPS:DSD_PRICES@DF_PRICES_ALL(1.0),USA,M,N,CPI,IX,CP01,N,_Z,2015-06,99.68728,A,,2015,,2
OECD.SDD.TPS:DSD_PRICES@DF_PRICES_ALL(1.0),USA,M,N,CPI,IX,CP01,N,_Z,2015-07,99.89088,A,,2015,,2
OECD.SDD.TPS:DSD_PRICES@DF_PRICES_ALL(1.0),USA,M,N,CPI,IX,CP01,N,_Z,2015-08,100.2112,A,,2015,,2
OECD.SDD.TPS:DSD_PRICES@DF_PRICES_ALL(1.0),USA,M,N,CPI,IX,CP01,N,_Z,2015-09,100.494,A,,2015,,2
OECD.SDD.TPS:DSD_PRICES@DF_PRICES_ALL(1.0),USA,M,N,CPI,IX,CP01,N,_Z,2015-10,100.631,A,,2015,,2
OECD.SDD.TPS:DSD_PRICES@DF_PRICES_ALL(1.0),USA,M,N,CPI,IX,CP01,N,_Z,2015-11,99.9893,A,,2015,,2
OECD.SDD.TPS:DSD_PRICES@DF_PRICES_ALL(1.0),USA,M,N,CPI,IX,CP01,N,_Z,2015-12,99.62649,A,,2015,,2
OECD.SDD.TPS:DSD_PRICES@DF_PRICES_ALL(1.0),USA,M,N,CPI,IX,CP01,N,_Z,2016-01,99.90825,A,,2015,,2
OECD.SDD.TPS:DSD_PRICES@DF_PRICES_ALL(1.0),USA,M,N,CPI,IX,CP01,N,_Z,2016-02,99.92658,A,,2015,,2
OECD.SDD.TPS:DSD_PRICES@DF_PRICES_ALL(1.0),USA,M,N,CPI,IX,CP01,N,_Z,2016-03,99.20384,A,,2015,,2
OECD.SDD.TPS:DSD_PRICES@DF_PRICES_ALL(1.0),USA,M,N,CPI,IX,CP01,N,_Z,2016-04,99.32446,A,,2015,,2
OECD.SDD.TPS:DSD_PRICES@DF_PRICES_ALL(1.0),USA,M,N,CPI,IX,CP01,N,_Z,2016-05,98.79471,A,,2015,,2
OECD.SDD.TPS:DSD_PRICES@DF_PRICES_ALL(1.0),USA,M,N,CPI,IX,CP01,N,_Z,2016-06,98.40583,A,,2015,,2
OECD.SDD.TPS:DSD_PRICES@DF_PRICES_ALL(1.0),USA,M,N,CPI,IX,CP01,N,_Z,2016-07,98.3132,A,,2015,,2
OECD.SDD.TPS:DSD_PRICES@DF_PRICES_ALL(1.0),USA,M,N,CPI,IX,CP01,N,_Z,2016-08,98.27074,A,,2015,,2
OECD.SDD.TPS:DSD_PRICES@DF_PRICES_ALL(1.0),USA,M,N,CPI,IX,CP01,N,_Z,2016-09,98.28425,A,,2015,,2
OECD.SDD.TPS:DSD_PRICES@DF_PRICES_ALL(1.0),USA,M,N,CPI,IX,CP01,N,_Z,2016-10,98.2939,A,,2015,,2
OECD.SDD.TPS:DSD_PRICES@DF_PRICES_ALL(1.0),USA,M,N,CPI,IX,CP01,N,_Z,2016-11,97.78345,A,,2015,,2
OECD.SDD.TPS:DSD_PRICES@DF_PRICES_ALL(1.0),USA,M,N,CPI,IX,CP01,N,_Z,2016-12,97.5866,A,,2015,,2
OECD.SDD.TPS:DSD_PRICES@DF_PRICES_ALL(1.0),USA,M,N,CPI,IX,CP01,N,_Z,2017-01,97.96968,A,,2015,,2
OECD.SDD.TPS:DSD_PRICES@DF_PRICES_ALL(1.0),USA,M,N,CPI,IX,CP01,N,_Z,2017-02,98.1974,A,,2015,,2
OECD.SDD.TPS:DSD_PRICES@DF_PRICES_ALL(1.0),USA,M,N,CPI,IX,CP01,N,_Z,2017-03,98.3354,A,,2015,,2
OECD.SDD.TPS:DSD_PRICES@DF_PRICES_ALL(1.0),USA,M,N,CPI,IX,CP01,N,_Z,2017-04,98.56505,A,,2015,,2
OECD.SDD.TPS:DSD_PRICES@DF_PRICES_ALL(1.0),USA,M,N,CPI,IX,CP01,N,_Z,2017-05,98.62777,A,,2015,,2
OECD.SDD.TPS:DSD_PRICES@DF_PRICES_ALL(1.0),USA,M,N,CPI,IX,CP01,N,_Z,2017-06,98.35373,A,,2015,,2
OECD.SDD.TPS:DSD_PRICES@DF_PRICES_ALL(1.0),USA,M,N,CPI,IX,CP01,N,_Z,2017-07,98.62488,A,,2015,,2
OECD.SDD.TPS:DSD_PRICES@DF_PRICES_ALL(1.0),USA,M,N,CPI,IX,CP01,N,_Z,2017-08,98.58821,A,,2015,,2
OECD.SDD.TPS:DSD_PRICES@DF_PRICES_ALL(1.0),USA,M,N,CPI,IX,CP01,N,_Z,2017-09,98.70207,A,,2015,,2
OECD.SDD.TPS:DSD_PRICES@DF_PRICES_ALL(1.0),USA,M,N,CPI,IX,CP01,N,_Z,2017-10,98.87672,A,,2015,,2
OECD.SDD.TPS:DSD_PRICES@DF_PRICES_ALL(1.0),USA,M,N,CPI,IX,CP01,N,_Z,2017-11,98.39522,A,,2015,,2
OECD.SDD.TPS:DSD_PRICES@DF_PRICES_ALL(1.0),USA,M,N,CPI,IX,CP01,N,_Z,2017-12,98.46566,A,,2015,,2
OECD.SDD.TPS:DSD_PRICES@DF_PRICES_ALL(1.0),USA,M,N,CPI,IX,CP01,N,_Z,2018-01,98.99831,A,,2015,,2
OECD.SDD.TPS:DSD_PRICES@DF_PRICES_ALL(1.0),USA,M,N,CPI,IX,CP01,N,_Z,2018-02,98.72523,A,,2015,,2
OECD.SDD.TPS:DSD_PRICES@DF_PRICES_ALL(1.0),USA,M,N,CPI,IX,CP01,N,_Z,2018-03,98.71365,A,,2015,,2
OECD.SDD.TPS:DSD_PRICES@DF_PRICES_ALL(1.0),USA,M,N,CPI,IX,CP01,N,_Z,2018-04,99.11314,A,,2015,,2
OECD.SDD.TPS:DSD_PRICES@DF_PRICES_ALL(1.0),USA,M,N,CPI,IX,CP01,N,_Z,2018-05,98.77058,A,,2015,,2
OECD.SDD.TPS:DSD_PRICES@DF_PRICES_ALL(1.0),USA,M,N,CPI,IX,CP01,N,_Z,2018-06,98.71751,A,,2015,,2
OECD.SDD.TPS:DSD_PRICES@DF_PRICES_ALL(1.0),USA,M,N,CPI,IX,CP01,N,_Z,2018-07,98.98769,A,,2015,,2
OECD.SDD.TPS:DSD_PRICES@DF_PRICES_ALL(1.0),USA,M,N,CPI,IX,CP01,N,_Z,2018-08,99.07358,A,,2015,,2
OECD.SDD.TPS:DSD_PRICES@DF_PRICES_ALL(1.0),USA,M,N,CPI,IX,CP01,N,_Z,2018-09,99.12182,A,,2015,,2
OECD.SDD.TPS:DSD_PRICES@DF_PRICES_ALL(1.0),USA,M,N,CPI,IX,CP01,N,_Z,2018-10,99.02147,A,,2015,,2
OECD.SDD.TPS:DSD_PRICES@DF_PRICES_ALL(1.0),USA,M,N,CPI,IX,CP01,N,_Z,2018-11,98.78988,A,,2015,,2
OECD.SDD.TPS:DSD_PRICES@DF_PRICES_ALL(1.0),USA,M,N,CPI,IX,CP01,N,_Z,2018-12,99.05235,A,,2015,,2
OECD.SDD.TPS:DSD_PRICES@DF_PRICES_ALL(1.0),USA,M,N,CPI,IX,CP01,N,_Z,2019-01,99.64385,A,,2015,,2
OECD.SDD.TPS:DSD_PRICES@DF_PRICES_ALL(1.0),USA,M,N,CPI,IX,CP01,N,_Z,2019-02,99.92369,A,,2015,,2
OECD.SDD.TPS:DSD_PRICES@DF_PRICES_ALL(1.0),USA,M,N,CPI,IX,CP01,N,_Z,2019-03,100.1283,A,,2015,,2
OECD.SDD.TPS:DSD_PRICES@DF_PRICES_ALL(1.0),USA,M,N,CPI,IX,CP01,N,_Z,2019-04,99.83878,A,,2015,,2
OECD.SDD.TPS:DSD_PRICES@DF_PRICES_ALL(1.0),USA,M,N,CPI,IX,CP01,N,_Z,2019-05,99.95939,A,,2015,,2
OECD.SDD.TPS:DSD_PRICES@DF_PRICES_ALL(1.0),USA,M,N,CPI,IX,CP01,N,_Z,2019-06,99.64578,A,,2015,,2
OECD.SDD.TPS:DSD_PRICES@DF_PRICES_ALL(1.0),USA,M,N,CPI,IX,CP01,N,_Z,2019-07,99.63035,A,,2015,,2
OECD.SDD.TPS:DSD_PRICES@DF_PRICES_ALL(1.0),USA,M,N,CPI,IX,CP01,N,_Z,2019-08,99.54446,A,,2015,,2
OECD.SDD.TPS:DSD_PRICES@DF_PRICES_ALL(1.0),USA,M,N,CPI,IX,CP01,N,_Z,2019-09,99.70465,A,,2015,,2
OECD.SDD.TPS:DSD_PRICES@DF_PRICES_ALL(1.0),USA,M,N,CPI,IX,CP01,N,_Z,2019-10,100.0356,A,,2015,,2
OECD.SDD.TPS:DSD_PRICES@DF_PRICES_ALL(1.0),USA,M,N,CPI,IX,CP01,N,_Z,2019-11,99.77026,A,,2015,,2
OECD.SDD.TPS:DSD_PRICES@DF_PRICES_ALL(1.0),USA,M,N,CPI,IX,CP01,N,_Z,2019-12,99.76737,A,,2015,,2
OECD.SDD.TPS:DSD_PRICES@DF_PRICES_ALL(1.0),USA,M,N,CPI,IX,CP01,N,_Z,2020-01,100.3598,A,,2015,,2
OECD.SDD.TPS:DSD_PRICES@DF_PRICES_ALL(1.0),USA,M,N,CPI,IX,CP01,N,_Z,2020-02,100.742,A,,2015,,2
OECD.SDD.TPS:DSD_PRICES@DF_PRICES_ALL(1.0),USA,M,N,CPI,IX,CP01,N,_Z,2020-03,101.2022,A,,2015,,2
OECD.SDD.TPS:DSD_PRICES@DF_PRICES_ALL(1.0),USA,M,N,CPI,IX,CP01,N,_Z,2020-04,103.9041,A,,2015,,2
OECD.SDD.TPS:DSD_PRICES@DF_PRICES_ALL(1.0),USA,M,N,CPI,IX,CP01,N,_Z,2020-05,104.786,A,,2015,,2
OECD.SDD.TPS:DSD_PRICES@DF_PRICES_ALL(1.0),USA,M,N,CPI,IX,CP01,N,_Z,2020-06,105.2936,A,,2015,,2
OECD.SDD.TPS:DSD_PRICES@DF_PRICES_ALL(1.0),USA,M,N,CPI,IX,CP01,N,_Z,2020-07,104.2563,A,,2015,,2
OECD.SDD.TPS:DSD_PRICES@DF_PRICES_ALL(1.0),USA,M,N,CPI,IX,CP01,N,_Z,2020-08,104.1685,A,,2015,,2
OECD.SDD.TPS:DSD_PRICES@DF_PRICES_ALL(1.0),USA,M,N,CPI,IX,CP01,N,_Z,2020-09,103.7728,A,,2015,,2
OECD.SDD.TPS:DSD_PRICES@DF_PRICES_ALL(1.0),USA,M,N,CPI,IX,CP01,N,_Z,2020-10,104.0054,A,,2015,,2
OECD.SDD.TPS:DSD_PRICES@DF_PRICES_ALL(1.0),USA,M,N,CPI,IX,CP01,N,_Z,2020-11,103.3714,A,,2015,,2
OECD.SDD.TPS:DSD_PRICES@DF_PRICES_ALL(1.0),USA,M,N,CPI,IX,CP01,N,_Z,2020-12,103.7063,A,,2015,,2
OECD.SDD.TPS:DSD_PRICES@DF_PRICES_ALL(1.0),USA,M,N,CPI,IX,CP01,N,_Z,2021-01,104.07,A,,2015,,2
OECD.SDD.TPS:DSD_PRICES@DF_PRICES_ALL(1.0),USA,M,N,CPI,IX,CP01,N,_Z,2021-02,104.3238,A,,2015,,2
OECD.SDD.TPS:DSD_PRICES@DF_PRICES_ALL(1.0),USA,M,N,CPI,IX,CP01,N,_Z,2021-03,104.5361,A,,2015,,2
OECD.SDD.TPS:DSD_PRICES@DF_PRICES_ALL(1.0),USA,M,N,CPI,IX,CP01,N,_Z,2021-04,105.1749,A,,2015,,2
OECD.SDD.TPS:DSD_PRICES@DF_PRICES_ALL(1.0),USA,M,N,CPI,IX,CP01,N,_Z,2021-05,105.4962,A,,2015,,2
OECD.SDD.TPS:DSD_PRICES@DF_PRICES_ALL(1.0),USA,M,N,CPI,IX,CP01,N,_Z,2021-06,106.2788,A,,2015,,2
OECD.SDD.TPS:DSD_PRICES@DF_PRICES_ALL(1.0),USA,M,N,CPI,IX,CP01,N,_Z,2021-07,106.935,A,,2015,,2
OECD.SDD.TPS:DSD_PRICES@DF_PRICES_ALL(1.0),USA,M,N,CPI,IX,CP01,N,_Z,2021-08,107.2737,A,,2015,,2
OECD.SDD.TPS:DSD_PRICES@DF_PRICES_ALL(1.0),USA,M,N,CPI,IX,CP01,N,_Z,2021-09,108.4596,A,,2015,,2
OECD.SDD.TPS:DSD_PRICES@DF_PRICES_ALL(1.0),USA,M,N,CPI,IX,CP01,N,_Z,2021-10,109.603,A,,2015,,2
OECD.SDD.TPS:DSD_PRICES@DF_PRICES_ALL(1.0),USA,M,N,CPI,IX,CP01,N,_Z,2021-11,109.9726,A,,2015,,2
OECD.SDD.TPS:DSD_PRICES@DF_PRICES_ALL(1.0),USA,M,N,CPI,IX,CP01,N,_Z,2021-12,110.4474,A,,2015,,2
OECD.SDD.TPS:DSD_PRICES@DF_PRICES_ALL(1.0),USA,M,N,CPI,IX,CP01,N,_Z,2022-01,111.7172,A,,2015,,2
OECD.SDD.TPS:DSD_PRICES@DF_PRICES_ALL(1.0),USA,M,N,CPI,IX,CP01,N,_Z,2022-02,113.3239,A,,2015,,2
OECD.SDD.TPS:DSD_PRICES@DF_PRICES_ALL(1.0),USA,M,N,CPI,IX,CP01,N,_Z,2022-03,115.0086,A,,2015,,2
OECD.SDD.TPS:DSD_PRICES@DF_PRICES_ALL(1.0),USA,M,N,CPI,IX,CP01,N,_Z,2022-04,116.5815,A,,2015,,2
OECD.SDD.TPS:DSD_PRICES@DF_PRICES_ALL(1.0),USA,M,N,CPI,IX,CP01,N,_Z,2022-05,118.1746,A,,2015,,2
OECD.SDD.TPS:DSD_PRICES@DF_PRICES_ALL(1.0),USA,M,N,CPI,IX,CP01,N,_Z,2022-06,119.2795,A,,2015,,2
OECD.SDD.TPS:DSD_PRICES@DF_PRICES_ALL(1.0),USA,M,N,CPI,IX,CP01,N,_Z,2022-07,120.9961,A,,2015,,2
OECD.SDD.TPS:DSD_PRICES@DF_PRICES_ALL(1.0),USA,M,N,CPI,IX,CP01,N,_Z,2022-08,121.7912,A,,2015,,2
OECD.SDD.TPS:DSD_PRICES@DF_PRICES_ALL(1.0),USA,M,N,CPI,IX,CP01,N,_Z,2022-09,122.4802,A,,2015,,2
OECD.SDD.TPS:DSD_PRICES@DF_PRICES_ALL(1.0),USA,M,N,CPI,IX,CP01,N,_Z,2022-10,123.2367,A,,2015,,2
OECD.SDD.TPS:DSD_PRICES@DF_PRICES_ALL(1.0),USA,M,N,CPI,IX,CP01,N,_Z,2022-11,123.1219,A,,2015,,2
OECD.SDD.TPS:DSD_PRICES@DF_PRICES_ALL(1.0),USA,M,N,CPI,IX,CP01,N,_Z,2022-12,123.5715,A,,2015,,2
OECD.SDD.TPS:DSD_PRICES@DF_PRICES_ALL(1.0),USA,M,N,CPI,IX,CP01,N,_Z,2023-01,124.4053,A,,2015,,2
OECD.SDD.TPS:DSD_PRICES@DF_PRICES_ALL(1.0),USA,M,N,CPI,IX,CP01,N,_Z,2023-02,124.826,A,,2015,,2
OECD.SDD.TPS:DSD_PRICES@DF_PRICES_ALL(1.0),USA,M,N,CPI,IX,CP01,N,_Z,2023-03,124.5838,A,,2015,,2
OECD.SDD.TPS:DSD_PRICES@DF_PRICES_ALL(1.0),USA,M,N,CPI,IX,CP01,N,_Z,2023-04,124.7536,A,,2015,,2
OECD.SDD.TPS:DSD_PRICES@DF_PRICES_ALL(1.0),USA,M,N,CPI,IX,CP01,N,_Z,2023-05,124.8482,A,,2015,,2
OECD.SDD.TPS:DSD_PRICES@DF_PRICES_ALL(1.0),USA,M,N,CPI,IX,CP01,N,_Z,2023-06,124.7439,A,,2015,,2
OECD.SDD.TPS:DSD_PRICES@DF_PRICES_ALL(1.0),USA,M,N,CPI,IX,CP01,N,_Z,2023-07,125.2139,A,,2015,,2
OECD.SDD.TPS:DSD_PRICES@DF_PRICES_ALL(1.0),USA,M,N,CPI,IX,CP01,N,_Z,2023-08,125.3152,A,,2015,,2
OECD.SDD.TPS:DSD_PRICES@DF_PRICES_ALL(1.0),USA,M,N,CPI,IX,CP01,N,_Z,2023-09,125.3914,A,,2015,,2
OECD.SDD.TPS:DSD_PRICES@DF_PRICES_ALL(1.0),USA,M,N,CPI,IX,CP01,N,_Z,2023-10,125.761,A,,2015,,2
OECD.SDD.TPS:DSD_PRICES@DF_PRICES_ALL(1.0),USA,M,N,CPI,IX,CP01,N,_Z,2023-11,125.0962,A,,2015,,2
OECD.SDD.TPS:DSD_PRICES@DF_PRICES_ALL(1.0),USA,M,N,CPI,IX,CP01,N,_Z,2023-12,125.0122,A,,2015,,2
OECD.SDD.TPS:DSD_PRICES@DF_PRICES_ALL(1.0),USA,M,N,CPI,IX,CP01,N,_Z,2024-01,125.8835,A,,2015,,2
OECD.SDD.TPS:DSD_PRICES@DF_PRICES_ALL(1.0),USA,M,N,CPI,IX,CP01,N,_Z,2024-02,126.0322,A,,2015,,2
OECD.SDD.TPS:DSD_PRICES@DF_PRICES_ALL(1.0),USA,M,N,CPI,IX,CP01,N,_Z,2024-03,126.0215,A,,2015,,2
OECD.SDD.TPS:DSD_PRICES@DF_PRICES_ALL(1.0),USA,M,N,CPI,IX,CP01,N,_Z,2024-04,126.1586,A,,2015,,2
OECD.SDD.TPS:DSD_PRICES@DF_PRICES_ALL(1.0),USA,M,N,CPI,IX,CP01,N,_Z,2024-05,126.1296,A,,2015,,2
OECD.SDD.TPS:DSD_PRICES@DF_PRICES_ALL(1.0),USA,M,N,CPI,IX,CP01,N,_Z,2024-06,126.1084,A,,2015,,2
OECD.SDD.TPS:DSD_PRICES@DF_PRICES_ALL(1.0),USA,M,N,CPI,IX,CP01,N,_Z,2024-07,126.448,A,,2015,,2
OECD.SDD.TPS:DSD_PRICES@DF_PRICES_ALL(1.0),USA,M,N,CPI,IX,CP01,N,_Z,2024-08,126.339,A,,2015,,2
OECD.SDD.TPS:DSD_PRICES@DF_PRICES_ALL(1.0),USA,M,N,CPI,IX,CP01,N,_Z,2024-09,126.8581,A,,2015,,2
OECD.SDD.TPS:DSD_PRICES@DF_PRICES_ALL(1.0),USA,M,N,CPI,IX,CP01,N,_Z,2024-10,127.0434,A,,2015,,2
OECD.SDD.TPS:DSD_PRICES@DF_PRICES_ALL(1.0),USA,M,N,CPI,IX,CP01,N,_Z,2024-11,127.0473,A,,2015,,2
OECD.SDD.TPS:DSD_PRICES@DF_PRICES_ALL(1.0),USA,M,N,CPI,IX,CP01,N,_Z,2024-12,127.3725,A,,2015,,2
OECD.SDD.TPS:DSD_PRICES@DF_PRICES_ALL(1.0),USA,M,N,CPI,IX,CP045,N,_Z,2014-01,101.864,A,,2015,,2
OECD.SDD.TPS:DSD_PRICES@DF_PRICES_ALL(1.0),USA,M,N,CPI,IX,CP045,N,_Z,2014-02,102.8001,A,,2015,,2
OECD.SDD.TPS:DSD_PRICES@DF_PRICES_ALL(1.0),USA,M,N,CPI,IX,CP045,N,_Z,2014-03,104.5075,A,,2015,,2
OECD.SDD.TPS:DSD_PRICES@DF_PRICES_ALL(1.0),USA,M,N,CPI,IX,CP045,N,_Z,2014-04,101.8502,A,,2015,,2
OECD.SDD.TPS:DSD_PRICES@DF_PRICES_ALL(1.0),USA,M,N,CPI,IX,CP045,N,_Z,2014-05,104.0651,A,,2015,,2
OECD.SDD.TPS:DSD_PRICES@DF_PRICES_ALL(1.0),USA,M,N,CPI,IX,CP045,N,_Z,2014-06,107.464,A,,2015,,2
OECD.SDD.TPS:DSD_PRICES@DF_PRICES_ALL(1.0),USA,M,N,CPI,IX,CP045,N,_Z,2014-07,107.6457,A,,2015,,2
OECD.SDD.TPS:DSD_PRICES@DF_PRICES_ALL(1.0),USA,M,N,CPI,IX,CP045,N,_Z,2014-08,106.6454,A,,2015,,2
OECD.SDD.TPS:DSD_PRICES@DF_PRICES_ALL(1.0),USA,M,N,CPI,IX,CP045,N,_Z,2014-09,105.7596,A,,2015,,2
OECD.SDD.TPS:DSD_PRICES@DF_PRICES_ALL(1.0),USA,M,N,CPI,IX,CP045,N,_Z,2014-10,102.1,A,,2015,,2
OECD.SDD.TPS:DSD_PRICES@DF_PRICES_ALL(1.0),USA,M,N,CPI,IX,CP045,N,_Z,2014-11,100.5329,A,,2015,,2
OECD.SDD.TPS:DSD_PRICES@DF_PRICES_ALL(1.0),USA,M,N,CPI,IX,CP045,N,_Z,2014-12,101.2468,A,,2015,,2
OECD.SDD.TPS:DSD_PRICES@DF_PRICES_ALL(1.0),USA,M,N,CPI,IX,CP045,N,_Z,2015-01,101.787,A,,2015,,2
OECD.SDD.TPS:DSD_PRICES@DF_PRICES_ALL(1.0),USA,M,N,CPI,IX,CP045,N,_Z,2015-02,101.392,A,,2015,,2
OECD.SDD.TPS:DSD_PRICES@DF_PRICES_ALL(1.0),USA,M,N,CPI,IX,CP045,N,_Z,2015-03,100.1547,A,,2015,,2
OECD.SDD.TPS:DSD_PRICES@DF_PRICES_ALL(1.0),USA,M,N,CPI,IX,CP045,N,_Z,2015-04,99.2245,A,,2015,,2
OECD.SDD.TPS:DSD_PRICES@DF_PRICES_ALL(1.0),USA,M,N,CPI,IX,CP045,N,_Z,2015-05,99.42002,A,,2015,,2
OECD.SDD.TPS:DSD_PRICES@DF_PRICES_ALL(1.0),USA,M,N,CPI,IX,CP045,N,_Z,2015-06,103.0154,A,,2015,,2
OECD.SDD.TPS:DSD_PRICES@DF_PRICES_ALL(1.0),USA,M,N,CPI,IX,CP045,N,_Z,2015-07,102.2985,A,,2015,,2
OECD.SDD.TPS:DSD_PRICES@DF_PRICES_ALL(1.0),USA,M,N,CPI,IX,CP045,N,_Z,2015-08,101.8453,A,,2015,,2
OECD.SDD.TPS:DSD_PRICES@DF_PRICES_ALL(1.0),USA,M,N,CPI,IX,CP045,N,_Z,2015-09,100.9822,A,,2015,,2
OECD.SDD.TPS:DSD_PRICES@DF_PRICES_ALL(1.0),USA,M,N,CPI,IX,CP045,N,_Z,2015-10,97.74033,A,,2015,,2
OECD.SDD.TPS:DSD_PRICES@DF_PRICES_ALL(1.0),USA,M,N,CPI,IX,CP045,N,_Z,2015-11,96.40723,A,,2015,,2
OECD.SDD.TPS:DSD_PRICES@DF_PRICES_ALL(1.0),USA,M,N,CPI,IX,CP045,N,_Z,2015-12,95.73279,A,,2015,,2
OECD.SDD.TPS:DSD_PRICES@DF_PRICES_ALL(1.0),USA,M,N,CPI,IX,CP045,N,_Z,2016-01,96.18111,A,,2015,,2
OECD.SDD.TPS:DSD_PRICES@DF_PRICES_ALL(1.0),USA,M,N,CPI,IX,CP045,N,_Z,2016-02,95.82561,A,,2015,,2
OECD.SDD.TPS:DSD_PRICES@DF_PRICES_ALL(1.0),USA,M,N,CPI,IX,CP045,N,_Z,2016-03,95.66071,A,,2015,,2
OECD.SDD.TPS:DSD_PRICES@DF_PRICES_ALL(1.0),USA,M,N,CPI,IX,CP045,N,_Z,2016-04,95.32793,A,,2015,,2
OECD.SDD.TPS:DSD_PRICES@DF_PRICES_ALL(1.0),USA,M,N,CPI,IX,CP045,N,_Z,2016-05,96.70644,A,,2015,,2
OECD.SDD.TPS:DSD_PRICES@DF_PRICES_ALL(1.0),USA,M,N,CPI,IX,CP045,N,_Z,2016-06,99.91771,A,,2015,,2
OECD.SDD.TPS:DSD_PRICES@DF_PRICES_ALL(1.0),USA,M,N,CPI,IX,CP045,N,_Z,2016-07,100.9151,A,,2015,,2
OECD.SDD.TPS:DSD_PRICES@DF_PRICES_ALL(1.0),USA,M,N,CPI,IX,CP045,N,_Z,2016-08,101.1422,A,,2015,,2
OECD.SDD.TPS:DSD_PRICES@DF_PRICES_ALL(1.0),USA,M,N,CPI,IX,CP045,N,_Z,2016-09,101.4295,A,,2015,,2
OECD.SDD.TPS:DSD_PRICES@DF_PRICES_ALL(1.0),USA,M,N,CPI,IX,CP045,N,_Z,2016-10,98.89864,A,,2015,,2
OECD.SDD.TPS:DSD_PRICES@DF_PRICES_ALL(1.0),USA,M,N,CPI,IX,CP045,N,_Z,2016-11,97.75415,A,,2015,,2
OECD.SDD.TPS:DSD_PRICES@DF_PRICES_ALL(1.0),USA,M,N,CPI,IX,CP045,N,_Z,2016-12,98.09384,A,,2015,,2
OECD.SDD.TPS:DSD_PRICES@DF_PRICES_ALL(1.0),USA,M,N,CPI,IX,CP045,N,_Z,2017-01,99.56123,A,,2015,,2
OECD.SDD.TPS:DSD_PRICES@DF_PRICES_ALL(1.0),USA,M,N,CPI,IX,CP045,N,_Z,2017-02,100.1004,A,,2015,,2
OECD.SDD.TPS:DSD_PRICES@DF_PRICES_ALL(1.0),USA,M,N,CPI,IX,CP045,N,_Z,2017-03,99.51778,A,,2015,,2
OECD.SDD.TPS:DSD_PRICES@DF_PRICES_ALL(1.0),USA,M,N,CPI,IX,CP045,N,_Z,2017-04,100.0629,A,,2015,,2
OECD.SDD.TPS:DSD_PRICES@DF_PRICES_ALL(1.0),USA,M,N,CPI,IX,CP045,N,_Z,2017-05,101.5875,A,,2015,,2
OECD.SDD.TPS:DSD_PRICES@DF_PRICES_ALL(1.0),USA,M,N,CPI,IX,CP045,N,_Z,2017-06,104.5421,A,,2015,,2
OECD.SDD.TPS:DSD_PRICES@DF_PRICES_ALL(1.0),USA,M,N,CPI,IX,CP045,N,_Z,2017-07,104.5875,A,,2015,,2
OECD.SDD.TPS:DSD_PRICES@DF_PRICES_ALL(1.0),USA,M,N,CPI,IX,CP045,N,_Z,2017-08,104.3811,A,,2015,,2
OECD.SDD.TPS:DSD_PRICES@DF_PRICES_ALL(1.0),USA,M,N,CPI,IX,CP045,N,_Z,2017-09,104.1283,A,,2015,,2
OECD.SDD.TPS:DSD_PRICES@DF_PRICES_ALL(1.0),USA,M,N,CPI,IX,CP045,N,_Z,2017-10,101.5125,A,,2015,,2
OECD.SDD.TPS:DSD_PRICES@DF_PRICES_ALL(1.0),USA,M,N,CPI,IX,CP045,N,_Z,2017-11,101.0503,A,,2015,,2
OECD.SDD.TPS:DSD_PRICES@DF_PRICES_ALL(1.0),USA,M,N,CPI,IX,CP045,N,_Z,2017-12,101.5737,A,,2015,,2
OECD.SDD.TPS:DSD_PRICES@DF_PRICES_ALL(1.0),USA,M,N,CPI,IX,CP045,N,_Z,2018-01,102.1731,A,,2015,,2
OECD.SDD.TPS:DSD_PRICES@DF_PRICES_ALL(1.0),USA,M,N,CPI,IX,CP045,N,_Z,2018-02,103.2623,A,,2015,,2
OECD.SDD.TPS:DSD_PRICES@DF_PRICES_ALL(1.0),USA,M,N,CPI,IX,CP045,N,_Z,2018-03,102.576,A,,2015,,2
OECD.SDD.TPS:DSD_PRICES@DF_PRICES_ALL(1.0),USA,M,N,CPI,IX,CP045,N,_Z,2018-04,101.9391,A,,2015,,2
OECD.SDD.TPS:DSD_PRICES@DF_PRICES_ALL(1.0),USA,M,N,CPI,IX,CP045,N,_Z,2018-05,102.9838,A,,2015,,2
OECD.SDD.TPS:DSD_PRICES@DF_PRICES_ALL(1.0),USA,M,N,CPI,IX,CP045,N,_Z,2018-06,104.9291,A,,2015,,2
OECD.SDD.TPS:DSD_PRICES@DF_PRICES_ALL(1.0),USA,M,N,CPI,IX,CP045,N,_Z,2018-07,104.6773,A,,2015,,2
OECD.SDD.TPS:DSD_PRICES@DF_PRICES_ALL(1.0),USA,M,N,CPI,IX,CP045,N,_Z,2018-08,104.9489,A,,2015,,2
OECD.SDD.TPS:DSD_PRICES@DF_PRICES_ALL(1.0),USA,M,N,CPI,IX,CP045,N,_Z,2018-09,103.7076,A,,2015,,2
OECD.SDD.TPS:DSD_PRICES@DF_PRICES_ALL(1.0),USA,M,N,CPI,IX,CP045,N,_Z,2018-10,102.4348,A,,2015,,2
OECD.SDD.TPS:DSD_PRICES@DF_PRICES_ALL(1.0),USA,M,N,CPI,IX,CP045,N,_Z,2018-11,101.5362,A,,2015,,2
OECD.SDD.TPS:DSD_PRICES@DF_PRICES_ALL(1.0),USA,M,N,CPI,IX,CP045,N,_Z,2018-12,102.9522,A,,2015,,2
OECD.SDD.TPS:DSD_PRICES@DF_PRICES_ALL(1.0),USA,M,N,CPI,IX,CP045,N,_Z,2019-01,103.048,A,,2015,,2
OECD.SDD.TPS:DSD_PRICES@DF_PRICES_ALL(1.0),USA,M,N,CPI,IX,CP045,N,_Z,2019-02,102.5365,A,,2015,,2
OECD.SDD.TPS:DSD_PRICES@DF_PRICES_ALL(1.0),USA,M,N,CPI,IX,CP045,N,_Z,2019-03,102.4585,A,,2015,,2
OECD.SDD.TPS:DSD_PRICES@DF_PRICES_ALL(1.0),USA,M,N,CPI,IX,CP045,N,_Z,2019-04,101.9124,A,,2015,,2
OECD.SDD.TPS:DSD_PRICES@DF_PRICES_ALL(1.0),USA,M,N,CPI,IX,CP045,N,_Z,2019-05,102.2185,A,,2015,,2
OECD.SDD.TPS:DSD_PRICES@DF_PRICES_ALL(1.0),USA,M,N,CPI,IX,CP045,N,_Z,2019-06,103.9861,A,,2015,,2
OECD.SDD.TPS:DSD_PRICES@DF_PRICES_ALL(1.0),USA,M,N,CPI,IX,CP045,N,_Z,2019-07,104.1836,A,,2015,,2
OECD.SDD.TPS:DSD_PRICES@DF_PRICES_ALL(1.0),USA,M,N,CPI,IX,CP045,N,_Z,2019-08,103.7353,A,,2015,,2
OECD.SDD.TPS:DSD_PRICES@DF_PRICES_ALL(1.0),USA,M,N,CPI,IX,CP045,N,_Z,2019-09,103.1912,A,,2015,,2
OECD.SDD.TPS:DSD_PRICES@DF_PRICES_ALL(1.0),USA,M,N,CPI,IX,CP045,N,_Z,2019-10,102.2847,A,,2015,,2
OECD.SDD.TPS:DSD_PRICES@DF_PRICES_ALL(1.0),USA,M,N,CPI,IX,CP045,N,_Z,2019-11,101.788,A,,2015,,2
OECD.SDD.TPS:DSD_PRICES@DF_PRICES_ALL(1.0),USA,M,N,CPI,IX,CP045,N,_Z,2019-12,101.944,A,,2015,,2
OECD.SDD.TPS:DSD_PRICES@DF_PRICES_ALL(1.0),USA,M,N,CPI,IX,CP045,N,_Z,2020-01,102.8643,A,,2015,,2
OECD.SDD.TPS:DSD_PRICES@DF_PRICES_ALL(1.0),USA,M,N,CPI,IX,CP045,N,_Z,2020-02,102.2985,A,,2015,,2
OECD.SDD.TPS:DSD_PRICES@DF_PRICES_ALL(1.0),USA,M,N,CPI,IX,CP045,N,_Z,2020-03,101.2093,A,,2015,,2
OECD.SDD.TPS:DSD_PRICES@DF_PRICES_ALL(1.0),USA,M,N,CPI,IX,CP045,N,_Z,2020-04,100.4579,A,,2015,,2
OECD.SDD.TPS:DSD_PRICES@DF_PRICES_ALL(1.0),USA,M,N,CPI,IX,CP045,N,_Z,2020-05,100.684,A,,2015,,2
OECD.SDD.TPS:DSD_PRICES@DF_PRICES_ALL(1.0),USA,M,N,CPI,IX,CP045,N,_Z,2020-06,103.0599,A,,2015,,2
OECD.SDD.TPS:DSD_PRICES@DF_PRICES_ALL(1.0),USA,M,N,CPI,IX,CP045,N,_Z,2020-07,103.1576,A,,2015,,2
OECD.SDD.TPS:DSD_PRICES@DF_PRICES_ALL(1.0),USA,M,N,CPI,IX,CP045,N,_Z,2020-08,102.8426,A,,2015,,2
OECD.SDD.TPS:DSD_PRICES@DF_PRICES_ALL(1.0),USA,M,N,CPI,IX,CP045,N,_Z,2020-09,103.6583,A,,2015,,2
OECD.SDD.TPS:DSD_PRICES@DF_PRICES_ALL(1.0),USA,M,N,CPI,IX,CP045,N,_Z,2020-10,102.7498,A,,2015,,2
OECD.SDD.TPS:DSD_PRICES@DF_PRICES_ALL(1.0),USA,M,N,CPI,IX,CP045,N,_Z,2020-11,103.0964,A,,2015,,2
OECD.SDD.TPS:DSD_PRICES@DF_PRICES_ALL(1.0),USA,M,N,CPI,IX,CP045,N,_Z,2020-12,103.7886,A,,2015,,2
OECD.SDD.TPS:DSD_PRICES@DF_PRICES_ALL(1.0),USA,M,N,CPI,IX,CP045,N,_Z,2021-01,104.5381,A,,2015,,2
OECD.SDD.TPS:DSD_PRICES@DF_PRICES_ALL(1.0),USA,M,N,CPI,IX,CP045,N,_Z,2021-02,105.7428,A,,2015,,2
OECD.SDD.TPS:DSD_PRICES@DF_PRICES_ALL(1.0),USA,M,N,CPI,IX,CP045,N,_Z,2021-03,105.9739,A,,2015,,2
OECD.SDD.TPS:DSD_PRICES@DF_PRICES_ALL(1.0),USA,M,N,CPI,IX,CP045,N,_Z,2021-04,106.8567,A,,2015,,2
OECD.SDD.TPS:DSD_PRICES@DF_PRICES_ALL(1.0),USA,M,N,CPI,IX,CP045,N,_Z,2021-05,108.0802,A,,2015,,2
OECD.SDD.TPS:DSD_PRICES@DF_PRICES_ALL(1.0),USA,M,N,CPI,IX,CP045,N,_Z,2021-06,110.6407,A,,2015,,2
OECD.SDD.TPS:DSD_PRICES@DF_PRICES_ALL(1.0),USA,M,N,CPI,IX,CP045,N,_Z,2021-07,111.5403,A,,2015,,2
OECD.SDD.TPS:DSD_PRICES@DF_PRICES_ALL(1.0),USA,M,N,CPI,IX,CP045,N,_Z,2021-08,112.5031,A,,2015,,2
OECD.SDD.TPS:DSD_PRICES@DF_PRICES_ALL(1.0),USA,M,N,CPI,IX,CP045,N,_Z,2021-09,113.6416,A,,2015,,2
OECD.SDD.TPS:DSD_PRICES@DF_PRICES_ALL(1.0),USA,M,N,CPI,IX,CP045,N,_Z,2021-10,115.8259,A,,2015,,2
OECD.SDD.TPS:DSD_PRICES@DF_PRICES_ALL(1.0),USA,M,N,CPI,IX,CP045,N,_Z,2021-11,115.7094,A,,2015,,2
OECD.SDD.TPS:DSD_PRICES@DF_PRICES_ALL(1.0),USA,M,N,CPI,IX,CP045,N,_Z,2021-12,115.82,A,,2015,,2
OECD.SDD.TPS:DSD_PRICES@DF_PRICES_ALL(1.0),USA,M,N,CPI,IX,CP045,N,_Z,2022-01,119.8983,A,,2015,,2
OECD.SDD.TPS:DSD_PRICES@DF_PRICES_ALL(1.0),USA,M,N,CPI,IX,CP045,N,_Z,2022-02,119.8608,A,,2015,,2
OECD.SDD.TPS:DSD_PRICES@DF_PRICES_ALL(1.0),USA,M,N,CPI,IX,CP045,N,_Z,2022-03,122.29,A,,2015,,2
OECD.SDD.TPS:DSD_PRICES@DF_PRICES_ALL(1.0),USA,M,N,CPI,IX,CP045,N,_Z,2022-04,123.8462,A,,2015,,2
OECD.SDD.TPS:DSD_PRICES@DF_PRICES_ALL(1.0),USA,M,N,CPI,IX,CP045,N,_Z,2022-05,128.7451,A,,2015,,2
OECD.SDD.TPS:DSD_PRICES@DF_PRICES_ALL(1.0),USA,M,N,CPI,IX,CP045,N,_Z,2022-06,134.8625,A,,2015,,2
OECD.SDD.TPS:DSD_PRICES@DF_PRICES_ALL(1.0),USA,M,N,CPI,IX,CP045,N,_Z,2022-07,134.4221,A,,2015,,2
OECD.SDD.TPS:DSD_PRICES@DF_PRICES_ALL(1.0),USA,M,N,CPI,IX,CP045,N,_Z,2022-08,136.3793,A,,2015,,2
OECD.SDD.TPS:DSD_PRICES@DF_PRICES_ALL(1.0),USA,M,N,CPI,IX,CP045,N,_Z,2022-09,137.2324,A,,2015,,2
OECD.SDD.TPS:DSD_PRICES@DF_PRICES_ALL(1.0),USA,M,N,CPI,IX,CP045,N,_Z,2022-10,135.689,A,,2015,,2
OECD.SDD.TPS:DSD_PRICES@DF_PRICES_ALL(1.0),USA,M,N,CPI,IX,CP045,N,_Z,2022-11,133.881,A,,2015,,2
OECD.SDD.TPS:DSD_PRICES@DF_PRICES_ALL(1.0),USA,M,N,CPI,IX,CP045,N,_Z,2022-12,134.5564,A,,2015,,2
OECD.SDD.TPS:DSD_PRICES@DF_PRICES_ALL(1.0),USA,M,N,CPI,IX,CP045,N,_Z,2023-01,138.8252,A,,2015,,2
OECD.SDD.TPS:DSD_PRICES@DF_PRICES_ALL(1.0),USA,M,N,CPI,IX,CP045,N,_Z,2023-02,135.3029,A,,2015,,2
OECD.SDD.TPS:DSD_PRICES@DF_PRICES_ALL(1.0),USA,M,N,CPI,IX,CP045,N,_Z,2023-03,131.8853,A,,2015,,2
OECD.SDD.TPS:DSD_PRICES@DF_PRICES_ALL(1.0),USA,M,N,CPI,IX,CP045,N,_Z,2023-04,129.463,A,,2015,,2
OECD.SDD.TPS:DSD_PRICES@DF_PRICES_ALL(1.0),USA,M,N,CPI,IX,CP045,N,_Z,2023-05,128.0746,A,,2015,,2
OECD.SDD.TPS:DSD_PRICES@DF_PRICES_ALL(1.0),USA,M,N,CPI,IX,CP045,N,_Z,2023-06,131.0479,A,,2015,,2
OECD.SDD.TPS:DSD_PRICES@DF_PRICES_ALL(1.0),USA,M,N,CPI,IX,CP045,N,_Z,2023-07,131.2335,A,,2015,,2
OECD.SDD.TPS:DSD_PRICES@DF_PRICES_ALL(1.0),USA,M,N,CPI,IX,CP045,N,_Z,2023-08,131.9791,A,,2015,,2
OECD.SDD.TPS:DSD_PRICES@DF_PRICES_ALL(1.0),USA,M,N,CPI,IX,CP045,N,_Z,2023-09,132.536,A,,2015,,2
OECD.SDD.TPS:DSD_PRICES@DF_PRICES_ALL(1.0),USA,M,N,CPI,IX,CP045,N,_Z,2023-10,131.3145,A,,2015,,2
OECD.SDD.TPS:DSD_PRICES@DF_PRICES_ALL(1.0),USA,M,N,CPI,IX,CP045,N,_Z,2023-11,132.0166,A,,2015,,2
OECD.SDD.TPS:DSD_PRICES@DF_PRICES_ALL(1.0),USA,M,N,CPI,IX,CP045,N,_Z,2023-12,132.2052,A,,2015,,2
OECD.SDD.TPS:DSD_PRICES@DF_PRICES_ALL(1.0),USA,M,N,CPI,IX,CP045,N,_Z,2024-01,135.4263,A,,2015,,2
OECD.SDD.TPS:DSD_PRICES@DF_PRICES_ALL(1.0),USA,M,N,CPI,IX,CP045,N,_Z,2024-02,135.613,A,,2015,,2
OECD.SDD.TPS:DSD_PRICES@DF_PRICES_ALL(1.0),USA,M,N,CPI,IX,CP045,N,_Z,2024-03,135.5132,A,,2015,,2
OECD.SDD.TPS:DSD_PRICES@DF_PRICES_ALL(1.0),USA,M,N,CPI,IX,CP045,N,_Z,2024-04,133.72,A,,2015,,2
OECD.SDD.TPS:DSD_PRICES@DF_PRICES_ALL(1.0),USA,M,N,CPI,IX,CP045,N,_Z,2024-05,133.8849,A,,2015,,2
OECD.SDD.TPS:DSD_PRICES@DF_PRICES_ALL(1.0),USA,M,N,CPI,IX,CP045,N,_Z,2024-06,136.4227,A,,2015,,2
OECD.SDD.TPS:DSD_PRICES@DF_PRICES_ALL(1.0),USA,M,N,CPI,IX,CP045,N,_Z,2024-07,136.4484,A,,2015,,2
OECD.SDD.TPS:DSD_PRICES@DF_PRICES_ALL(1.0),USA,M,N,CPI,IX,CP045,N,_Z,2024-08,135.2812,A,,2015,,2
OECD.SDD.TPS:DSD_PRICES@DF_PRICES_ALL(1.0),USA,M,N,CPI,IX,CP045,N,_Z,2024-09,135.7552,A,,2015,,2
OECD.SDD.TPS:DSD_PRICES@DF_PRICES_ALL(1.0),USA,M,N,CPI,IX,CP045,N,_Z,2024-10,135.3572,A,,2015,,2
OECD.SDD.TPS:DSD_PRICES@DF_PRICES_ALL(1.0),USA,M,N,CPI,IX,CP045,N,_Z,2024-11,134.6887,A,,2015,,2
OECD.SDD.TPS:DSD_PRICES@DF_PRICES_ALL(1.0),USA,M,N,CPI,IX,CP045,N,_Z,2024-12,135.8273,A,,2015,,2
OECD.SDD.TPS:DSD_PRICES@DF_PRICES_ALL(1.0),USA,M,N,CPI,IX,_T,N,_Z,2014-01,98.69166,A,,2015,,2
OECD.SDD.TPS:DSD_PRICES@DF_PRICES_ALL(1.0),USA,M,N,CPI,IX,_T,N,_Z,2014-02,99.05661,A,,2015,,2
OECD.SDD.TPS:DSD_PRICES@DF_PRICES_ALL(1.0),USA,M,N,CPI,IX,_T,N,_Z,2014-03,99.69453,A,,2015,,2
OECD.SDD.TPS:DSD_PRICES@DF_PRICES_ALL(1.0),USA,M,N,CPI,IX,_T,N,_Z,2014-04,100.0232,A,,2015,,2
OECD.SDD.TPS:DSD_PRICES@DF_PRICES_ALL(1.0),USA,M,N,CPI,IX,_T,N,_Z,2014-05,100.3725,A,,2015,,2
OECD.SDD.TPS:DSD_PRICES@DF_PRICES_ALL(1.0),USA,M,N,CPI,IX,_T,N,_Z,2014-06,100.5595,A,,2015,,2
OECD.SDD.TPS:DSD_PRICES@DF_PRICES_ALL(1.0),USA,M,N,CPI,IX,_T,N,_Z,2014-07,100.5202,A,,2015,,2
OECD.SDD.TPS:DSD_PRICES@DF_PRICES_ALL(1.0),USA,M,N,CPI,IX,_T,N,_Z,2014-08,100.3523,A,,2015,,2
OECD.SDD.TPS:DSD_PRICES@DF_PRICES_ALL(1.0),USA,M,N,CPI,IX,_T,N,_Z,2014-09,100.4278,A,,2015,,2
OECD.SDD.TPS:DSD_PRICES@DF_PRICES_ALL(1.0),USA,M,N,CPI,IX,_T,N,_Z,2014-10,100.1755,A,,2015,,2
OECD.SDD.TPS:DSD_PRICES@DF_PRICES_ALL(1.0),USA,M,N,CPI,IX,_T,N,_Z,2014-11,99.63463,A,,2015,,2
OECD.SDD.TPS:DSD_PRICES@DF_PRICES_ALL(1.0),USA,M,N,CPI,IX,_T,N,_Z,2014-12,99.06969,A,,2015,,2
OECD.SDD.TPS:DSD_PRICES@DF_PRICES_ALL(1.0),USA,M,N,CPI,IX,_T,N,_Z,2015-01,98.60348,A,,2015,,2
OECD.SDD.TPS:DSD_PRICES@DF_PRICES_ALL(1.0),USA,M,N,CPI,IX,_T,N,_Z,2015-02,99.03172,A,,2015,,2
OECD.SDD.TPS:DSD_PRICES@DF_PRICES_ALL(1.0),USA,M,N,CPI,IX,_T,N,_Z,2015-03,99.62112,A,,2015,,2
OECD.SDD.TPS:DSD_PRICES@DF_PRICES_ALL(1.0),USA,M,N,CPI,IX,_T,N,_Z,2015-04,99.82364,A,,2015,,2
OECD.SDD.TPS:DSD_PRICES@DF_PRICES_ALL(1.0),USA,M,N,CPI,IX,_T,N,_Z,2015-05,100.3325,A,,2015,,2
OECD.SDD.TPS:DSD_PRICES@DF_PRICES_ALL(1.0),USA,M,N,CPI,IX,_T,N,_Z,2015-06,100.6839,A,,2015,,2
OECD.SDD.TPS:DSD_PRICES@DF_PRICES_ALL(1.0),USA,M,N,CPI,IX,_T,N,_Z,2015-07,100.6907,A,,2015,,2
OECD.SDD.TPS:DSD_PRICES@DF_PRICES_ALL(1.0),USA,M,N,CPI,IX,_T,N,_Z,2015-08,100.5481,A,,2015,,2
OECD.SDD.TPS:DSD_PRICES@DF_PRICES_ALL(1.0),USA,M,N,CPI,IX,_T,N,_Z,2015-09,100.3915,A,,2015,,2
OECD.SDD.TPS:DSD_PRICES@DF_PRICES_ALL(1.0),USA,M,N,CPI,IX,_T,N,_Z,2015-10,100.3464,A,,2015,,2
OECD.SDD.TPS:DSD_PRICES@DF_PRICES_ALL(1.0),USA,M,N,CPI,IX,_T,N,_Z,2015-11,100.1346,A,,2015,,2
OECD.SDD.TPS:DSD_PRICES@DF_PRICES_ALL(1.0),USA,M,N,CPI,IX,_T,N,_Z,2015-12,99.79242,A,,2015,,2
OECD.SDD.TPS:DSD_PRICES@DF_PRICES_ALL(1.0),USA,M,N,CPI,IX,_T,N,_Z,2016-01,99.95739,A,,2015,,2
OECD.SDD.TPS:DSD_PRICES@DF_PRICES_ALL(1.0),USA,M,N,CPI,IX,_T,N,_Z,2016-02,100.0397,A,,2015,,2
OECD.SDD.TPS:DSD_PRICES@DF_PRICES_ALL(1.0),USA,M,N,CPI,IX,_T,N,_Z,2016-03,100.4704,A,,2015,,2
OECD.SDD.TPS:DSD_PRICES@DF_PRICES_ALL(1.0),USA,M,N,CPI,IX,_T,N,_Z,2016-04,100.9468,A,,2015,,2
OECD.SDD.TPS:DSD_PRICES@DF_PRICES_ALL(1.0),USA,M,N,CPI,IX,_T,N,_Z,2016-05,101.3552,A,,2015,,2
OECD.SDD.TPS:DSD_PRICES@DF_PRICES_ALL(1.0),USA,M,N,CPI,IX,_T,N,_Z,2016-06,101.6881,A,,2015,,2
OECD.SDD.TPS:DSD_PRICES@DF_PRICES_ALL(1.0),USA,M,N,CPI,IX,_T,N,_Z,2016-07,101.5235,A,,2015,,2
OECD.SDD.TPS:DSD_PRICES@DF_PRICES_ALL(1.0),USA,M,N,CPI,IX,_T,N,_Z,2016-08,101.6168,A,,2015,,2
OECD.SDD.TPS:DSD_PRICES@DF_PRICES_ALL(1.0),USA,M,N,CPI,IX,_T,N,_Z,2016-09,101.861,A,,2015,,2
OECD.SDD.TPS:DSD_PRICES@DF_PRICES_ALL(1.0),USA,M,N,CPI,IX,_T,N,_Z,2016-10,101.988,A,,2015,,2
OECD.SDD.TPS:DSD_PRICES@DF_PRICES_ALL(1.0),USA,M,N,CPI,IX,_T,N,_Z,2016-11,101.8294,A,,2015,,2
OECD.SDD.TPS:DSD_PRICES@DF_PRICES_ALL(1.0),USA,M,N,CPI,IX,_T,N,_Z,2016-12,101.8627,A,,2015,,2
OECD.SDD.TPS:DSD_PRICES@DF_PRICES_ALL(1.0),USA,M,N,CPI,IX,_T,N,_Z,2017-01,102.4564,A,,2015,,2
OECD.SDD.TPS:DSD_PRICES@DF_PRICES_ALL(1.0),USA,M,N,CPI,IX,_T,N,_Z,2017-02,102.7787,A,,2015,,2
OECD.SDD.TPS:DSD_PRICES@DF_PRICES_ALL(1.0),USA,M,N,CPI,IX,_T,N,_Z,2017-03,102.8622,A,,2015,,2
OECD.SDD.TPS:DSD_PRICES@DF_PRICES_ALL(1.0),USA,M,N,CPI,IX,_T,N,_Z,2017-04,103.1673,A,,2015,,2
OECD.SDD.TPS:DSD_PRICES@DF_PRICES_ALL(1.0),USA,M,N,CPI,IX,_T,N,_Z,2017-05,103.2555,A,,2015,,2
OECD.SDD.TPS:DSD_PRICES@DF_PRICES_ALL(1.0),USA,M,N,CPI,IX,_T,N,_Z,2017-06,103.3491,A,,2015,,2
OECD.SDD.TPS:DSD_PRICES@DF_PRICES_ALL(1.0),USA,M,N,CPI,IX,_T,N,_Z,2017-07,103.2778,A,,2015,,2
OECD.SDD.TPS:DSD_PRICES@DF_PRICES_ALL(1.0),USA,M,N,CPI,IX,_T,N,_Z,2017-08,103.5871,A,,2015,,2
OECD.SDD.TPS:DSD_PRICES@DF_PRICES_ALL(1.0),USA,M,N,CPI,IX,_T,N,_Z,2017-09,104.1356,A,,2015,,2
OECD.SDD.TPS:DSD_PRICES@DF_PRICES_ALL(1.0),USA,M,N,CPI,IX,_T,N,_Z,2017-10,104.0697,A,,2015,,2
OECD.SDD.TPS:DSD_PRICES@DF_PRICES_ALL(1.0),USA,M,N,CPI,IX,_T,N,_Z,2017-11,104.0723,A,,2015,,2
OECD.SDD.TPS:DSD_PRICES@DF_PRICES_ALL(1.0),USA,M,N,CPI,IX,_T,N,_Z,2017-12,104.0111,A,,2015,,2
OECD.SDD.TPS:DSD_PRICES@DF_PRICES_ALL(1.0),USA,M,N,CPI,IX,_T,N,_Z,2018-01,104.5777,A,,2015,,2
OECD.SDD.TPS:DSD_PRICES@DF_PRICES_ALL(1.0),USA,M,N,CPI,IX,_T,N,_Z,2018-02,105.052,A,,2015,,2
OECD.SDD.TPS:DSD_PRICES@DF_PRICES_ALL(1.0),USA,M,N,CPI,IX,_T,N,_Z,2018-03,105.2895,A,,2015,,2
OECD.SDD.TPS:DSD_PRICES@DF_PRICES_ALL(1.0),USA,M,N,CPI,IX,_T,N,_Z,2018-04,105.708,A,,2015,,2
OECD.SDD.TPS:DSD_PRICES@DF_PRICES_ALL(1.0),USA,M,N,CPI,IX,_T,N,_Z,2018-05,106.1477,A,,2015,,2
OECD.SDD.TPS:DSD_PRICES@DF_PRICES_ALL(1.0),USA,M,N,CPI,IX,_T,N,_Z,2018-06,106.3168,A,,2015,,2
OECD.SDD.TPS:DSD_PRICES@DF_PRICES_ALL(1.0),USA,M,N,CPI,IX,_T,N,_Z,2018-07,106.324,A,,2015,,2
OECD.SDD.TPS:DSD_PRICES@DF_PRICES_ALL(1.0),USA,M,N,CPI,IX,_T,N,_Z,2018-08,106.3831,A,,2015,,2
OECD.SDD.TPS:DSD_PRICES@DF_PRICES_ALL(1.0),USA,M,N,CPI,IX,_T,N,_Z,2018-09,106.5067,A,,2015,,2
OECD.SDD.TPS:DSD_PRICES@DF_PRICES_ALL(1.0),USA,M,N,CPI,IX,_T,N,_Z,2018-10,106.6949,A,,2015,,2
OECD.SDD.TPS:DSD_PRICES@DF_PRICES_ALL(1.0),USA,M,N,CPI,IX,_T,N,_Z,2018-11,106.3375,A,,2015,,2
OECD.SDD.TPS:DSD_PRICES@DF_PRICES_ALL(1.0),USA,M,N,CPI,IX,_T,N,_Z,2018-12,105.9979,A,,2015,,2
OECD.SDD.TPS:DSD_PRICES@DF_PRICES_ALL(1.0),USA,M,N,CPI,IX,_T,N,_Z,2019-01,106.2,A,,2015,,2
OECD.SDD.TPS:DSD_PRICES@DF_PRICES_ALL(1.0),USA,M,N,CPI,IX,_T,N,_Z,2019-02,106.6489,A,,2015,,2
OECD.SDD.TPS:DSD_PRICES@DF_PRICES_ALL(1.0),USA,M,N,CPI,IX,_T,N,_Z,2019-03,107.2505,A,,2015,,2
OECD.SDD.TPS:DSD_PRICES@DF_PRICES_ALL(1.0),USA,M,N,CPI,IX,_T,N,_Z,2019-04,107.8184,A,,2015,,2
OECD.SDD.TPS:DSD_PRICES@DF_PRICES_ALL(1.0),USA,M,N,CPI,IX,_T,N,_Z,2019-05,108.0479,A,,2015,,2
OECD.SDD.TPS:DSD_PRICES@DF_PRICES_ALL(1.0),USA,M,N,CPI,IX,_T,N,_Z,2019-06,108.0695,A,,2015,,2
OECD.SDD.TPS:DSD_PRICES@DF_PRICES_ALL(1.0),USA,M,N,CPI,IX,_T,N,_Z,2019-07,108.25,A,,2015,,2
OECD.SDD.TPS:DSD_PRICES@DF_PRICES_ALL(1.0),USA,M,N,CPI,IX,_T,N,_Z,2019-08,108.2446,A,,2015,,2
OECD.SDD.TPS:DSD_PRICES@DF_PRICES_ALL(1.0),USA,M,N,CPI,IX,_T,N,_Z,2019-09,108.3294,A,,2015,,2
OECD.SDD.TPS:DSD_PRICES@DF_PRICES_ALL(1.0),USA,M,N,CPI,IX,_T,N,_Z,2019-10,108.577,A,,2015,,2
OECD.SDD.TPS:DSD_PRICES@DF_PRICES_ALL(1.0),USA,M,N,CPI,IX,_T,N,_Z,2019-11,108.5188,A,,2015,,2
OECD.SDD.TPS:DSD_PRICES@DF_PRICES_ALL(1.0),USA,M,N,CPI,IX,_T,N,_Z,2019-12,108.4201,A,,2015,,2
OECD.SDD.TPS:DSD_PRICES@DF_PRICES_ALL(1.0),USA,M,N,CPI,IX,_T,N,_Z,2020-01,108.8407,A,,2015,,2
OECD.SDD.TPS:DSD_PRICES@DF_PRICES_ALL(1.0),USA,M,N,CPI,IX,_T,N,_Z,2020-02,109.139,A,,2015,,2
OECD.SDD.TPS:DSD_PRICES@DF_PRICES_ALL(1.0),USA,M,N,CPI,IX,_T,N,_Z,2020-03,108.9015,A,,2015,,2
OECD.SDD.TPS:DSD_PRICES@DF_PRICES_ALL(1.0),USA,M,N,CPI,IX,_T,N,_Z,2020-04,108.1733,A,,2015,,2
OECD.SDD.TPS:DSD_PRICES@DF_PRICES_ALL(1.0),USA,M,N,CPI,IX,_T,N,_Z,2020-05,108.1754,A,,2015,,2
OECD.SDD.TPS:DSD_PRICES@DF_PRICES_ALL(1.0),USA,M,N,CPI,IX,_T,N,_Z,2020-06,108.7673,A,,2015,,2
OECD.SDD.TPS:DSD_PRICES@DF_PRICES_ALL(1.0),USA,M,N,CPI,IX,_T,N,_Z,2020-07,109.3175,A,,2015,,2
OECD.SDD.TPS:DSD_PRICES@DF_PRICES_ALL(1.0),USA,M,N,CPI,IX,_T,N,_Z,2020-08,109.6622,A,,2015,,2
OECD.SDD.TPS:DSD_PRICES@DF_PRICES_ALL(1.0),USA,M,N,CPI,IX,_T,N,_Z,2020-09,109.8149,A,,2015,,2
OECD.SDD.TPS:DSD_PRICES@DF_PRICES_ALL(1.0),USA,M,N,CPI,IX,_T,N,_Z,2020-10,109.8605,A,,2015,,2
OECD.SDD.TPS:DSD_PRICES@DF_PRICES_ALL(1.0),USA,M,N,CPI,IX,_T,N,_Z,2020-11,109.7934,A,,2015,,2
OECD.SDD.TPS:DSD_PRICES@DF_PRICES_ALL(1.0),USA,M,N,CPI,IX,_T,N,_Z,2020-12,109.8968,A,,2015,,2
OECD.SDD.TPS:DSD_PRICES@DF_PRICES_ALL(1.0),USA,M,N,CPI,IX,_T,N,_Z,2021-01,110.3642,A,,2015,,2
OECD.SDD.TPS:DSD_PRICES@DF_PRICES_ALL(1.0),USA,M,N,CPI,IX,_T,N,_Z,2021-02,110.9684,A,,2015,,2
OECD.SDD.TPS:DSD_PRICES@DF_PRICES_ALL(1.0),USA,M,N,CPI,IX,_T,N,_Z,2021-03,111.7544,A,,2015,,2
OECD.SDD.TPS:DSD_PRICES@DF_PRICES_ALL(1.0),USA,M,N,CPI,IX,_T,N,_Z,2021-04,112.6729,A,,2015,,2
OECD.SDD.TPS:DSD_PRICES@DF_PRICES_ALL(1.0),USA,M,N,CPI,IX,_T,N,_Z,2021-05,113.5762,A,,2015,,2
OECD.SDD.TPS:DSD_PRICES@DF_PRICES_ALL(1.0),USA,M,N,CPI,IX,_T,N,_Z,2021-06,114.6314,A,,2015,,2
OECD.SDD.TPS:DSD_PRICES@DF_PRICES_ALL(1.0),USA,M,N,CPI,IX,_T,N,_Z,2021-07,115.1829,A,,2015,,2
OECD.SDD.TPS:DSD_PRICES@DF_PRICES_ALL(1.0),USA,M,N,CPI,IX,_T,N,_Z,2021-08,115.4208,A,,2015,,2
OECD.SDD.TPS:DSD_PRICES@DF_PRICES_ALL(1.0),USA,M,N,CPI,IX,_T,N,_Z,2021-09,115.7343,A,,2015,,2
OECD.SDD.TPS:DSD_PRICES@DF_PRICES_ALL(1.0),USA,M,N,CPI,IX,_T,N,_Z,2021-10,116.6958,A,,2015,,2
OECD.SDD.TPS:DSD_PRICES@DF_PRICES_ALL(1.0),USA,M,N,CPI,IX,_T,N,_Z,2021-11,117.2692,A,,2015,,2
OECD.SDD.TPS:DSD_PRICES@DF_PRICES_ALL(1.0),USA,M,N,CPI,IX,_T,N,_Z,2021-12,117.6295,A,,2015,,2
OECD.SDD.TPS:DSD_PRICES@DF_PRICES_ALL(1.0),USA,M,N,CPI,IX,_T,N,_Z,2022-01,118.6193,A,,2015,,2
OECD.SDD.TPS:DSD_PRICES@DF_PRICES_ALL(1.0),USA,M,N,CPI,IX,_T,N,_Z,2022-02,119.7028,A,,2015,,2
OECD.SDD.TPS:DSD_PRICES@DF_PRICES_ALL(1.0),USA,M,N,CPI,IX,_T,N,_Z,2022-03,121.301,A,,2015,,2
OECD.SDD.TPS:DSD_PRICES@DF_PRICES_ALL(1.0),USA,M,N,CPI,IX,_T,N,_Z,2022-04,121.9782,A,,2015,,2
OECD.SDD.TPS:DSD_PRICES@DF_PRICES_ALL(1.0),USA,M,N,CPI,IX,_T,N,_Z,2022-05,123.3228,A,,2015,,2
OECD.SDD.TPS:DSD_PRICES@DF_PRICES_ALL(1.0),USA,M,N,CPI,IX,_T,N,_Z,2022-06,125.0168,A,,2015,,2
OECD.SDD.TPS:DSD_PRICES@DF_PRICES_ALL(1.0),USA,M,N,CPI,IX,_T,N,_Z,2022-07,125.002,A,,2015,,2
OECD.SDD.TPS:DSD_PRICES@DF_PRICES_ALL(1.0),USA,M,N,CPI,IX,_T,N,_Z,2022-08,124.9577,A,,2015,,2
OECD.SDD.TPS:DSD_PRICES@DF_PRICES_ALL(1.0),USA,M,N,CPI,IX,_T,N,_Z,2022-09,125.2265,A,,2015,,2
OECD.SDD.TPS:DSD_PRICES@DF_PRICES_ALL(1.0),USA,M,N,CPI,IX,_T,N,_Z,2022-10,125.7344,A,,2015,,2
OECD.SDD.TPS:DSD_PRICES@DF_PRICES_ALL(1.0),USA,M,N,CPI,IX,_T,N,_Z,2022-11,125.6074,A,,2015,,2
OECD.SDD.TPS:DSD_PRICES@DF_PRICES_ALL(1.0),USA,M,N,CPI,IX,_T,N,_Z,2022-12,125.2218,A,,2015,,2
OECD.SDD.TPS:DSD_PRICES@DF_PRICES_ALL(1.0),USA,M,N,CPI,IX,_T,N,_Z,2023-01,126.223,A,,2015,,2
OECD.SDD.TPS:DSD_PRICES@DF_PRICES_ALL(1.0),USA,M,N,CPI,IX,_T,N,_Z,2023-02,126.9276,A,,2015,,2
OECD.SDD.TPS:DSD_PRICES@DF_PRICES_ALL(1.0),USA,M,N,CPI,IX,_T,N,_Z,2023-03,127.3478,A,,2015,,2
OECD.SDD.TPS:DSD_PRICES@DF_PRICES_ALL(1.0),USA,M,N,CPI,IX,_T,N,_Z,2023-04,127.9921,A,,2015,,2
OECD.SDD.TPS:DSD_PRICES@DF_PRICES_ALL(1.0),USA,M,N,CPI,IX,_T,N,_Z,2023-05,128.3144,A,,2015,,2
OECD.SDD.TPS:DSD_PRICES@DF_PRICES_ALL(1.0),USA,M,N,CPI,IX,_T,N,_Z,2023-06,128.7287,A,,2015,,2
OECD.SDD.TPS:DSD_PRICES@DF_PRICES_ALL(1.0),USA,M,N,CPI,IX,_T,N,_Z,2023-07,128.9743,A,,2015,,2
OECD.SDD.TPS:DSD_PRICES@DF_PRICES_ALL(1.0),USA,M,N,CPI,IX,_T,N,_Z,2023-08,129.5375,A,,2015,,2
OECD.SDD.TPS:DSD_PRICES@DF_PRICES_ALL(1.0),USA,M,N,CPI,IX,_T,N,_Z,2023-09,129.8595,A,,2015,,2
OECD.SDD.TPS:DSD_PRICES@DF_PRICES_ALL(1.0),USA,M,N,CPI,IX,_T,N,_Z,2023-10,129.8097,A,,2015,,2
OECD.SDD.TPS:DSD_PRICES@DF_PRICES_ALL(1.0),USA,M,N,CPI,IX,_T,N,_Z,2023-11,129.5481,A,,2015,,2
OECD.SDD.TPS:DSD_PRICES@DF_PRICES_ALL(1.0),USA,M,N,CPI,IX,_T,N,_Z,2023-12,129.4194,A,,2015,,2
OECD.SDD.TPS:DSD_PRICES@DF_PRICES_ALL(1.0),USA,M,N,CPI,IX,_T,N,_Z,2024-01,130.1244,A,,2015,,2
OECD.SDD.TPS:DSD_PRICES@DF_PRICES_ALL(1.0),USA,M,N,CPI,IX,_T,N,_Z,2024-02,130.9299,A,,2015,,2
OECD.SDD.TPS:DSD_PRICES@DF_PRICES_ALL(1.0),USA,M,N,CPI,IX,_T,N,_Z,2024-03,131.7762,A,,2015,,2
OECD.SDD.TPS:DSD_PRICES@DF_PRICES_ALL(1.0),USA,M,N,CPI,IX,_T,N,_Z,2024-04,132.2892,A,,2015,,2
OECD.SDD.TPS:DSD_PRICES@DF_PRICES_ALL(1.0),USA,M,N,CPI,IX,_T,N,_Z,2024-05,132.5091,A,,2015,,2
OECD.SDD.TPS:DSD_PRICES@DF_PRICES_ALL(1.0),USA,M,N,CPI,IX,_T,N,_Z,2024-06,132.5538,A,,2015,,2
OECD.SDD.TPS:DSD_PRICES@DF_PRICES_ALL(1.0),USA,M,N,CPI,IX,_T,N,_Z,2024-07,132.7078,A,,2015,,2
OECD.SDD.TPS:DSD_PRICES@DF_PRICES_ALL(1.0),USA,M,N,CPI,IX,_T,N,_Z,2024-08,132.8158,A,,2015,,2
OECD.SDD.TPS:DSD_PRICES@DF_PRICES_ALL(1.0),USA,M,N,CPI,IX,_T,N,_Z,2024-09,133.0289,A,,2015,,2
OECD.SDD.TPS:DSD_PRICES@DF_PRICES_ALL(1.0),USA,M,N,CPI,IX,_T,N,_Z,2024-10,133.182,A,,2015,,2
OECD.SDD.TPS:DSD_PRICES@DF_PRICES_ALL(1.0),USA,M,N,CPI,IX,_T,N,_Z,2024-11,133.1099,A,,2015,,2
OECD.SDD.TPS:DSD_PRICES@DF_PRICES_ALL(1.0),USA,M,N,CPI,IX,_T,N,_Z,2024-12,133.1571,A,,2015,,2
OECD.SDD.TPS:DSD_PRICES@DF_PRICES_ALL(1.0),USA,M,N,CPI,IX,_T,N,_Z,2025-01,134.0288,A,,2015,,2
OECD.SDD.TPS:DSD_PRICES@DF_PRICES_ALL(1.0),USA,M,N,CPI,IX,_T,N,_Z,2025-02,134.6241,A,,2015,,2
OECD.SDD.TPS:DSD_PRICES@DF_PRICES_ALL(1.0),USA,M,N,CPI,IX,_T,N,_Z,2025-03,134.9266,A,,2015,,2
OECD.SDD.TPS:DSD_PRICES@DF_PRICES_ALL(1.0),USA,M,N,CPI,IX,_T,N,_Z,2025-04,135.3468,A,,2015,,2
OECD.SDD.TPS:DSD_PRICES@DF_PRICES_ALL(1.0),USA,M,N,CPI,IX,_T,N,_Z,2025-05,135.6295,A,,2015,,2
OECD.SDD.TPS:DSD_PRICES@DF_PRICES_ALL(1.0),USA,M,N,CPI,IX,_T,N,_Z,2025-06,136.0919,A,,2015,,2
OECD.SDD.TPS:DSD_PRICES@DF_PRICES_ALL(1.0),USA,M,N,CPI,IX,_T,N,_Z,2025-07,136.2974,A,,2015,,2
OECD.SDD.TPS:DSD_PRICES@DF_PRICES_ALL(1.0),USA,M,N,CPI,IX,_T,N,_Z,2025-08,136.6889,A,,2015,,2
OECD.SDD.TPS:DSD_PRICES@DF_PRICES_ALL(1.0),USA,M,N,CPI,IX,_T,N,_Z,2025-09,137.0366,A,,2015,,2
OECD.SDD.TPS:DSD_PRICES@DF_PRICES_ALL(1.0),USA,M,N,CPI,IX,_T,N,_Z,2025-11,136.7505,A,,2015,,2
OECD.SDD.TPS:DSD_PRICES@DF_PRICES_ALL(1.0),USA,M,N,CPI,IX,_T,N,_Z,2025-12,136.7218,A,,2015,,2
OECD.SDD.TPS:DSD_PRICES@DF_PRICES_ALL(1.0),USA,M,N,CPI,IX,_T,N,_Z,2026-01,137.2273,A,,2015,,2
OECD.SDD.TPS:DSD_PRICES@DF_PRICES_ALL(1.0),USA,M,N,CPI,IX,_T,N,_Z,2026-02,137.8741,A,,2015,,2
OECD.SDD.TPS:DSD_PRICES@DF_PRICES_ALL(1.0),USA,M,N,CPI,IX,_T,N,_Z,2026-03,139.3204,A,,2015,,2
OECD.SDD.TPS:DSD_PRICES@DF_PRICES_ALL(1.0),USA,M,N,CPI,IX,_T,N,_Z,2026-04,140.5047,A,,2015,,2
OECD.SDD.TPS:DSD_PRICES@DF_PRICES_ALL(1.0),USA,M,N,CPI,IX,_T,N,_Z,2026-05,141.392,A,,2015,,2
OECD.SDD.TPS:DSD_PRICES@DF_PRICES_ALL(1.0),KOR,M,N,CPI,IX,CP01,N,_Z,2014-01,97.34669,A,,2015,,2
OECD.SDD.TPS:DSD_PRICES@DF_PRICES_ALL(1.0),KOR,M,N,CPI,IX,CP01,N,_Z,2014-02,98.34168,A,,2015,,2
OECD.SDD.TPS:DSD_PRICES@DF_PRICES_ALL(1.0),KOR,M,N,CPI,IX,CP01,N,_Z,2014-03,98.60179,A,,2015,,2
OECD.SDD.TPS:DSD_PRICES@DF_PRICES_ALL(1.0),KOR,M,N,CPI,IX,CP01,N,_Z,2014-04,98.51433,A,,2015,,2
OECD.SDD.TPS:DSD_PRICES@DF_PRICES_ALL(1.0),KOR,M,N,CPI,IX,CP01,N,_Z,2014-05,98.52341,A,,2015,,2
OECD.SDD.TPS:DSD_PRICES@DF_PRICES_ALL(1.0),KOR,M,N,CPI,IX,CP01,N,_Z,2014-06,98.09066,A,,2015,,2
OECD.SDD.TPS:DSD_PRICES@DF_PRICES_ALL(1.0),KOR,M,N,CPI,IX,CP01,N,_Z,2014-07,98.40302,A,,2015,,2
OECD.SDD.TPS:DSD_PRICES@DF_PRICES_ALL(1.0),KOR,M,N,CPI,IX,CP01,N,_Z,2014-08,99.19923,A,,2015,,2
OECD.SDD.TPS:DSD_PRICES@DF_PRICES_ALL(1.0),KOR,M,N,CPI,IX,CP01,N,_Z,2014-09,99.85575,A,,2015,,2
OECD.SDD.TPS:DSD_PRICES@DF_PRICES_ALL(1.0),KOR,M,N,CPI,IX,CP01,N,_Z,2014-10,97.91006,A,,2015,,2
OECD.SDD.TPS:DSD_PRICES@DF_PRICES_ALL(1.0),KOR,M,N,CPI,IX,CP01,N,_Z,2014-11,97.58067,A,,2015,,2
OECD.SDD.TPS:DSD_PRICES@DF_PRICES_ALL(1.0),KOR,M,N,CPI,IX,CP01,N,_Z,2014-12,98.16109,A,,2015,,2
OECD.SDD.TPS:DSD_PRICES@DF_PRICES_ALL(1.0),KOR,M,N,CPI,IX,CP01,N,_Z,2015-01,99.72058,A,,2015,,2
OECD.SDD.TPS:DSD_PRICES@DF_PRICES_ALL(1.0),KOR,M,N,CPI,IX,CP01,N,_Z,2015-02,100.3907,A,,2015,,2
OECD.SDD.TPS:DSD_PRICES@DF_PRICES_ALL(1.0),KOR,M,N,CPI,IX,CP01,N,_Z,2015-03,99.44117,A,,2015,,2
OECD.SDD.TPS:DSD_PRICES@DF_PRICES_ALL(1.0),KOR,M,N,CPI,IX,CP01,N,_Z,2015-04,99.34122,A,,2015,,2
OECD.SDD.TPS:DSD_PRICES@DF_PRICES_ALL(1.0),KOR,M,N,CPI,IX,CP01,N,_Z,2015-05,100.7905,A,,2015,,2
OECD.SDD.TPS:DSD_PRICES@DF_PRICES_ALL(1.0),KOR,M,N,CPI,IX,CP01,N,_Z,2015-06,100.4907,A,,2015,,2
OECD.SDD.TPS:DSD_PRICES@DF_PRICES_ALL(1.0),KOR,M,N,CPI,IX,CP01,N,_Z,2015-07,100.2306,A,,2015,,2
OECD.SDD.TPS:DSD_PRICES@DF_PRICES_ALL(1.0),KOR,M,N,CPI,IX,CP01,N,_Z,2015-08,100.8905,A,,2015,,2
OECD.SDD.TPS:DSD_PRICES@DF_PRICES_ALL(1.0),KOR,M,N,CPI,IX,CP01,N,_Z,2015-09,100.6906,A,,2015,,2
OECD.SDD.TPS:DSD_PRICES@DF_PRICES_ALL(1.0),KOR,M,N,CPI,IX,CP01,N,_Z,2015-10,99.69106,A,,2015,,2
OECD.SDD.TPS:DSD_PRICES@DF_PRICES_ALL(1.0),KOR,M,N,CPI,IX,CP01,N,_Z,2015-11,98.37122,A,,2015,,2
OECD.SDD.TPS:DSD_PRICES@DF_PRICES_ALL(1.0),KOR,M,N,CPI,IX,CP01,N,_Z,2015-12,99.95116,A,,2015,,2
OECD.SDD.TPS:DSD_PRICES@DF_PRICES_ALL(1.0),KOR,M,N,CPI,IX,CP01,N,_Z,2016-01,100.761,A,,2015,,2
OECD.SDD.TPS:DSD_PRICES@DF_PRICES_ALL(1.0),KOR,M,N,CPI,IX,CP01,N,_Z,2016-02,103.4314,A,,2015,,2
OECD.SDD.TPS:DSD_PRICES@DF_PRICES_ALL(1.0),KOR,M,N,CPI,IX,CP01,N,_Z,2016-03,102.2512,A,,2015,,2
OECD.SDD.TPS:DSD_PRICES@DF_PRICES_ALL(1.0),KOR,M,N,CPI,IX,CP01,N,_Z,2016-04,102.3012,A,,2015,,2
OECD.SDD.TPS:DSD_PRICES@DF_PRICES_ALL(1.0),KOR,M,N,CPI,IX,CP01,N,_Z,2016-05,101.2403,A,,2015,,2
OECD.SDD.TPS:DSD_PRICES@DF_PRICES_ALL(1.0),KOR,M,N,CPI,IX,CP01,N,_Z,2016-06,99.66039,A,,2015,,2
OECD.SDD.TPS:DSD_PRICES@DF_PRICES_ALL(1.0),KOR,M,N,CPI,IX,CP01,N,_Z,2016-07,99.6513,A,,2015,,2
OECD.SDD.TPS:DSD_PRICES@DF_PRICES_ALL(1.0),KOR,M,N,CPI,IX,CP01,N,_Z,2016-08,101.0211,A,,2015,,2
OECD.SDD.TPS:DSD_PRICES@DF_PRICES_ALL(1.0),KOR,M,N,CPI,IX,CP01,N,_Z,2016-09,105.9404,A,,2015,,2
OECD.SDD.TPS:DSD_PRICES@DF_PRICES_ALL(1.0),KOR,M,N,CPI,IX,CP01,N,_Z,2016-10,104.4809,A,,2015,,2
OECD.SDD.TPS:DSD_PRICES@DF_PRICES_ALL(1.0),KOR,M,N,CPI,IX,CP01,N,_Z,2016-11,102.9305,A,,2015,,2
OECD.SDD.TPS:DSD_PRICES@DF_PRICES_ALL(1.0),KOR,M,N,CPI,IX,CP01,N,_Z,2016-12,104.0209,A,,2015,,2
OECD.SDD.TPS:DSD_PRICES@DF_PRICES_ALL(1.0),KOR,M,N,CPI,IX,CP01,N,_Z,2017-01,107.1614,A,,2015,,2
OECD.SDD.TPS:DSD_PRICES@DF_PRICES_ALL(1.0),KOR,M,N,CPI,IX,CP01,N,_Z,2017-02,107.2614,A,,2015,,2
OECD.SDD.TPS:DSD_PRICES@DF_PRICES_ALL(1.0),KOR,M,N,CPI,IX,CP01,N,_Z,2017-03,106.3209,A,,2015,,2
OECD.SDD.TPS:DSD_PRICES@DF_PRICES_ALL(1.0),KOR,M,N,CPI,IX,CP01,N,_Z,2017-04,105.1908,A,,2015,,2
OECD.SDD.TPS:DSD_PRICES@DF_PRICES_ALL(1.0),KOR,M,N,CPI,IX,CP01,N,_Z,2017-05,104.8512,A,,2015,,2
OECD.SDD.TPS:DSD_PRICES@DF_PRICES_ALL(1.0),KOR,M,N,CPI,IX,CP01,N,_Z,2017-06,104.0913,A,,2015,,2
OECD.SDD.TPS:DSD_PRICES@DF_PRICES_ALL(1.0),KOR,M,N,CPI,IX,CP01,N,_Z,2017-07,104.3911,A,,2015,,2
OECD.SDD.TPS:DSD_PRICES@DF_PRICES_ALL(1.0),KOR,M,N,CPI,IX,CP01,N,_Z,2017-08,107.5011,A,,2015,,2
OECD.SDD.TPS:DSD_PRICES@DF_PRICES_ALL(1.0),KOR,M,N,CPI,IX,CP01,N,_Z,2017-09,108.8413,A,,2015,,2
OECD.SDD.TPS:DSD_PRICES@DF_PRICES_ALL(1.0),KOR,M,N,CPI,IX,CP01,N,_Z,2017-10,106.1608,A,,2015,,2
OECD.SDD.TPS:DSD_PRICES@DF_PRICES_ALL(1.0),KOR,M,N,CPI,IX,CP01,N,_Z,2017-11,103.2008,A,,2015,,2
OECD.SDD.TPS:DSD_PRICES@DF_PRICES_ALL(1.0),KOR,M,N,CPI,IX,CP01,N,_Z,2017-12,104.4411,A,,2015,,2
OECD.SDD.TPS:DSD_PRICES@DF_PRICES_ALL(1.0),KOR,M,N,CPI,IX,CP01,N,_Z,2018-01,106.0006,A,,2015,,2
OECD.SDD.TPS:DSD_PRICES@DF_PRICES_ALL(1.0),KOR,M,N,CPI,IX,CP01,N,_Z,2018-02,109.0708,A,,2015,,2
OECD.SDD.TPS:DSD_PRICES@DF_PRICES_ALL(1.0),KOR,M,N,CPI,IX,CP01,N,_Z,2018-03,107.3204,A,,2015,,2
OECD.SDD.TPS:DSD_PRICES@DF_PRICES_ALL(1.0),KOR,M,N,CPI,IX,CP01,N,_Z,2018-04,107.8611,A,,2015,,2
OECD.SDD.TPS:DSD_PRICES@DF_PRICES_ALL(1.0),KOR,M,N,CPI,IX,CP01,N,_Z,2018-05,106.8514,A,,2015,,2
OECD.SDD.TPS:DSD_PRICES@DF_PRICES_ALL(1.0),KOR,M,N,CPI,IX,CP01,N,_Z,2018-06,105.4804,A,,2015,,2
OECD.SDD.TPS:DSD_PRICES@DF_PRICES_ALL(1.0),KOR,M,N,CPI,IX,CP01,N,_Z,2018-07,105.8007,A,,2015,,2
OECD.SDD.TPS:DSD_PRICES@DF_PRICES_ALL(1.0),KOR,M,N,CPI,IX,CP01,N,_Z,2018-08,111.3413,A,,2015,,2
OECD.SDD.TPS:DSD_PRICES@DF_PRICES_ALL(1.0),KOR,M,N,CPI,IX,CP01,N,_Z,2018-09,115.2009,A,,2015,,2
OECD.SDD.TPS:DSD_PRICES@DF_PRICES_ALL(1.0),KOR,M,N,CPI,IX,CP01,N,_Z,2018-10,112.1614,A,,2015,,2
OECD.SDD.TPS:DSD_PRICES@DF_PRICES_ALL(1.0),KOR,M,N,CPI,IX,CP01,N,_Z,2018-11,108.671,A,,2015,,2
OECD.SDD.TPS:DSD_PRICES@DF_PRICES_ALL(1.0),KOR,M,N,CPI,IX,CP01,N,_Z,2018-12,108.8606,A,,2015,,2
OECD.SDD.TPS:DSD_PRICES@DF_PRICES_ALL(1.0),KOR,M,N,CPI,IX,CP01,N,_Z,2019-01,108.8004,A,,2015,,2
OECD.SDD.TPS:DSD_PRICES@DF_PRICES_ALL(1.0),KOR,M,N,CPI,IX,CP01,N,_Z,2019-02,109.541,A,,2015,,2
OECD.SDD.TPS:DSD_PRICES@DF_PRICES_ALL(1.0),KOR,M,N,CPI,IX,CP01,N,_Z,2019-03,108.4813,A,,2015,,2
OECD.SDD.TPS:DSD_PRICES@DF_PRICES_ALL(1.0),KOR,M,N,CPI,IX,CP01,N,_Z,2019-04,109.4013,A,,2015,,2
OECD.SDD.TPS:DSD_PRICES@DF_PRICES_ALL(1.0),KOR,M,N,CPI,IX,CP01,N,_Z,2019-05,108.8311,A,,2015,,2
OECD.SDD.TPS:DSD_PRICES@DF_PRICES_ALL(1.0),KOR,M,N,CPI,IX,CP01,N,_Z,2019-06,107.6408,A,,2015,,2
OECD.SDD.TPS:DSD_PRICES@DF_PRICES_ALL(1.0),KOR,M,N,CPI,IX,CP01,N,_Z,2019-07,106.681,A,,2015,,2
OECD.SDD.TPS:DSD_PRICES@DF_PRICES_ALL(1.0),KOR,M,N,CPI,IX,CP01,N,_Z,2019-08,107.701,A,,2015,,2
OECD.SDD.TPS:DSD_PRICES@DF_PRICES_ALL(1.0),KOR,M,N,CPI,IX,CP01,N,_Z,2019-09,110.5212,A,,2015,,2
OECD.SDD.TPS:DSD_PRICES@DF_PRICES_ALL(1.0),KOR,M,N,CPI,IX,CP01,N,_Z,2019-10,110.7404,A,,2015,,2
OECD.SDD.TPS:DSD_PRICES@DF_PRICES_ALL(1.0),KOR,M,N,CPI,IX,CP01,N,_Z,2019-11,107.8906,A,,2015,,2
OECD.SDD.TPS:DSD_PRICES@DF_PRICES_ALL(1.0),KOR,M,N,CPI,IX,CP01,N,_Z,2019-12,109.0106,A,,2015,,2
OECD.SDD.TPS:DSD_PRICES@DF_PRICES_ALL(1.0),KOR,M,N,CPI,IX,CP01,N,_Z,2020-01,110.3577,A,,2015,,2
OECD.SDD.TPS:DSD_PRICES@DF_PRICES_ALL(1.0),KOR,M,N,CPI,IX,CP01,N,_Z,2020-02,109.7898,A,,2015,,2
OECD.SDD.TPS:DSD_PRICES@DF_PRICES_ALL(1.0),KOR,M,N,CPI,IX,CP01,N,_Z,2020-03,111.3799,A,,2015,,2
OECD.SDD.TPS:DSD_PRICES@DF_PRICES_ALL(1.0),KOR,M,N,CPI,IX,CP01,N,_Z,2020-04,110.9142,A,,2015,,2
OECD.SDD.TPS:DSD_PRICES@DF_PRICES_ALL(1.0),KOR,M,N,CPI,IX,CP01,N,_Z,2020-05,111.8229,A,,2015,,2
OECD.SDD.TPS:DSD_PRICES@DF_PRICES_ALL(1.0),KOR,M,N,CPI,IX,CP01,N,_Z,2020-06,112.0841,A,,2015,,2
OECD.SDD.TPS:DSD_PRICES@DF_PRICES_ALL(1.0),KOR,M,N,CPI,IX,CP01,N,_Z,2020-07,112.618,A,,2015,,2
OECD.SDD.TPS:DSD_PRICES@DF_PRICES_ALL(1.0),KOR,M,N,CPI,IX,CP01,N,_Z,2020-08,115.6279,A,,2015,,2
OECD.SDD.TPS:DSD_PRICES@DF_PRICES_ALL(1.0),KOR,M,N,CPI,IX,CP01,N,_Z,2020-09,119.0241,A,,2015,,2
OECD.SDD.TPS:DSD_PRICES@DF_PRICES_ALL(1.0),KOR,M,N,CPI,IX,CP01,N,_Z,2020-10,119.0922,A,,2015,,2
OECD.SDD.TPS:DSD_PRICES@DF_PRICES_ALL(1.0),KOR,M,N,CPI,IX,CP01,N,_Z,2020-11,114.9919,A,,2015,,2
OECD.SDD.TPS:DSD_PRICES@DF_PRICES_ALL(1.0),KOR,M,N,CPI,IX,CP01,N,_Z,2020-12,115.2986,A,,2015,,2
OECD.SDD.TPS:DSD_PRICES@DF_PRICES_ALL(1.0),KOR,M,N,CPI,IX,CP01,N,_Z,2021-01,117.4339,A,,2015,,2
OECD.SDD.TPS:DSD_PRICES@DF_PRICES_ALL(1.0),KOR,M,N,CPI,IX,CP01,N,_Z,2021-02,120.0463,A,,2015,,2
OECD.SDD.TPS:DSD_PRICES@DF_PRICES_ALL(1.0),KOR,M,N,CPI,IX,CP01,N,_Z,2021-03,120.2167,A,,2015,,2
OECD.SDD.TPS:DSD_PRICES@DF_PRICES_ALL(1.0),KOR,M,N,CPI,IX,CP01,N,_Z,2021-04,119.6602,A,,2015,,2
OECD.SDD.TPS:DSD_PRICES@DF_PRICES_ALL(1.0),KOR,M,N,CPI,IX,CP01,N,_Z,2021-05,119.4444,A,,2015,,2
OECD.SDD.TPS:DSD_PRICES@DF_PRICES_ALL(1.0),KOR,M,N,CPI,IX,CP01,N,_Z,2021-06,118.7628,A,,2015,,2
OECD.SDD.TPS:DSD_PRICES@DF_PRICES_ALL(1.0),KOR,M,N,CPI,IX,CP01,N,_Z,2021-07,118.9787,A,,2015,,2
OECD.SDD.TPS:DSD_PRICES@DF_PRICES_ALL(1.0),KOR,M,N,CPI,IX,CP01,N,_Z,2021-08,120.6256,A,,2015,,2
OECD.SDD.TPS:DSD_PRICES@DF_PRICES_ALL(1.0),KOR,M,N,CPI,IX,CP01,N,_Z,2021-09,122.5225,A,,2015,,2
OECD.SDD.TPS:DSD_PRICES@DF_PRICES_ALL(1.0),KOR,M,N,CPI,IX,CP01,N,_Z,2021-10,121.2163,A,,2015,,2
OECD.SDD.TPS:DSD_PRICES@DF_PRICES_ALL(1.0),KOR,M,N,CPI,IX,CP01,N,_Z,2021-11,121.8182,A,,2015,,2
OECD.SDD.TPS:DSD_PRICES@DF_PRICES_ALL(1.0),KOR,M,N,CPI,IX,CP01,N,_Z,2021-12,122.4997,A,,2015,,2
OECD.SDD.TPS:DSD_PRICES@DF_PRICES_ALL(1.0),KOR,M,N,CPI,IX,CP01,N,_Z,2022-01,124.1921,A,,2015,,2
OECD.SDD.TPS:DSD_PRICES@DF_PRICES_ALL(1.0),KOR,M,N,CPI,IX,CP01,N,_Z,2022-02,124.5215,A,,2015,,2
OECD.SDD.TPS:DSD_PRICES@DF_PRICES_ALL(1.0),KOR,M,N,CPI,IX,CP01,N,_Z,2022-03,124.4307,A,,2015,,2
OECD.SDD.TPS:DSD_PRICES@DF_PRICES_ALL(1.0),KOR,M,N,CPI,IX,CP01,N,_Z,2022-04,125.2712,A,,2015,,2
OECD.SDD.TPS:DSD_PRICES@DF_PRICES_ALL(1.0),KOR,M,N,CPI,IX,CP01,N,_Z,2022-05,126.4752,A,,2015,,2
OECD.SDD.TPS:DSD_PRICES@DF_PRICES_ALL(1.0),KOR,M,N,CPI,IX,CP01,N,_Z,2022-06,126.4411,A,,2015,,2
OECD.SDD.TPS:DSD_PRICES@DF_PRICES_ALL(1.0),KOR,M,N,CPI,IX,CP01,N,_Z,2022-07,128.3379,A,,2015,,2
OECD.SDD.TPS:DSD_PRICES@DF_PRICES_ALL(1.0),KOR,M,N,CPI,IX,CP01,N,_Z,2022-08,130.1212,A,,2015,,2
OECD.SDD.TPS:DSD_PRICES@DF_PRICES_ALL(1.0),KOR,M,N,CPI,IX,CP01,N,_Z,2022-09,131.825,A,,2015,,2
OECD.SDD.TPS:DSD_PRICES@DF_PRICES_ALL(1.0),KOR,M,N,CPI,IX,CP01,N,_Z,2022-10,130.3029,A,,2015,,2
OECD.SDD.TPS:DSD_PRICES@DF_PRICES_ALL(1.0),KOR,M,N,CPI,IX,CP01,N,_Z,2022-11,127.7359,A,,2015,,2
OECD.SDD.TPS:DSD_PRICES@DF_PRICES_ALL(1.0),KOR,M,N,CPI,IX,CP01,N,_Z,2022-12,128.9513,A,,2015,,2
OECD.SDD.TPS:DSD_PRICES@DF_PRICES_ALL(1.0),KOR,M,N,CPI,IX,CP01,N,_Z,2023-01,131.0412,A,,2015,,2
OECD.SDD.TPS:DSD_PRICES@DF_PRICES_ALL(1.0),KOR,M,N,CPI,IX,CP01,N,_Z,2023-02,131.6546,A,,2015,,2
OECD.SDD.TPS:DSD_PRICES@DF_PRICES_ALL(1.0),KOR,M,N,CPI,IX,CP01,N,_Z,2023-03,132.2793,A,,2015,,2
OECD.SDD.TPS:DSD_PRICES@DF_PRICES_ALL(1.0),KOR,M,N,CPI,IX,CP01,N,_Z,2023-04,131.6432,A,,2015,,2
OECD.SDD.TPS:DSD_PRICES@DF_PRICES_ALL(1.0),KOR,M,N,CPI,IX,CP01,N,_Z,2023-05,131.7454,A,,2015,,2
OECD.SDD.TPS:DSD_PRICES@DF_PRICES_ALL(1.0),KOR,M,N,CPI,IX,CP01,N,_Z,2023-06,132.0975,A,,2015,,2
OECD.SDD.TPS:DSD_PRICES@DF_PRICES_ALL(1.0),KOR,M,N,CPI,IX,CP01,N,_Z,2023-07,133.2334,A,,2015,,2
OECD.SDD.TPS:DSD_PRICES@DF_PRICES_ALL(1.0),KOR,M,N,CPI,IX,CP01,N,_Z,2023-08,136.9021,A,,2015,,2
OECD.SDD.TPS:DSD_PRICES@DF_PRICES_ALL(1.0),KOR,M,N,CPI,IX,CP01,N,_Z,2023-09,139.0943,A,,2015,,2
OECD.SDD.TPS:DSD_PRICES@DF_PRICES_ALL(1.0),KOR,M,N,CPI,IX,CP01,N,_Z,2023-10,139.5373,A,,2015,,2
OECD.SDD.TPS:DSD_PRICES@DF_PRICES_ALL(1.0),KOR,M,N,CPI,IX,CP01,N,_Z,2023-11,136.073,A,,2015,,2
OECD.SDD.TPS:DSD_PRICES@DF_PRICES_ALL(1.0),KOR,M,N,CPI,IX,CP01,N,_Z,2023-12,136.9362,A,,2015,,2
OECD.SDD.TPS:DSD_PRICES@DF_PRICES_ALL(1.0),KOR,M,N,CPI,IX,CP01,N,_Z,2024-01,138.799,A,,2015,,2
OECD.SDD.TPS:DSD_PRICES@DF_PRICES_ALL(1.0),KOR,M,N,CPI,IX,CP01,N,_Z,2024-02,140.798,A,,2015,,2
OECD.SDD.TPS:DSD_PRICES@DF_PRICES_ALL(1.0),KOR,M,N,CPI,IX,CP01,N,_Z,2024-03,141.0934,A,,2015,,2
OECD.SDD.TPS:DSD_PRICES@DF_PRICES_ALL(1.0),KOR,M,N,CPI,IX,CP01,N,_Z,2024-04,139.4237,A,,2015,,2
OECD.SDD.TPS:DSD_PRICES@DF_PRICES_ALL(1.0),KOR,M,N,CPI,IX,CP01,N,_Z,2024-05,138.4582,A,,2015,,2
OECD.SDD.TPS:DSD_PRICES@DF_PRICES_ALL(1.0),KOR,M,N,CPI,IX,CP01,N,_Z,2024-06,137.0725,A,,2015,,2
OECD.SDD.TPS:DSD_PRICES@DF_PRICES_ALL(1.0),KOR,M,N,CPI,IX,CP01,N,_Z,2024-07,138.0493,A,,2015,,2
OECD.SDD.TPS:DSD_PRICES@DF_PRICES_ALL(1.0),KOR,M,N,CPI,IX,CP01,N,_Z,2024-08,139.6963,A,,2015,,2
OECD.SDD.TPS:DSD_PRICES@DF_PRICES_ALL(1.0),KOR,M,N,CPI,IX,CP01,N,_Z,2024-09,141.6613,A,,2015,,2
OECD.SDD.TPS:DSD_PRICES@DF_PRICES_ALL(1.0),KOR,M,N,CPI,IX,CP01,N,_Z,2024-10,141.4455,A,,2015,,2
OECD.SDD.TPS:DSD_PRICES@DF_PRICES_ALL(1.0),KOR,M,N,CPI,IX,CP01,N,_Z,2024-11,137.7994,A,,2015,,2
OECD.SDD.TPS:DSD_PRICES@DF_PRICES_ALL(1.0),KOR,M,N,CPI,IX,CP01,N,_Z,2024-12,140.4005,A,,2015,,2
OECD.SDD.TPS:DSD_PRICES@DF_PRICES_ALL(1.0),KOR,M,N,CPI,IX,CP01,N,_Z,2025-01,142.127,A,,2015,,2
OECD.SDD.TPS:DSD_PRICES@DF_PRICES_ALL(1.0),KOR,M,N,CPI,IX,CP01,N,_Z,2025-02,143.6263,A,,2015,,2
OECD.SDD.TPS:DSD_PRICES@DF_PRICES_ALL(1.0),KOR,M,N,CPI,IX,CP01,N,_Z,2025-03,144.5463,A,,2015,,2
OECD.SDD.TPS:DSD_PRICES@DF_PRICES_ALL(1.0),KOR,M,N,CPI,IX,CP01,N,_Z,2025-04,143.6603,A,,2015,,2
OECD.SDD.TPS:DSD_PRICES@DF_PRICES_ALL(1.0),KOR,M,N,CPI,IX,CP01,N,_Z,2025-05,141.7294,A,,2015,,2
OECD.SDD.TPS:DSD_PRICES@DF_PRICES_ALL(1.0),KOR,M,N,CPI,IX,CP01,N,_Z,2025-06,141.684,A,,2015,,2
OECD.SDD.TPS:DSD_PRICES@DF_PRICES_ALL(1.0),KOR,M,N,CPI,IX,CP01,N,_Z,2025-07,142.8312,A,,2015,,2
OECD.SDD.TPS:DSD_PRICES@DF_PRICES_ALL(1.0),KOR,M,N,CPI,IX,CP01,N,_Z,2025-08,146.4772,A,,2015,,2
OECD.SDD.TPS:DSD_PRICES@DF_PRICES_ALL(1.0),KOR,M,N,CPI,IX,CP01,N,_Z,2025-09,146.3182,A,,2015,,2
OECD.SDD.TPS:DSD_PRICES@DF_PRICES_ALL(1.0),KOR,M,N,CPI,IX,CP01,N,_Z,2025-10,146.3863,A,,2015,,2
OECD.SDD.TPS:DSD_PRICES@DF_PRICES_ALL(1.0),KOR,M,N,CPI,IX,CP01,N,_Z,2025-11,144.3418,A,,2015,,2
OECD.SDD.TPS:DSD_PRICES@DF_PRICES_ALL(1.0),KOR,M,N,CPI,IX,CP01,N,_Z,2025-12,145.3982,A,,2015,,2
OECD.SDD.TPS:DSD_PRICES@DF_PRICES_ALL(1.0),KOR,M,N,CPI,IX,CP01,N,_Z,2026-01,146.2387,A,,2015,,2
OECD.SDD.TPS:DSD_PRICES@DF_PRICES_ALL(1.0),KOR,M,N,CPI,IX,CP01,N,_Z,2026-02,146.6589,A,,2015,,2
OECD.SDD.TPS:DSD_PRICES@DF_PRICES_ALL(1.0),KOR,M,N,CPI,IX,CP01,N,_Z,2026-03,145.2846,A,,2015,,2
OECD.SDD.TPS:DSD_PRICES@DF_PRICES_ALL(1.0),KOR,M,N,CPI,IX,CP01,N,_Z,2026-04,144.0692,A,,2015,,2
OECD.SDD.TPS:DSD_PRICES@DF_PRICES_ALL(1.0),KOR,M,N,CPI,IX,CP01,N,_Z,2026-05,144.0125,A,,2015,,2
OECD.SDD.TPS:DSD_PRICES@DF_PRICES_ALL(1.0),KOR,M,N,CPI,IX,CP045,N,_Z,2014-01,111.0839,A,,2015,,2
OECD.SDD.TPS:DSD_PRICES@DF_PRICES_ALL(1.0),KOR,M,N,CPI,IX,CP045,N,_Z,2014-02,111.0745,A,,2015,,2
OECD.SDD.TPS:DSD_PRICES@DF_PRICES_ALL(1.0),KOR,M,N,CPI,IX,CP045,N,_Z,2014-03,111.0745,A,,2015,,2
OECD.SDD.TPS:DSD_PRICES@DF_PRICES_ALL(1.0),KOR,M,N,CPI,IX,CP045,N,_Z,2014-04,110.9926,A,,2015,,2
OECD.SDD.TPS:DSD_PRICES@DF_PRICES_ALL(1.0),KOR,M,N,CPI,IX,CP045,N,_Z,2014-05,110.9558,A,,2015,,2
OECD.SDD.TPS:DSD_PRICES@DF_PRICES_ALL(1.0),KOR,M,N,CPI,IX,CP045,N,_Z,2014-06,110.8551,A,,2015,,2
OECD.SDD.TPS:DSD_PRICES@DF_PRICES_ALL(1.0),KOR,M,N,CPI,IX,CP045,N,_Z,2014-07,110.3889,A,,2015,,2
OECD.SDD.TPS:DSD_PRICES@DF_PRICES_ALL(1.0),KOR,M,N,CPI,IX,CP045,N,_Z,2014-08,110.4632,A,,2015,,2
OECD.SDD.TPS:DSD_PRICES@DF_PRICES_ALL(1.0),KOR,M,N,CPI,IX,CP045,N,_Z,2014-09,110.3351,A,,2015,,2
OECD.SDD.TPS:DSD_PRICES@DF_PRICES_ALL(1.0),KOR,M,N,CPI,IX,CP045,N,_Z,2014-10,110.2711,A,,2015,,2
OECD.SDD.TPS:DSD_PRICES@DF_PRICES_ALL(1.0),KOR,M,N,CPI,IX,CP045,N,_Z,2014-11,110.061,A,,2015,,2
OECD.SDD.TPS:DSD_PRICES@DF_PRICES_ALL(1.0),KOR,M,N,CPI,IX,CP045,N,_Z,2014-12,109.7041,A,,2015,,2
OECD.SDD.TPS:DSD_PRICES@DF_PRICES_ALL(1.0),KOR,M,N,CPI,IX,CP045,N,_Z,2015-01,106.4501,A,,2015,,2
OECD.SDD.TPS:DSD_PRICES@DF_PRICES_ALL(1.0),KOR,M,N,CPI,IX,CP045,N,_Z,2015-02,105.9899,A,,2015,,2
OECD.SDD.TPS:DSD_PRICES@DF_PRICES_ALL(1.0),KOR,M,N,CPI,IX,CP045,N,_Z,2015-03,101.9598,A,,2015,,2
OECD.SDD.TPS:DSD_PRICES@DF_PRICES_ALL(1.0),KOR,M,N,CPI,IX,CP045,N,_Z,2015-04,101.9598,A,,2015,,2
OECD.SDD.TPS:DSD_PRICES@DF_PRICES_ALL(1.0),KOR,M,N,CPI,IX,CP045,N,_Z,2015-05,98.34043,A,,2015,,2
OECD.SDD.TPS:DSD_PRICES@DF_PRICES_ALL(1.0),KOR,M,N,CPI,IX,CP045,N,_Z,2015-06,98.34982,A,,2015,,2
OECD.SDD.TPS:DSD_PRICES@DF_PRICES_ALL(1.0),KOR,M,N,CPI,IX,CP045,N,_Z,2015-07,95.4502,A,,2015,,2
OECD.SDD.TPS:DSD_PRICES@DF_PRICES_ALL(1.0),KOR,M,N,CPI,IX,CP045,N,_Z,2015-08,95.43995,A,,2015,,2
OECD.SDD.TPS:DSD_PRICES@DF_PRICES_ALL(1.0),KOR,M,N,CPI,IX,CP045,N,_Z,2015-09,96.95978,A,,2015,,2
OECD.SDD.TPS:DSD_PRICES@DF_PRICES_ALL(1.0),KOR,M,N,CPI,IX,CP045,N,_Z,2015-10,99.78,A,,2015,,2
OECD.SDD.TPS:DSD_PRICES@DF_PRICES_ALL(1.0),KOR,M,N,CPI,IX,CP045,N,_Z,2015-11,99.70998,A,,2015,,2
OECD.SDD.TPS:DSD_PRICES@DF_PRICES_ALL(1.0),KOR,M,N,CPI,IX,CP045,N,_Z,2015-12,99.61008,A,,2015,,2
OECD.SDD.TPS:DSD_PRICES@DF_PRICES_ALL(1.0),KOR,M,N,CPI,IX,CP045,N,_Z,2016-01,95.69012,A,,2015,,2
OECD.SDD.TPS:DSD_PRICES@DF_PRICES_ALL(1.0),KOR,M,N,CPI,IX,CP045,N,_Z,2016-02,95.50996,A,,2015,,2
OECD.SDD.TPS:DSD_PRICES@DF_PRICES_ALL(1.0),KOR,M,N,CPI,IX,CP045,N,_Z,2016-03,91.8103,A,,2015,,2
OECD.SDD.TPS:DSD_PRICES@DF_PRICES_ALL(1.0),KOR,M,N,CPI,IX,CP045,N,_Z,2016-04,91.80006,A,,2015,,2
OECD.SDD.TPS:DSD_PRICES@DF_PRICES_ALL(1.0),KOR,M,N,CPI,IX,CP045,N,_Z,2016-05,90.19057,A,,2015,,2
OECD.SDD.TPS:DSD_PRICES@DF_PRICES_ALL(1.0),KOR,M,N,CPI,IX,CP045,N,_Z,2016-06,90.29047,A,,2015,,2
OECD.SDD.TPS:DSD_PRICES@DF_PRICES_ALL(1.0),KOR,M,N,CPI,IX,CP045,N,_Z,2016-07,81.46011,A,,2015,,2
OECD.SDD.TPS:DSD_PRICES@DF_PRICES_ALL(1.0),KOR,M,N,CPI,IX,CP045,N,_Z,2016-08,81.41998,A,,2015,,2
OECD.SDD.TPS:DSD_PRICES@DF_PRICES_ALL(1.0),KOR,M,N,CPI,IX,CP045,N,_Z,2016-09,81.3901,A,,2015,,2
OECD.SDD.TPS:DSD_PRICES@DF_PRICES_ALL(1.0),KOR,M,N,CPI,IX,CP045,N,_Z,2016-10,90.07018,A,,2015,,2
OECD.SDD.TPS:DSD_PRICES@DF_PRICES_ALL(1.0),KOR,M,N,CPI,IX,CP045,N,_Z,2016-11,92.13049,A,,2015,,2
OECD.SDD.TPS:DSD_PRICES@DF_PRICES_ALL(1.0),KOR,M,N,CPI,IX,CP045,N,_Z,2016-12,86.8905,A,,2015,,2
OECD.SDD.TPS:DSD_PRICES@DF_PRICES_ALL(1.0),KOR,M,N,CPI,IX,CP045,N,_Z,2017-01,87.10994,A,,2015,,2
OECD.SDD.TPS:DSD_PRICES@DF_PRICES_ALL(1.0),KOR,M,N,CPI,IX,CP045,N,_Z,2017-02,87.24058,A,,2015,,2
OECD.SDD.TPS:DSD_PRICES@DF_PRICES_ALL(1.0),KOR,M,N,CPI,IX,CP045,N,_Z,2017-03,88.35995,A,,2015,,2
OECD.SDD.TPS:DSD_PRICES@DF_PRICES_ALL(1.0),KOR,M,N,CPI,IX,CP045,N,_Z,2017-04,88.33007,A,,2015,,2
OECD.SDD.TPS:DSD_PRICES@DF_PRICES_ALL(1.0),KOR,M,N,CPI,IX,CP045,N,_Z,2017-05,88.99008,A,,2015,,2
OECD.SDD.TPS:DSD_PRICES@DF_PRICES_ALL(1.0),KOR,M,N,CPI,IX,CP045,N,_Z,2017-06,88.90043,A,,2015,,2
OECD.SDD.TPS:DSD_PRICES@DF_PRICES_ALL(1.0),KOR,M,N,CPI,IX,CP045,N,_Z,2017-07,88.64001,A,,2015,,2
OECD.SDD.TPS:DSD_PRICES@DF_PRICES_ALL(1.0),KOR,M,N,CPI,IX,CP045,N,_Z,2017-08,88.65026,A,,2015,,2
OECD.SDD.TPS:DSD_PRICES@DF_PRICES_ALL(1.0),KOR,M,N,CPI,IX,CP045,N,_Z,2017-09,88.73051,A,,2015,,2
OECD.SDD.TPS:DSD_PRICES@DF_PRICES_ALL(1.0),KOR,M,N,CPI,IX,CP045,N,_Z,2017-10,88.83041,A,,2015,,2
OECD.SDD.TPS:DSD_PRICES@DF_PRICES_ALL(1.0),KOR,M,N,CPI,IX,CP045,N,_Z,2017-11,85.85992,A,,2015,,2
OECD.SDD.TPS:DSD_PRICES@DF_PRICES_ALL(1.0),KOR,M,N,CPI,IX,CP045,N,_Z,2017-12,85.97007,A,,2015,,2
OECD.SDD.TPS:DSD_PRICES@DF_PRICES_ALL(1.0),KOR,M,N,CPI,IX,CP045,N,_Z,2018-01,86.02045,A,,2015,,2
OECD.SDD.TPS:DSD_PRICES@DF_PRICES_ALL(1.0),KOR,M,N,CPI,IX,CP045,N,_Z,2018-02,86.08022,A,,2015,,2
OECD.SDD.TPS:DSD_PRICES@DF_PRICES_ALL(1.0),KOR,M,N,CPI,IX,CP045,N,_Z,2018-03,86.02984,A,,2015,,2
OECD.SDD.TPS:DSD_PRICES@DF_PRICES_ALL(1.0),KOR,M,N,CPI,IX,CP045,N,_Z,2018-04,85.98032,A,,2015,,2
OECD.SDD.TPS:DSD_PRICES@DF_PRICES_ALL(1.0),KOR,M,N,CPI,IX,CP045,N,_Z,2018-05,86.0102,A,,2015,,2
OECD.SDD.TPS:DSD_PRICES@DF_PRICES_ALL(1.0),KOR,M,N,CPI,IX,CP045,N,_Z,2018-06,86.1101,A,,2015,,2
OECD.SDD.TPS:DSD_PRICES@DF_PRICES_ALL(1.0),KOR,M,N,CPI,IX,CP045,N,_Z,2018-07,80.1102,A,,2015,,2
OECD.SDD.TPS:DSD_PRICES@DF_PRICES_ALL(1.0),KOR,M,N,CPI,IX,CP045,N,_Z,2018-08,80.15972,A,,2015,,2
OECD.SDD.TPS:DSD_PRICES@DF_PRICES_ALL(1.0),KOR,M,N,CPI,IX,CP045,N,_Z,2018-09,87.47026,A,,2015,,2
OECD.SDD.TPS:DSD_PRICES@DF_PRICES_ALL(1.0),KOR,M,N,CPI,IX,CP045,N,_Z,2018-10,87.71018,A,,2015,,2
OECD.SDD.TPS:DSD_PRICES@DF_PRICES_ALL(1.0),KOR,M,N,CPI,IX,CP045,N,_Z,2018-11,87.79044,A,,2015,,2
OECD.SDD.TPS:DSD_PRICES@DF_PRICES_ALL(1.0),KOR,M,N,CPI,IX,CP045,N,_Z,2018-12,87.6803,A,,2015,,2
OECD.SDD.TPS:DSD_PRICES@DF_PRICES_ALL(1.0),KOR,M,N,CPI,IX,CP045,N,_Z,2019-01,87.40025,A,,2015,,2
OECD.SDD.TPS:DSD_PRICES@DF_PRICES_ALL(1.0),KOR,M,N,CPI,IX,CP045,N,_Z,2019-02,87.37975,A,,2015,,2
OECD.SDD.TPS:DSD_PRICES@DF_PRICES_ALL(1.0),KOR,M,N,CPI,IX,CP045,N,_Z,2019-03,87.39,A,,2015,,2
OECD.SDD.TPS:DSD_PRICES@DF_PRICES_ALL(1.0),KOR,M,N,CPI,IX,CP045,N,_Z,2019-04,87.44977,A,,2015,,2
OECD.SDD.TPS:DSD_PRICES@DF_PRICES_ALL(1.0),KOR,M,N,CPI,IX,CP045,N,_Z,2019-05,87.57016,A,,2015,,2
OECD.SDD.TPS:DSD_PRICES@DF_PRICES_ALL(1.0),KOR,M,N,CPI,IX,CP045,N,_Z,2019-06,87.60004,A,,2015,,2
OECD.SDD.TPS:DSD_PRICES@DF_PRICES_ALL(1.0),KOR,M,N,CPI,IX,CP045,N,_Z,2019-07,82.03048,A,,2015,,2
OECD.SDD.TPS:DSD_PRICES@DF_PRICES_ALL(1.0),KOR,M,N,CPI,IX,CP045,N,_Z,2019-08,82.13977,A,,2015,,2
OECD.SDD.TPS:DSD_PRICES@DF_PRICES_ALL(1.0),KOR,M,N,CPI,IX,CP045,N,_Z,2019-09,88.8603,A,,2015,,2
OECD.SDD.TPS:DSD_PRICES@DF_PRICES_ALL(1.0),KOR,M,N,CPI,IX,CP045,N,_Z,2019-10,88.87994,A,,2015,,2
OECD.SDD.TPS:DSD_PRICES@DF_PRICES_ALL(1.0),KOR,M,N,CPI,IX,CP045,N,_Z,2019-11,88.93031,A,,2015,,2
OECD.SDD.TPS:DSD_PRICES@DF_PRICES_ALL(1.0),KOR,M,N,CPI,IX,CP045,N,_Z,2019-12,88.94056,A,,2015,,2
OECD.SDD.TPS:DSD_PRICES@DF_PRICES_ALL(1.0),KOR,M,N,CPI,IX,CP045,N,_Z,2020-01,89.10621,A,,2015,,2
OECD.SDD.TPS:DSD_PRICES@DF_PRICES_ALL(1.0),KOR,M,N,CPI,IX,CP045,N,_Z,2020-02,89.20013,A,,2015,,2
OECD.SDD.TPS:DSD_PRICES@DF_PRICES_ALL(1.0),KOR,M,N,CPI,IX,CP045,N,_Z,2020-03,89.02936,A,,2015,,2
OECD.SDD.TPS:DSD_PRICES@DF_PRICES_ALL(1.0),KOR,M,N,CPI,IX,CP045,N,_Z,2020-04,88.49998,A,,2015,,2
OECD.SDD.TPS:DSD_PRICES@DF_PRICES_ALL(1.0),KOR,M,N,CPI,IX,CP045,N,_Z,2020-05,87.88522,A,,2015,,2
OECD.SDD.TPS:DSD_PRICES@DF_PRICES_ALL(1.0),KOR,M,N,CPI,IX,CP045,N,_Z,2020-06,87.96207,A,,2015,,2
OECD.SDD.TPS:DSD_PRICES@DF_PRICES_ALL(1.0),KOR,M,N,CPI,IX,CP045,N,_Z,2020-07,77.64774,A,,2015,,2
OECD.SDD.TPS:DSD_PRICES@DF_PRICES_ALL(1.0),KOR,M,N,CPI,IX,CP045,N,_Z,2020-08,77.71605,A,,2015,,2
OECD.SDD.TPS:DSD_PRICES@DF_PRICES_ALL(1.0),KOR,M,N,CPI,IX,CP045,N,_Z,2020-09,84.39304,A,,2015,,2
OECD.SDD.TPS:DSD_PRICES@DF_PRICES_ALL(1.0),KOR,M,N,CPI,IX,CP045,N,_Z,2020-10,84.39304,A,,2015,,2
OECD.SDD.TPS:DSD_PRICES@DF_PRICES_ALL(1.0),KOR,M,N,CPI,IX,CP045,N,_Z,2020-11,84.31619,A,,2015,,2
OECD.SDD.TPS:DSD_PRICES@DF_PRICES_ALL(1.0),KOR,M,N,CPI,IX,CP045,N,_Z,2020-12,84.44427,A,,2015,,2
OECD.SDD.TPS:DSD_PRICES@DF_PRICES_ALL(1.0),KOR,M,N,CPI,IX,CP045,N,_Z,2021-01,83.77827,A,,2015,,2
OECD.SDD.TPS:DSD_PRICES@DF_PRICES_ALL(1.0),KOR,M,N,CPI,IX,CP045,N,_Z,2021-02,83.96612,A,,2015,,2
OECD.SDD.TPS:DSD_PRICES@DF_PRICES_ALL(1.0),KOR,M,N,CPI,IX,CP045,N,_Z,2021-03,84.20519,A,,2015,,2
OECD.SDD.TPS:DSD_PRICES@DF_PRICES_ALL(1.0),KOR,M,N,CPI,IX,CP045,N,_Z,2021-04,84.25642,A,,2015,,2
OECD.SDD.TPS:DSD_PRICES@DF_PRICES_ALL(1.0),KOR,M,N,CPI,IX,CP045,N,_Z,2021-05,84.28204,A,,2015,,2
OECD.SDD.TPS:DSD_PRICES@DF_PRICES_ALL(1.0),KOR,M,N,CPI,IX,CP045,N,_Z,2021-06,84.26496,A,,2015,,2
OECD.SDD.TPS:DSD_PRICES@DF_PRICES_ALL(1.0),KOR,M,N,CPI,IX,CP045,N,_Z,2021-07,78.73211,A,,2015,,2
OECD.SDD.TPS:DSD_PRICES@DF_PRICES_ALL(1.0),KOR,M,N,CPI,IX,CP045,N,_Z,2021-08,78.90288,A,,2015,,2
OECD.SDD.TPS:DSD_PRICES@DF_PRICES_ALL(1.0),KOR,M,N,CPI,IX,CP045,N,_Z,2021-09,85.62256,A,,2015,,2
OECD.SDD.TPS:DSD_PRICES@DF_PRICES_ALL(1.0),KOR,M,N,CPI,IX,CP045,N,_Z,2021-10,86.87769,A,,2015,,2
OECD.SDD.TPS:DSD_PRICES@DF_PRICES_ALL(1.0),KOR,M,N,CPI,IX,CP045,N,_Z,2021-11,87.71445,A,,2015,,2
OECD.SDD.TPS:DSD_PRICES@DF_PRICES_ALL(1.0),KOR,M,N,CPI,IX,CP045,N,_Z,2021-12,88.00476,A,,2015,,2
OECD.SDD.TPS:DSD_PRICES@DF_PRICES_ALL(1.0),KOR,M,N,CPI,IX,CP045,N,_Z,2022-01,88.4829,A,,2015,,2
OECD.SDD.TPS:DSD_PRICES@DF_PRICES_ALL(1.0),KOR,M,N,CPI,IX,CP045,N,_Z,2022-02,88.79028,A,,2015,,2
OECD.SDD.TPS:DSD_PRICES@DF_PRICES_ALL(1.0),KOR,M,N,CPI,IX,CP045,N,_Z,2022-03,89.65266,A,,2015,,2
OECD.SDD.TPS:DSD_PRICES@DF_PRICES_ALL(1.0),KOR,M,N,CPI,IX,CP045,N,_Z,2022-04,93.85353,A,,2015,,2
OECD.SDD.TPS:DSD_PRICES@DF_PRICES_ALL(1.0),KOR,M,N,CPI,IX,CP045,N,_Z,2022-05,96.52603,A,,2015,,2
OECD.SDD.TPS:DSD_PRICES@DF_PRICES_ALL(1.0),KOR,M,N,CPI,IX,CP045,N,_Z,2022-06,97.10664,A,,2015,,2
OECD.SDD.TPS:DSD_PRICES@DF_PRICES_ALL(1.0),KOR,M,N,CPI,IX,CP045,N,_Z,2022-07,96.19303,A,,2015,,2
OECD.SDD.TPS:DSD_PRICES@DF_PRICES_ALL(1.0),KOR,M,N,CPI,IX,CP045,N,_Z,2022-08,95.97958,A,,2015,,2
OECD.SDD.TPS:DSD_PRICES@DF_PRICES_ALL(1.0),KOR,M,N,CPI,IX,CP045,N,_Z,2022-09,102.8615,A,,2015,,2
OECD.SDD.TPS:DSD_PRICES@DF_PRICES_ALL(1.0),KOR,M,N,CPI,IX,CP045,N,_Z,2022-10,111.878,A,,2015,,2
OECD.SDD.TPS:DSD_PRICES@DF_PRICES_ALL(1.0),KOR,M,N,CPI,IX,CP045,N,_Z,2022-11,111.8951,A,,2015,,2
OECD.SDD.TPS:DSD_PRICES@DF_PRICES_ALL(1.0),KOR,M,N,CPI,IX,CP045,N,_Z,2022-12,111.6987,A,,2015,,2
OECD.SDD.TPS:DSD_PRICES@DF_PRICES_ALL(1.0),KOR,M,N,CPI,IX,CP045,N,_Z,2023-01,116.4204,A,,2015,,2
OECD.SDD.TPS:DSD_PRICES@DF_PRICES_ALL(1.0),KOR,M,N,CPI,IX,CP045,N,_Z,2023-02,116.2496,A,,2015,,2
OECD.SDD.TPS:DSD_PRICES@DF_PRICES_ALL(1.0),KOR,M,N,CPI,IX,CP045,N,_Z,2023-03,116.0703,A,,2015,,2
OECD.SDD.TPS:DSD_PRICES@DF_PRICES_ALL(1.0),KOR,M,N,CPI,IX,CP045,N,_Z,2023-04,115.9764,A,,2015,,2
OECD.SDD.TPS:DSD_PRICES@DF_PRICES_ALL(1.0),KOR,M,N,CPI,IX,CP045,N,_Z,2023-05,118.4867,A,,2015,,2
OECD.SDD.TPS:DSD_PRICES@DF_PRICES_ALL(1.0),KOR,M,N,CPI,IX,CP045,N,_Z,2023-06,121.0226,A,,2015,,2
OECD.SDD.TPS:DSD_PRICES@DF_PRICES_ALL(1.0),KOR,M,N,CPI,IX,CP045,N,_Z,2023-07,114.4907,A,,2015,,2
OECD.SDD.TPS:DSD_PRICES@DF_PRICES_ALL(1.0),KOR,M,N,CPI,IX,CP045,N,_Z,2023-08,114.5932,A,,2015,,2
OECD.SDD.TPS:DSD_PRICES@DF_PRICES_ALL(1.0),KOR,M,N,CPI,IX,CP045,N,_Z,2023-09,121.7312,A,,2015,,2
OECD.SDD.TPS:DSD_PRICES@DF_PRICES_ALL(1.0),KOR,M,N,CPI,IX,CP045,N,_Z,2023-10,122.0472,A,,2015,,2
OECD.SDD.TPS:DSD_PRICES@DF_PRICES_ALL(1.0),KOR,M,N,CPI,IX,CP045,N,_Z,2023-11,122.0557,A,,2015,,2
OECD.SDD.TPS:DSD_PRICES@DF_PRICES_ALL(1.0),KOR,M,N,CPI,IX,CP045,N,_Z,2023-12,121.9105,A,,2015,,2
OECD.SDD.TPS:DSD_PRICES@DF_PRICES_ALL(1.0),KOR,M,N,CPI,IX,CP045,N,_Z,2024-01,121.7825,A,,2015,,2
OECD.SDD.TPS:DSD_PRICES@DF_PRICES_ALL(1.0),KOR,M,N,CPI,IX,CP045,N,_Z,2024-02,121.7825,A,,2015,,2
OECD.SDD.TPS:DSD_PRICES@DF_PRICES_ALL(1.0),KOR,M,N,CPI,IX,CP045,N,_Z,2024-03,121.8081,A,,2015,,2
OECD.SDD.TPS:DSD_PRICES@DF_PRICES_ALL(1.0),KOR,M,N,CPI,IX,CP045,N,_Z,2024-04,121.8252,A,,2015,,2
OECD.SDD.TPS:DSD_PRICES@DF_PRICES_ALL(1.0),KOR,M,N,CPI,IX,CP045,N,_Z,2024-05,121.8081,A,,2015,,2
OECD.SDD.TPS:DSD_PRICES@DF_PRICES_ALL(1.0),KOR,M,N,CPI,IX,CP045,N,_Z,2024-06,121.7483,A,,2015,,2
OECD.SDD.TPS:DSD_PRICES@DF_PRICES_ALL(1.0),KOR,M,N,CPI,IX,CP045,N,_Z,2024-07,115.3872,A,,2015,,2
OECD.SDD.TPS:DSD_PRICES@DF_PRICES_ALL(1.0),KOR,M,N,CPI,IX,CP045,N,_Z,2024-08,118.2732,A,,2015,,2
OECD.SDD.TPS:DSD_PRICES@DF_PRICES_ALL(1.0),KOR,M,N,CPI,IX,CP045,N,_Z,2024-09,125.0441,A,,2015,,2
OECD.SDD.TPS:DSD_PRICES@DF_PRICES_ALL(1.0),KOR,M,N,CPI,IX,CP045,N,_Z,2024-10,124.9587,A,,2015,,2
OECD.SDD.TPS:DSD_PRICES@DF_PRICES_ALL(1.0),KOR,M,N,CPI,IX,CP045,N,_Z,2024-11,125.0014,A,,2015,,2
OECD.SDD.TPS:DSD_PRICES@DF_PRICES_ALL(1.0),KOR,M,N,CPI,IX,CP045,N,_Z,2024-12,125.0612,A,,2015,,2
OECD.SDD.TPS:DSD_PRICES@DF_PRICES_ALL(1.0),KOR,M,N,CPI,IX,CP045,N,_Z,2025-01,125.121,A,,2015,,2
OECD.SDD.TPS:DSD_PRICES@DF_PRICES_ALL(1.0),KOR,M,N,CPI,IX,CP045,N,_Z,2025-02,125.2063,A,,2015,,2
OECD.SDD.TPS:DSD_PRICES@DF_PRICES_ALL(1.0),KOR,M,N,CPI,IX,CP045,N,_Z,2025-03,125.1807,A,,2015,,2
OECD.SDD.TPS:DSD_PRICES@DF_PRICES_ALL(1.0),KOR,M,N,CPI,IX,CP045,N,_Z,2025-04,125.1124,A,,2015,,2
OECD.SDD.TPS:DSD_PRICES@DF_PRICES_ALL(1.0),KOR,M,N,CPI,IX,CP045,N,_Z,2025-05,125.0527,A,,2015,,2
OECD.SDD.TPS:DSD_PRICES@DF_PRICES_ALL(1.0),KOR,M,N,CPI,IX,CP045,N,_Z,2025-06,125.0014,A,,2015,,2
OECD.SDD.TPS:DSD_PRICES@DF_PRICES_ALL(1.0),KOR,M,N,CPI,IX,CP045,N,_Z,2025-07,117.9744,A,,2015,,2
OECD.SDD.TPS:DSD_PRICES@DF_PRICES_ALL(1.0),KOR,M,N,CPI,IX,CP045,N,_Z,2025-08,118.0085,A,,2015,,2
OECD.SDD.TPS:DSD_PRICES@DF_PRICES_ALL(1.0),KOR,M,N,CPI,IX,CP045,N,_Z,2025-09,124.7624,A,,2015,,2
OECD.SDD.TPS:DSD_PRICES@DF_PRICES_ALL(1.0),KOR,M,N,CPI,IX,CP045,N,_Z,2025-10,124.7794,A,,2015,,2
OECD.SDD.TPS:DSD_PRICES@DF_PRICES_ALL(1.0),KOR,M,N,CPI,IX,CP045,N,_Z,2025-11,124.8648,A,,2015,,2
OECD.SDD.TPS:DSD_PRICES@DF_PRICES_ALL(1.0),KOR,M,N,CPI,IX,CP045,N,_Z,2025-12,124.9502,A,,2015,,2
OECD.SDD.TPS:DSD_PRICES@DF_PRICES_ALL(1.0),KOR,M,N,CPI,IX,CP045,N,_Z,2026-01,124.9246,A,,2015,,2
OECD.SDD.TPS:DSD_PRICES@DF_PRICES_ALL(1.0),KOR,M,N,CPI,IX,CP045,N,_Z,2026-02,124.8648,A,,2015,,2
OECD.SDD.TPS:DSD_PRICES@DF_PRICES_ALL(1.0),KOR,M,N,CPI,IX,CP045,N,_Z,2026-03,125.693,A,,2015,,2
OECD.SDD.TPS:DSD_PRICES@DF_PRICES_ALL(1.0),KOR,M,N,CPI,IX,CP045,N,_Z,2026-04,126.2053,A,,2015,,2
OECD.SDD.TPS:DSD_PRICES@DF_PRICES_ALL(1.0),KOR,M,N,CPI,IX,CP045,N,_Z,2026-05,126.4786,A,,2015,,2
OECD.SDD.TPS:DSD_PRICES@DF_PRICES_ALL(1.0),KOR,M,N,CPI,IX,_T,N,_Z,2014-01,98.80782,A,,2015,,2
OECD.SDD.TPS:DSD_PRICES@DF_PRICES_ALL(1.0),KOR,M,N,CPI,IX,_T,N,_Z,2014-02,99.07136,A,,2015,,2
OECD.SDD.TPS:DSD_PRICES@DF_PRICES_ALL(1.0),KOR,M,N,CPI,IX,_T,N,_Z,2014-03,99.25373,A,,2015,,2
OECD.SDD.TPS:DSD_PRICES@DF_PRICES_ALL(1.0),KOR,M,N,CPI,IX,_T,N,_Z,2014-04,99.31804,A,,2015,,2
OECD.SDD.TPS:DSD_PRICES@DF_PRICES_ALL(1.0),KOR,M,N,CPI,IX,_T,N,_Z,2014-05,99.48143,A,,2015,,2
OECD.SDD.TPS:DSD_PRICES@DF_PRICES_ALL(1.0),KOR,M,N,CPI,IX,_T,N,_Z,2014-06,99.35388,A,,2015,,2
OECD.SDD.TPS:DSD_PRICES@DF_PRICES_ALL(1.0),KOR,M,N,CPI,IX,_T,N,_Z,2014-07,99.49935,A,,2015,,2
OECD.SDD.TPS:DSD_PRICES@DF_PRICES_ALL(1.0),KOR,M,N,CPI,IX,_T,N,_Z,2014-08,99.67329,A,,2015,,2
OECD.SDD.TPS:DSD_PRICES@DF_PRICES_ALL(1.0),KOR,M,N,CPI,IX,_T,N,_Z,2014-09,99.60899,A,,2015,,2
OECD.SDD.TPS:DSD_PRICES@DF_PRICES_ALL(1.0),KOR,M,N,CPI,IX,_T,N,_Z,2014-10,99.30855,A,,2015,,2
OECD.SDD.TPS:DSD_PRICES@DF_PRICES_ALL(1.0),KOR,M,N,CPI,IX,_T,N,_Z,2014-11,99.10825,A,,2015,,2
OECD.SDD.TPS:DSD_PRICES@DF_PRICES_ALL(1.0),KOR,M,N,CPI,IX,_T,N,_Z,2014-12,99.09877,A,,2015,,2
OECD.SDD.TPS:DSD_PRICES@DF_PRICES_ALL(1.0),KOR,M,N,CPI,IX,_T,N,_Z,2015-01,99.77028,A,,2015,,2
OECD.SDD.TPS:DSD_PRICES@DF_PRICES_ALL(1.0),KOR,M,N,CPI,IX,_T,N,_Z,2015-02,99.71124,A,,2015,,2
OECD.SDD.TPS:DSD_PRICES@DF_PRICES_ALL(1.0),KOR,M,N,CPI,IX,_T,N,_Z,2015-03,99.72073,A,,2015,,2
OECD.SDD.TPS:DSD_PRICES@DF_PRICES_ALL(1.0),KOR,M,N,CPI,IX,_T,N,_Z,2015-04,99.7513,A,,2015,,2
OECD.SDD.TPS:DSD_PRICES@DF_PRICES_ALL(1.0),KOR,M,N,CPI,IX,_T,N,_Z,2015-05,100.0307,A,,2015,,2
OECD.SDD.TPS:DSD_PRICES@DF_PRICES_ALL(1.0),KOR,M,N,CPI,IX,_T,N,_Z,2015-06,100.0507,A,,2015,,2
OECD.SDD.TPS:DSD_PRICES@DF_PRICES_ALL(1.0),KOR,M,N,CPI,IX,_T,N,_Z,2015-07,100.2309,A,,2015,,2
OECD.SDD.TPS:DSD_PRICES@DF_PRICES_ALL(1.0),KOR,M,N,CPI,IX,_T,N,_Z,2015-08,100.3712,A,,2015,,2
OECD.SDD.TPS:DSD_PRICES@DF_PRICES_ALL(1.0),KOR,M,N,CPI,IX,_T,N,_Z,2015-09,100.1108,A,,2015,,2
OECD.SDD.TPS:DSD_PRICES@DF_PRICES_ALL(1.0),KOR,M,N,CPI,IX,_T,N,_Z,2015-10,100.1108,A,,2015,,2
OECD.SDD.TPS:DSD_PRICES@DF_PRICES_ALL(1.0),KOR,M,N,CPI,IX,_T,N,_Z,2015-11,99.92103,A,,2015,,2
OECD.SDD.TPS:DSD_PRICES@DF_PRICES_ALL(1.0),KOR,M,N,CPI,IX,_T,N,_Z,2015-12,100.2204,A,,2015,,2
OECD.SDD.TPS:DSD_PRICES@DF_PRICES_ALL(1.0),KOR,M,N,CPI,IX,_T,N,_Z,2016-01,100.3912,A,,2015,,2
OECD.SDD.TPS:DSD_PRICES@DF_PRICES_ALL(1.0),KOR,M,N,CPI,IX,_T,N,_Z,2016-02,100.8213,A,,2015,,2
OECD.SDD.TPS:DSD_PRICES@DF_PRICES_ALL(1.0),KOR,M,N,CPI,IX,_T,N,_Z,2016-03,100.5609,A,,2015,,2
OECD.SDD.TPS:DSD_PRICES@DF_PRICES_ALL(1.0),KOR,M,N,CPI,IX,_T,N,_Z,2016-04,100.7507,A,,2015,,2
OECD.SDD.TPS:DSD_PRICES@DF_PRICES_ALL(1.0),KOR,M,N,CPI,IX,_T,N,_Z,2016-05,100.8107,A,,2015,,2
OECD.SDD.TPS:DSD_PRICES@DF_PRICES_ALL(1.0),KOR,M,N,CPI,IX,_T,N,_Z,2016-06,100.7907,A,,2015,,2
OECD.SDD.TPS:DSD_PRICES@DF_PRICES_ALL(1.0),KOR,M,N,CPI,IX,_T,N,_Z,2016-07,100.601,A,,2015,,2
OECD.SDD.TPS:DSD_PRICES@DF_PRICES_ALL(1.0),KOR,M,N,CPI,IX,_T,N,_Z,2016-08,100.8603,A,,2015,,2
OECD.SDD.TPS:DSD_PRICES@DF_PRICES_ALL(1.0),KOR,M,N,CPI,IX,_T,N,_Z,2016-09,101.4612,A,,2015,,2
OECD.SDD.TPS:DSD_PRICES@DF_PRICES_ALL(1.0),KOR,M,N,CPI,IX,_T,N,_Z,2016-10,101.6003,A,,2015,,2
OECD.SDD.TPS:DSD_PRICES@DF_PRICES_ALL(1.0),KOR,M,N,CPI,IX,_T,N,_Z,2016-11,101.4506,A,,2015,,2
OECD.SDD.TPS:DSD_PRICES@DF_PRICES_ALL(1.0),KOR,M,N,CPI,IX,_T,N,_Z,2016-12,101.5613,A,,2015,,2
OECD.SDD.TPS:DSD_PRICES@DF_PRICES_ALL(1.0),KOR,M,N,CPI,IX,_T,N,_Z,2017-01,102.6408,A,,2015,,2
OECD.SDD.TPS:DSD_PRICES@DF_PRICES_ALL(1.0),KOR,M,N,CPI,IX,_T,N,_Z,2017-02,102.9212,A,,2015,,2
OECD.SDD.TPS:DSD_PRICES@DF_PRICES_ALL(1.0),KOR,M,N,CPI,IX,_T,N,_Z,2017-03,102.8506,A,,2015,,2
OECD.SDD.TPS:DSD_PRICES@DF_PRICES_ALL(1.0),KOR,M,N,CPI,IX,_T,N,_Z,2017-04,102.7209,A,,2015,,2
OECD.SDD.TPS:DSD_PRICES@DF_PRICES_ALL(1.0),KOR,M,N,CPI,IX,_T,N,_Z,2017-05,102.8306,A,,2015,,2
OECD.SDD.TPS:DSD_PRICES@DF_PRICES_ALL(1.0),KOR,M,N,CPI,IX,_T,N,_Z,2017-06,102.6113,A,,2015,,2
OECD.SDD.TPS:DSD_PRICES@DF_PRICES_ALL(1.0),KOR,M,N,CPI,IX,_T,N,_Z,2017-07,102.781,A,,2015,,2
OECD.SDD.TPS:DSD_PRICES@DF_PRICES_ALL(1.0),KOR,M,N,CPI,IX,_T,N,_Z,2017-08,103.3703,A,,2015,,2
OECD.SDD.TPS:DSD_PRICES@DF_PRICES_ALL(1.0),KOR,M,N,CPI,IX,_T,N,_Z,2017-09,103.4905,A,,2015,,2
OECD.SDD.TPS:DSD_PRICES@DF_PRICES_ALL(1.0),KOR,M,N,CPI,IX,_T,N,_Z,2017-10,103.3903,A,,2015,,2
OECD.SDD.TPS:DSD_PRICES@DF_PRICES_ALL(1.0),KOR,M,N,CPI,IX,_T,N,_Z,2017-11,102.6208,A,,2015,,2
OECD.SDD.TPS:DSD_PRICES@DF_PRICES_ALL(1.0),KOR,M,N,CPI,IX,_T,N,_Z,2017-12,102.9908,A,,2015,,2
OECD.SDD.TPS:DSD_PRICES@DF_PRICES_ALL(1.0),KOR,M,N,CPI,IX,_T,N,_Z,2018-01,103.4209,A,,2015,,2
OECD.SDD.TPS:DSD_PRICES@DF_PRICES_ALL(1.0),KOR,M,N,CPI,IX,_T,N,_Z,2018-02,104.2105,A,,2015,,2
OECD.SDD.TPS:DSD_PRICES@DF_PRICES_ALL(1.0),KOR,M,N,CPI,IX,_T,N,_Z,2018-03,104.1008,A,,2015,,2
OECD.SDD.TPS:DSD_PRICES@DF_PRICES_ALL(1.0),KOR,M,N,CPI,IX,_T,N,_Z,2018-04,104.2906,A,,2015,,2
OECD.SDD.TPS:DSD_PRICES@DF_PRICES_ALL(1.0),KOR,M,N,CPI,IX,_T,N,_Z,2018-05,104.3412,A,,2015,,2
OECD.SDD.TPS:DSD_PRICES@DF_PRICES_ALL(1.0),KOR,M,N,CPI,IX,_T,N,_Z,2018-06,104.1303,A,,2015,,2
OECD.SDD.TPS:DSD_PRICES@DF_PRICES_ALL(1.0),KOR,M,N,CPI,IX,_T,N,_Z,2018-07,103.9311,A,,2015,,2
OECD.SDD.TPS:DSD_PRICES@DF_PRICES_ALL(1.0),KOR,M,N,CPI,IX,_T,N,_Z,2018-08,104.8503,A,,2015,,2
OECD.SDD.TPS:DSD_PRICES@DF_PRICES_ALL(1.0),KOR,M,N,CPI,IX,_T,N,_Z,2018-09,105.6505,A,,2015,,2
OECD.SDD.TPS:DSD_PRICES@DF_PRICES_ALL(1.0),KOR,M,N,CPI,IX,_T,N,_Z,2018-10,105.4607,A,,2015,,2
OECD.SDD.TPS:DSD_PRICES@DF_PRICES_ALL(1.0),KOR,M,N,CPI,IX,_T,N,_Z,2018-11,104.7112,A,,2015,,2
OECD.SDD.TPS:DSD_PRICES@DF_PRICES_ALL(1.0),KOR,M,N,CPI,IX,_T,N,_Z,2018-12,104.3507,A,,2015,,2
OECD.SDD.TPS:DSD_PRICES@DF_PRICES_ALL(1.0),KOR,M,N,CPI,IX,_T,N,_Z,2019-01,104.241,A,,2015,,2
OECD.SDD.TPS:DSD_PRICES@DF_PRICES_ALL(1.0),KOR,M,N,CPI,IX,_T,N,_Z,2019-02,104.6912,A,,2015,,2
OECD.SDD.TPS:DSD_PRICES@DF_PRICES_ALL(1.0),KOR,M,N,CPI,IX,_T,N,_Z,2019-03,104.4909,A,,2015,,2
OECD.SDD.TPS:DSD_PRICES@DF_PRICES_ALL(1.0),KOR,M,N,CPI,IX,_T,N,_Z,2019-04,104.8704,A,,2015,,2
OECD.SDD.TPS:DSD_PRICES@DF_PRICES_ALL(1.0),KOR,M,N,CPI,IX,_T,N,_Z,2019-05,105.0506,A,,2015,,2
OECD.SDD.TPS:DSD_PRICES@DF_PRICES_ALL(1.0),KOR,M,N,CPI,IX,_T,N,_Z,2019-06,104.8809,A,,2015,,2
OECD.SDD.TPS:DSD_PRICES@DF_PRICES_ALL(1.0),KOR,M,N,CPI,IX,_T,N,_Z,2019-07,104.5604,A,,2015,,2
OECD.SDD.TPS:DSD_PRICES@DF_PRICES_ALL(1.0),KOR,M,N,CPI,IX,_T,N,_Z,2019-08,104.8113,A,,2015,,2
OECD.SDD.TPS:DSD_PRICES@DF_PRICES_ALL(1.0),KOR,M,N,CPI,IX,_T,N,_Z,2019-09,105.2003,A,,2015,,2
OECD.SDD.TPS:DSD_PRICES@DF_PRICES_ALL(1.0),KOR,M,N,CPI,IX,_T,N,_Z,2019-10,105.4607,A,,2015,,2
OECD.SDD.TPS:DSD_PRICES@DF_PRICES_ALL(1.0),KOR,M,N,CPI,IX,_T,N,_Z,2019-11,104.8704,A,,2015,,2
OECD.SDD.TPS:DSD_PRICES@DF_PRICES_ALL(1.0),KOR,M,N,CPI,IX,_T,N,_Z,2019-12,105.1213,A,,2015,,2
OECD.SDD.TPS:DSD_PRICES@DF_PRICES_ALL(1.0),KOR,M,N,CPI,IX,_T,N,_Z,2020-01,105.5124,A,,2015,,2
OECD.SDD.TPS:DSD_PRICES@DF_PRICES_ALL(1.0),KOR,M,N,CPI,IX,_T,N,_Z,2020-02,105.5862,A,,2015,,2
OECD.SDD.TPS:DSD_PRICES@DF_PRICES_ALL(1.0),KOR,M,N,CPI,IX,_T,N,_Z,2020-03,105.3542,A,,2015,,2
OECD.SDD.TPS:DSD_PRICES@DF_PRICES_ALL(1.0),KOR,M,N,CPI,IX,_T,N,_Z,2020-04,104.8904,A,,2015,,2
OECD.SDD.TPS:DSD_PRICES@DF_PRICES_ALL(1.0),KOR,M,N,CPI,IX,_T,N,_Z,2020-05,104.8272,A,,2015,,2
OECD.SDD.TPS:DSD_PRICES@DF_PRICES_ALL(1.0),KOR,M,N,CPI,IX,_T,N,_Z,2020-06,105.1118,A,,2015,,2
OECD.SDD.TPS:DSD_PRICES@DF_PRICES_ALL(1.0),KOR,M,N,CPI,IX,_T,N,_Z,2020-07,105.0275,A,,2015,,2
OECD.SDD.TPS:DSD_PRICES@DF_PRICES_ALL(1.0),KOR,M,N,CPI,IX,_T,N,_Z,2020-08,105.6178,A,,2015,,2
OECD.SDD.TPS:DSD_PRICES@DF_PRICES_ALL(1.0),KOR,M,N,CPI,IX,_T,N,_Z,2020-09,106.1976,A,,2015,,2
OECD.SDD.TPS:DSD_PRICES@DF_PRICES_ALL(1.0),KOR,M,N,CPI,IX,_T,N,_Z,2020-10,105.6072,A,,2015,,2
OECD.SDD.TPS:DSD_PRICES@DF_PRICES_ALL(1.0),KOR,M,N,CPI,IX,_T,N,_Z,2020-11,105.5124,A,,2015,,2
OECD.SDD.TPS:DSD_PRICES@DF_PRICES_ALL(1.0),KOR,M,N,CPI,IX,_T,N,_Z,2020-12,105.7654,A,,2015,,2
OECD.SDD.TPS:DSD_PRICES@DF_PRICES_ALL(1.0),KOR,M,N,CPI,IX,_T,N,_Z,2021-01,106.5138,A,,2015,,2
OECD.SDD.TPS:DSD_PRICES@DF_PRICES_ALL(1.0),KOR,M,N,CPI,IX,_T,N,_Z,2021-02,107.0831,A,,2015,,2
OECD.SDD.TPS:DSD_PRICES@DF_PRICES_ALL(1.0),KOR,M,N,CPI,IX,_T,N,_Z,2021-03,107.3572,A,,2015,,2
OECD.SDD.TPS:DSD_PRICES@DF_PRICES_ALL(1.0),KOR,M,N,CPI,IX,_T,N,_Z,2021-04,107.5048,A,,2015,,2
OECD.SDD.TPS:DSD_PRICES@DF_PRICES_ALL(1.0),KOR,M,N,CPI,IX,_T,N,_Z,2021-05,107.5786,A,,2015,,2
OECD.SDD.TPS:DSD_PRICES@DF_PRICES_ALL(1.0),KOR,M,N,CPI,IX,_T,N,_Z,2021-06,107.5786,A,,2015,,2
OECD.SDD.TPS:DSD_PRICES@DF_PRICES_ALL(1.0),KOR,M,N,CPI,IX,_T,N,_Z,2021-07,107.7999,A,,2015,,2
OECD.SDD.TPS:DSD_PRICES@DF_PRICES_ALL(1.0),KOR,M,N,CPI,IX,_T,N,_Z,2021-08,108.3165,A,,2015,,2
OECD.SDD.TPS:DSD_PRICES@DF_PRICES_ALL(1.0),KOR,M,N,CPI,IX,_T,N,_Z,2021-09,108.7592,A,,2015,,2
OECD.SDD.TPS:DSD_PRICES@DF_PRICES_ALL(1.0),KOR,M,N,CPI,IX,_T,N,_Z,2021-10,108.949,A,,2015,,2
OECD.SDD.TPS:DSD_PRICES@DF_PRICES_ALL(1.0),KOR,M,N,CPI,IX,_T,N,_Z,2021-11,109.4971,A,,2015,,2
OECD.SDD.TPS:DSD_PRICES@DF_PRICES_ALL(1.0),KOR,M,N,CPI,IX,_T,N,_Z,2021-12,109.6764,A,,2015,,2
OECD.SDD.TPS:DSD_PRICES@DF_PRICES_ALL(1.0),KOR,M,N,CPI,IX,_T,N,_Z,2022-01,110.5302,A,,2015,,2
OECD.SDD.TPS:DSD_PRICES@DF_PRICES_ALL(1.0),KOR,M,N,CPI,IX,_T,N,_Z,2022-02,111.1311,A,,2015,,2
OECD.SDD.TPS:DSD_PRICES@DF_PRICES_ALL(1.0),KOR,M,N,CPI,IX,_T,N,_Z,2022-03,111.848,A,,2015,,2
OECD.SDD.TPS:DSD_PRICES@DF_PRICES_ALL(1.0),KOR,M,N,CPI,IX,_T,N,_Z,2022-04,112.6175,A,,2015,,2
OECD.SDD.TPS:DSD_PRICES@DF_PRICES_ALL(1.0),KOR,M,N,CPI,IX,_T,N,_Z,2022-05,113.3238,A,,2015,,2
OECD.SDD.TPS:DSD_PRICES@DF_PRICES_ALL(1.0),KOR,M,N,CPI,IX,_T,N,_Z,2022-06,114.0723,A,,2015,,2
OECD.SDD.TPS:DSD_PRICES@DF_PRICES_ALL(1.0),KOR,M,N,CPI,IX,_T,N,_Z,2022-07,114.6204,A,,2015,,2
OECD.SDD.TPS:DSD_PRICES@DF_PRICES_ALL(1.0),KOR,M,N,CPI,IX,_T,N,_Z,2022-08,114.515,A,,2015,,2
OECD.SDD.TPS:DSD_PRICES@DF_PRICES_ALL(1.0),KOR,M,N,CPI,IX,_T,N,_Z,2022-09,114.7153,A,,2015,,2
OECD.SDD.TPS:DSD_PRICES@DF_PRICES_ALL(1.0),KOR,M,N,CPI,IX,_T,N,_Z,2022-10,115.0737,A,,2015,,2
OECD.SDD.TPS:DSD_PRICES@DF_PRICES_ALL(1.0),KOR,M,N,CPI,IX,_T,N,_Z,2022-11,114.9789,A,,2015,,2
OECD.SDD.TPS:DSD_PRICES@DF_PRICES_ALL(1.0),KOR,M,N,CPI,IX,_T,N,_Z,2022-12,115.1792,A,,2015,,2
OECD.SDD.TPS:DSD_PRICES@DF_PRICES_ALL(1.0),KOR,M,N,CPI,IX,_T,N,_Z,2023-01,116.033,A,,2015,,2
OECD.SDD.TPS:DSD_PRICES@DF_PRICES_ALL(1.0),KOR,M,N,CPI,IX,_T,N,_Z,2023-02,116.3071,A,,2015,,2
OECD.SDD.TPS:DSD_PRICES@DF_PRICES_ALL(1.0),KOR,M,N,CPI,IX,_T,N,_Z,2023-03,116.5074,A,,2015,,2
OECD.SDD.TPS:DSD_PRICES@DF_PRICES_ALL(1.0),KOR,M,N,CPI,IX,_T,N,_Z,2023-04,116.771,A,,2015,,2
OECD.SDD.TPS:DSD_PRICES@DF_PRICES_ALL(1.0),KOR,M,N,CPI,IX,_T,N,_Z,2023-05,117.1505,A,,2015,,2
OECD.SDD.TPS:DSD_PRICES@DF_PRICES_ALL(1.0),KOR,M,N,CPI,IX,_T,N,_Z,2023-06,117.1821,A,,2015,,2
OECD.SDD.TPS:DSD_PRICES@DF_PRICES_ALL(1.0),KOR,M,N,CPI,IX,_T,N,_Z,2023-07,117.3191,A,,2015,,2
OECD.SDD.TPS:DSD_PRICES@DF_PRICES_ALL(1.0),KOR,M,N,CPI,IX,_T,N,_Z,2023-08,118.3628,A,,2015,,2
OECD.SDD.TPS:DSD_PRICES@DF_PRICES_ALL(1.0),KOR,M,N,CPI,IX,_T,N,_Z,2023-09,118.9636,A,,2015,,2
OECD.SDD.TPS:DSD_PRICES@DF_PRICES_ALL(1.0),KOR,M,N,CPI,IX,_T,N,_Z,2023-10,119.4064,A,,2015,,2
OECD.SDD.TPS:DSD_PRICES@DF_PRICES_ALL(1.0),KOR,M,N,CPI,IX,_T,N,_Z,2023-11,118.7844,A,,2015,,2
OECD.SDD.TPS:DSD_PRICES@DF_PRICES_ALL(1.0),KOR,M,N,CPI,IX,_T,N,_Z,2023-12,118.8371,A,,2015,,2
OECD.SDD.TPS:DSD_PRICES@DF_PRICES_ALL(1.0),KOR,M,N,CPI,IX,_T,N,_Z,2024-01,119.301,A,,2015,,2
OECD.SDD.TPS:DSD_PRICES@DF_PRICES_ALL(1.0),KOR,M,N,CPI,IX,_T,N,_Z,2024-02,119.944,A,,2015,,2
OECD.SDD.TPS:DSD_PRICES@DF_PRICES_ALL(1.0),KOR,M,N,CPI,IX,_T,N,_Z,2024-03,120.1232,A,,2015,,2
OECD.SDD.TPS:DSD_PRICES@DF_PRICES_ALL(1.0),KOR,M,N,CPI,IX,_T,N,_Z,2024-04,120.1865,A,,2015,,2
OECD.SDD.TPS:DSD_PRICES@DF_PRICES_ALL(1.0),KOR,M,N,CPI,IX,_T,N,_Z,2024-05,120.2814,A,,2015,,2
OECD.SDD.TPS:DSD_PRICES@DF_PRICES_ALL(1.0),KOR,M,N,CPI,IX,_T,N,_Z,2024-06,120.0073,A,,2015,,2
OECD.SDD.TPS:DSD_PRICES@DF_PRICES_ALL(1.0),KOR,M,N,CPI,IX,_T,N,_Z,2024-07,120.313,A,,2015,,2
OECD.SDD.TPS:DSD_PRICES@DF_PRICES_ALL(1.0),KOR,M,N,CPI,IX,_T,N,_Z,2024-08,120.7452,A,,2015,,2
OECD.SDD.TPS:DSD_PRICES@DF_PRICES_ALL(1.0),KOR,M,N,CPI,IX,_T,N,_Z,2024-09,120.8612,A,,2015,,2
OECD.SDD.TPS:DSD_PRICES@DF_PRICES_ALL(1.0),KOR,M,N,CPI,IX,_T,N,_Z,2024-10,120.9033,A,,2015,,2
OECD.SDD.TPS:DSD_PRICES@DF_PRICES_ALL(1.0),KOR,M,N,CPI,IX,_T,N,_Z,2024-11,120.5976,A,,2015,,2
OECD.SDD.TPS:DSD_PRICES@DF_PRICES_ALL(1.0),KOR,M,N,CPI,IX,_T,N,_Z,2024-12,121.1352,A,,2015,,2
OECD.SDD.TPS:DSD_PRICES@DF_PRICES_ALL(1.0),KOR,M,N,CPI,IX,_T,N,_Z,2025-01,121.9786,A,,2015,,2
OECD.SDD.TPS:DSD_PRICES@DF_PRICES_ALL(1.0),KOR,M,N,CPI,IX,_T,N,_Z,2025-02,122.3686,A,,2015,,2
OECD.SDD.TPS:DSD_PRICES@DF_PRICES_ALL(1.0),KOR,M,N,CPI,IX,_T,N,_Z,2025-03,122.59,A,,2015,,2
OECD.SDD.TPS:DSD_PRICES@DF_PRICES_ALL(1.0),KOR,M,N,CPI,IX,_T,N,_Z,2025-04,122.6849,A,,2015,,2
OECD.SDD.TPS:DSD_PRICES@DF_PRICES_ALL(1.0),KOR,M,N,CPI,IX,_T,N,_Z,2025-05,122.5689,A,,2015,,2
OECD.SDD.TPS:DSD_PRICES@DF_PRICES_ALL(1.0),KOR,M,N,CPI,IX,_T,N,_Z,2025-06,122.6111,A,,2015,,2
OECD.SDD.TPS:DSD_PRICES@DF_PRICES_ALL(1.0),KOR,M,N,CPI,IX,_T,N,_Z,2025-07,122.8325,A,,2015,,2
OECD.SDD.TPS:DSD_PRICES@DF_PRICES_ALL(1.0),KOR,M,N,CPI,IX,_T,N,_Z,2025-08,122.7587,A,,2015,,2
OECD.SDD.TPS:DSD_PRICES@DF_PRICES_ALL(1.0),KOR,M,N,CPI,IX,_T,N,_Z,2025-09,123.4017,A,,2015,,2
OECD.SDD.TPS:DSD_PRICES@DF_PRICES_ALL(1.0),KOR,M,N,CPI,IX,_T,N,_Z,2025-10,123.7812,A,,2015,,2
OECD.SDD.TPS:DSD_PRICES@DF_PRICES_ALL(1.0),KOR,M,N,CPI,IX,_T,N,_Z,2025-11,123.5493,A,,2015,,2
OECD.SDD.TPS:DSD_PRICES@DF_PRICES_ALL(1.0),KOR,M,N,CPI,IX,_T,N,_Z,2025-12,123.9393,A,,2015,,2
OECD.SDD.TPS:DSD_PRICES@DF_PRICES_ALL(1.0),KOR,M,N,CPI,IX,_T,N,_Z,2026-01,124.4243,A,,2015,,2
OECD.SDD.TPS:DSD_PRICES@DF_PRICES_ALL(1.0),KOR,M,N,CPI,IX,_T,N,_Z,2026-02,124.8143,A,,2015,,2
OECD.SDD.TPS:DSD_PRICES@DF_PRICES_ALL(1.0),KOR,M,N,CPI,IX,_T,N,_Z,2026-03,125.236,A,,2015,,2
OECD.SDD.TPS:DSD_PRICES@DF_PRICES_ALL(1.0),KOR,M,N,CPI,IX,_T,N,_Z,2026-04,125.8369,A,,2015,,2
OECD.SDD.TPS:DSD_PRICES@DF_PRICES_ALL(1.0),KOR,M,N,CPI,IX,_T,N,_Z,2026-05,126.4167,A,,2015,,2
OECD.SDD.TPS:DSD_PRICES@DF_PRICES_ALL(1.0),GBR,M,N,CPI,IX,CP01,N,_Z,2014-01,103.9,A,,2015,,2
OECD.SDD.TPS:DSD_PRICES@DF_PRICES_ALL(1.0),GBR,M,N,CPI,IX,CP01,N,_Z,2014-02,104.4,A,,2015,,2
OECD.SDD.TPS:DSD_PRICES@DF_PRICES_ALL(1.0),GBR,M,N,CPI,IX,CP01,N,_Z,2014-03,103.9,A,,2015,,2
OECD.SDD.TPS:DSD_PRICES@DF_PRICES_ALL(1.0),GBR,M,N,CPI,IX,CP01,N,_Z,2014-04,103.4,A,,2015,,2
OECD.SDD.TPS:DSD_PRICES@DF_PRICES_ALL(1.0),GBR,M,N,CPI,IX,CP01,N,_Z,2014-05,102.2,A,,2015,,2
OECD.SDD.TPS:DSD_PRICES@DF_PRICES_ALL(1.0),GBR,M,N,CPI,IX,CP01,N,_Z,2014-06,102.4,A,,2015,,2
OECD.SDD.TPS:DSD_PRICES@DF_PRICES_ALL(1.0),GBR,M,N,CPI,IX,CP01,N,_Z,2014-07,102.2,A,,2015,,2
OECD.SDD.TPS:DSD_PRICES@DF_PRICES_ALL(1.0),GBR,M,N,CPI,IX,CP01,N,_Z,2014-08,102.0,A,,2015,,2
OECD.SDD.TPS:DSD_PRICES@DF_PRICES_ALL(1.0),GBR,M,N,CPI,IX,CP01,N,_Z,2014-09,101.8,A,,2015,,2
OECD.SDD.TPS:DSD_PRICES@DF_PRICES_ALL(1.0),GBR,M,N,CPI,IX,CP01,N,_Z,2014-10,101.9,A,,2015,,2
OECD.SDD.TPS:DSD_PRICES@DF_PRICES_ALL(1.0),GBR,M,N,CPI,IX,CP01,N,_Z,2014-11,101.7,A,,2015,,2
OECD.SDD.TPS:DSD_PRICES@DF_PRICES_ALL(1.0),GBR,M,N,CPI,IX,CP01,N,_Z,2014-12,102.0,A,,2015,,2
OECD.SDD.TPS:DSD_PRICES@DF_PRICES_ALL(1.0),GBR,M,N,CPI,IX,CP01,N,_Z,2015-01,101.3,A,,2015,,2
OECD.SDD.TPS:DSD_PRICES@DF_PRICES_ALL(1.0),GBR,M,N,CPI,IX,CP01,N,_Z,2015-02,101.0,A,,2015,,2
OECD.SDD.TPS:DSD_PRICES@DF_PRICES_ALL(1.0),GBR,M,N,CPI,IX,CP01,N,_Z,2015-03,100.9,A,,2015,,2
OECD.SDD.TPS:DSD_PRICES@DF_PRICES_ALL(1.0),GBR,M,N,CPI,IX,CP01,N,_Z,2015-04,100.5,A,,2015,,2
OECD.SDD.TPS:DSD_PRICES@DF_PRICES_ALL(1.0),GBR,M,N,CPI,IX,CP01,N,_Z,2015-05,100.4,A,,2015,,2
OECD.SDD.TPS:DSD_PRICES@DF_PRICES_ALL(1.0),GBR,M,N,CPI,IX,CP01,N,_Z,2015-06,100.1,A,,2015,,2
OECD.SDD.TPS:DSD_PRICES@DF_PRICES_ALL(1.0),GBR,M,N,CPI,IX,CP01,N,_Z,2015-07,99.5,A,,2015,,2
OECD.SDD.TPS:DSD_PRICES@DF_PRICES_ALL(1.0),GBR,M,N,CPI,IX,CP01,N,_Z,2015-08,99.5,A,,2015,,2
OECD.SDD.TPS:DSD_PRICES@DF_PRICES_ALL(1.0),GBR,M,N,CPI,IX,CP01,N,_Z,2015-09,99.5,A,,2015,,2
OECD.SDD.TPS:DSD_PRICES@DF_PRICES_ALL(1.0),GBR,M,N,CPI,IX,CP01,N,_Z,2015-10,99.1,A,,2015,,2
OECD.SDD.TPS:DSD_PRICES@DF_PRICES_ALL(1.0),GBR,M,N,CPI,IX,CP01,N,_Z,2015-11,99.2,A,,2015,,2
OECD.SDD.TPS:DSD_PRICES@DF_PRICES_ALL(1.0),GBR,M,N,CPI,IX,CP01,N,_Z,2015-12,99.0,A,,2015,,2
OECD.SDD.TPS:DSD_PRICES@DF_PRICES_ALL(1.0),GBR,M,N,CPI,IX,CP01,N,_Z,2016-01,98.7,A,,2015,,2
OECD.SDD.TPS:DSD_PRICES@DF_PRICES_ALL(1.0),GBR,M,N,CPI,IX,CP01,N,_Z,2016-02,98.8,A,,2015,,2
OECD.SDD.TPS:DSD_PRICES@DF_PRICES_ALL(1.0),GBR,M,N,CPI,IX,CP01,N,_Z,2016-03,98.1,A,,2015,,2
OECD.SDD.TPS:DSD_PRICES@DF_PRICES_ALL(1.0),GBR,M,N,CPI,IX,CP01,N,_Z,2016-04,98.0,A,,2015,,2
OECD.SDD.TPS:DSD_PRICES@DF_PRICES_ALL(1.0),GBR,M,N,CPI,IX,CP01,N,_Z,2016-05,97.6,A,,2015,,2
OECD.SDD.TPS:DSD_PRICES@DF_PRICES_ALL(1.0),GBR,M,N,CPI,IX,CP01,N,_Z,2016-06,97.2,A,,2015,,2
OECD.SDD.TPS:DSD_PRICES@DF_PRICES_ALL(1.0),GBR,M,N,CPI,IX,CP01,N,_Z,2016-07,96.9,A,,2015,,2
OECD.SDD.TPS:DSD_PRICES@DF_PRICES_ALL(1.0),GBR,M,N,CPI,IX,CP01,N,_Z,2016-08,97.3,A,,2015,,2
OECD.SDD.TPS:DSD_PRICES@DF_PRICES_ALL(1.0),GBR,M,N,CPI,IX,CP01,N,_Z,2016-09,97.2,A,,2015,,2
OECD.SDD.TPS:DSD_PRICES@DF_PRICES_ALL(1.0),GBR,M,N,CPI,IX,CP01,N,_Z,2016-10,96.7,A,,2015,,2
OECD.SDD.TPS:DSD_PRICES@DF_PRICES_ALL(1.0),GBR,M,N,CPI,IX,CP01,N,_Z,2016-11,97.1,A,,2015,,2
OECD.SDD.TPS:DSD_PRICES@DF_PRICES_ALL(1.0),GBR,M,N,CPI,IX,CP01,N,_Z,2016-12,97.9,A,,2015,,2
OECD.SDD.TPS:DSD_PRICES@DF_PRICES_ALL(1.0),GBR,M,N,CPI,IX,CP01,N,_Z,2017-01,98.2,A,,2015,,2
OECD.SDD.TPS:DSD_PRICES@DF_PRICES_ALL(1.0),GBR,M,N,CPI,IX,CP01,N,_Z,2017-02,99.0,A,,2015,,2
OECD.SDD.TPS:DSD_PRICES@DF_PRICES_ALL(1.0),GBR,M,N,CPI,IX,CP01,N,_Z,2017-03,99.3,A,,2015,,2
OECD.SDD.TPS:DSD_PRICES@DF_PRICES_ALL(1.0),GBR,M,N,CPI,IX,CP01,N,_Z,2017-04,99.5,A,,2015,,2
OECD.SDD.TPS:DSD_PRICES@DF_PRICES_ALL(1.0),GBR,M,N,CPI,IX,CP01,N,_Z,2017-05,99.6,A,,2015,,2
OECD.SDD.TPS:DSD_PRICES@DF_PRICES_ALL(1.0),GBR,M,N,CPI,IX,CP01,N,_Z,2017-06,99.5,A,,2015,,2
OECD.SDD.TPS:DSD_PRICES@DF_PRICES_ALL(1.0),GBR,M,N,CPI,IX,CP01,N,_Z,2017-07,99.4,A,,2015,,2
OECD.SDD.TPS:DSD_PRICES@DF_PRICES_ALL(1.0),GBR,M,N,CPI,IX,CP01,N,_Z,2017-08,99.5,A,,2015,,2
OECD.SDD.TPS:DSD_PRICES@DF_PRICES_ALL(1.0),GBR,M,N,CPI,IX,CP01,N,_Z,2017-09,100.3,A,,2015,,2
OECD.SDD.TPS:DSD_PRICES@DF_PRICES_ALL(1.0),GBR,M,N,CPI,IX,CP01,N,_Z,2017-10,100.6,A,,2015,,2
OECD.SDD.TPS:DSD_PRICES@DF_PRICES_ALL(1.0),GBR,M,N,CPI,IX,CP01,N,_Z,2017-11,101.1,A,,2015,,2
OECD.SDD.TPS:DSD_PRICES@DF_PRICES_ALL(1.0),GBR,M,N,CPI,IX,CP01,N,_Z,2017-12,101.9,A,,2015,,2
OECD.SDD.TPS:DSD_PRICES@DF_PRICES_ALL(1.0),GBR,M,N,CPI,IX,CP01,N,_Z,2018-01,101.8,A,,2015,,2
OECD.SDD.TPS:DSD_PRICES@DF_PRICES_ALL(1.0),GBR,M,N,CPI,IX,CP01,N,_Z,2018-02,101.9,A,,2015,,2
OECD.SDD.TPS:DSD_PRICES@DF_PRICES_ALL(1.0),GBR,M,N,CPI,IX,CP01,N,_Z,2018-03,102.3,A,,2015,,2
OECD.SDD.TPS:DSD_PRICES@DF_PRICES_ALL(1.0),GBR,M,N,CPI,IX,CP01,N,_Z,2018-04,102.2,A,,2015,,2
OECD.SDD.TPS:DSD_PRICES@DF_PRICES_ALL(1.0),GBR,M,N,CPI,IX,CP01,N,_Z,2018-05,101.9,A,,2015,,2
OECD.SDD.TPS:DSD_PRICES@DF_PRICES_ALL(1.0),GBR,M,N,CPI,IX,CP01,N,_Z,2018-06,101.5,A,,2015,,2
OECD.SDD.TPS:DSD_PRICES@DF_PRICES_ALL(1.0),GBR,M,N,CPI,IX,CP01,N,_Z,2018-07,101.7,A,,2015,,2
OECD.SDD.TPS:DSD_PRICES@DF_PRICES_ALL(1.0),GBR,M,N,CPI,IX,CP01,N,_Z,2018-08,101.9,A,,2015,,2
OECD.SDD.TPS:DSD_PRICES@DF_PRICES_ALL(1.0),GBR,M,N,CPI,IX,CP01,N,_Z,2018-09,101.8,A,,2015,,2
OECD.SDD.TPS:DSD_PRICES@DF_PRICES_ALL(1.0),GBR,M,N,CPI,IX,CP01,N,_Z,2018-10,101.5,A,,2015,,2
OECD.SDD.TPS:DSD_PRICES@DF_PRICES_ALL(1.0),GBR,M,N,CPI,IX,CP01,N,_Z,2018-11,101.7,A,,2015,,2
OECD.SDD.TPS:DSD_PRICES@DF_PRICES_ALL(1.0),GBR,M,N,CPI,IX,CP01,N,_Z,2018-12,102.6,A,,2015,,2
OECD.SDD.TPS:DSD_PRICES@DF_PRICES_ALL(1.0),GBR,M,N,CPI,IX,CP01,N,_Z,2019-01,102.7,A,,2015,,2
OECD.SDD.TPS:DSD_PRICES@DF_PRICES_ALL(1.0),GBR,M,N,CPI,IX,CP01,N,_Z,2019-02,103.1,A,,2015,,2
OECD.SDD.TPS:DSD_PRICES@DF_PRICES_ALL(1.0),GBR,M,N,CPI,IX,CP01,N,_Z,2019-03,103.2,A,,2015,,2
OECD.SDD.TPS:DSD_PRICES@DF_PRICES_ALL(1.0),GBR,M,N,CPI,IX,CP01,N,_Z,2019-04,102.9,A,,2015,,2
OECD.SDD.TPS:DSD_PRICES@DF_PRICES_ALL(1.0),GBR,M,N,CPI,IX,CP01,N,_Z,2019-05,103.0,A,,2015,,2
OECD.SDD.TPS:DSD_PRICES@DF_PRICES_ALL(1.0),GBR,M,N,CPI,IX,CP01,N,_Z,2019-06,103.2,A,,2015,,2
OECD.SDD.TPS:DSD_PRICES@DF_PRICES_ALL(1.0),GBR,M,N,CPI,IX,CP01,N,_Z,2019-07,103.2,A,,2015,,2
OECD.SDD.TPS:DSD_PRICES@DF_PRICES_ALL(1.0),GBR,M,N,CPI,IX,CP01,N,_Z,2019-08,103.8,A,,2015,,2
OECD.SDD.TPS:DSD_PRICES@DF_PRICES_ALL(1.0),GBR,M,N,CPI,IX,CP01,N,_Z,2019-09,103.5,A,,2015,,2
OECD.SDD.TPS:DSD_PRICES@DF_PRICES_ALL(1.0),GBR,M,N,CPI,IX,CP01,N,_Z,2019-10,102.9,A,,2015,,2
OECD.SDD.TPS:DSD_PRICES@DF_PRICES_ALL(1.0),GBR,M,N,CPI,IX,CP01,N,_Z,2019-11,103.8,A,,2015,,2
OECD.SDD.TPS:DSD_PRICES@DF_PRICES_ALL(1.0),GBR,M,N,CPI,IX,CP01,N,_Z,2019-12,104.3,A,,2015,,2
OECD.SDD.TPS:DSD_PRICES@DF_PRICES_ALL(1.0),GBR,M,N,CPI,IX,CP01,N,_Z,2020-01,104.2,A,,2015,,2
OECD.SDD.TPS:DSD_PRICES@DF_PRICES_ALL(1.0),GBR,M,N,CPI,IX,CP01,N,_Z,2020-02,104.4,A,,2015,,2
OECD.SDD.TPS:DSD_PRICES@DF_PRICES_ALL(1.0),GBR,M,N,CPI,IX,CP01,N,_Z,2020-03,104.6,A,,2015,,2
OECD.SDD.TPS:DSD_PRICES@DF_PRICES_ALL(1.0),GBR,M,N,CPI,IX,CP01,N,_Z,2020-04,104.4,A,,2015,,2
OECD.SDD.TPS:DSD_PRICES@DF_PRICES_ALL(1.0),GBR,M,N,CPI,IX,CP01,N,_Z,2020-05,105.0,A,,2015,,2
OECD.SDD.TPS:DSD_PRICES@DF_PRICES_ALL(1.0),GBR,M,N,CPI,IX,CP01,N,_Z,2020-06,104.4,A,,2015,,2
OECD.SDD.TPS:DSD_PRICES@DF_PRICES_ALL(1.0),GBR,M,N,CPI,IX,CP01,N,_Z,2020-07,104.1,A,,2015,,2
OECD.SDD.TPS:DSD_PRICES@DF_PRICES_ALL(1.0),GBR,M,N,CPI,IX,CP01,N,_Z,2020-08,104.2,A,,2015,,2
OECD.SDD.TPS:DSD_PRICES@DF_PRICES_ALL(1.0),GBR,M,N,CPI,IX,CP01,N,_Z,2020-09,103.5,A,,2015,,2
OECD.SDD.TPS:DSD_PRICES@DF_PRICES_ALL(1.0),GBR,M,N,CPI,IX,CP01,N,_Z,2020-10,103.5,A,,2015,,2
OECD.SDD.TPS:DSD_PRICES@DF_PRICES_ALL(1.0),GBR,M,N,CPI,IX,CP01,N,_Z,2020-11,103.3,A,,2015,,2
OECD.SDD.TPS:DSD_PRICES@DF_PRICES_ALL(1.0),GBR,M,N,CPI,IX,CP01,N,_Z,2020-12,102.9,A,,2015,,2
OECD.SDD.TPS:DSD_PRICES@DF_PRICES_ALL(1.0),GBR,M,N,CPI,IX,CP01,N,_Z,2021-01,103.5,A,,2015,,2
OECD.SDD.TPS:DSD_PRICES@DF_PRICES_ALL(1.0),GBR,M,N,CPI,IX,CP01,N,_Z,2021-02,103.8,A,,2015,,2
OECD.SDD.TPS:DSD_PRICES@DF_PRICES_ALL(1.0),GBR,M,N,CPI,IX,CP01,N,_Z,2021-03,103.1,A,,2015,,2
OECD.SDD.TPS:DSD_PRICES@DF_PRICES_ALL(1.0),GBR,M,N,CPI,IX,CP01,N,_Z,2021-04,103.9,A,,2015,,2
OECD.SDD.TPS:DSD_PRICES@DF_PRICES_ALL(1.0),GBR,M,N,CPI,IX,CP01,N,_Z,2021-05,103.6,A,,2015,,2
OECD.SDD.TPS:DSD_PRICES@DF_PRICES_ALL(1.0),GBR,M,N,CPI,IX,CP01,N,_Z,2021-06,103.8,A,,2015,,2
OECD.SDD.TPS:DSD_PRICES@DF_PRICES_ALL(1.0),GBR,M,N,CPI,IX,CP01,N,_Z,2021-07,103.4,A,,2015,,2
OECD.SDD.TPS:DSD_PRICES@DF_PRICES_ALL(1.0),GBR,M,N,CPI,IX,CP01,N,_Z,2021-08,104.6,A,,2015,,2
OECD.SDD.TPS:DSD_PRICES@DF_PRICES_ALL(1.0),GBR,M,N,CPI,IX,CP01,N,_Z,2021-09,104.4,A,,2015,,2
OECD.SDD.TPS:DSD_PRICES@DF_PRICES_ALL(1.0),GBR,M,N,CPI,IX,CP01,N,_Z,2021-10,104.9,A,,2015,,2
OECD.SDD.TPS:DSD_PRICES@DF_PRICES_ALL(1.0),GBR,M,N,CPI,IX,CP01,N,_Z,2021-11,105.9,A,,2015,,2
OECD.SDD.TPS:DSD_PRICES@DF_PRICES_ALL(1.0),GBR,M,N,CPI,IX,CP01,N,_Z,2021-12,107.3,A,,2015,,2
OECD.SDD.TPS:DSD_PRICES@DF_PRICES_ALL(1.0),GBR,M,N,CPI,IX,CP01,N,_Z,2022-01,108.0,A,,2015,,2
OECD.SDD.TPS:DSD_PRICES@DF_PRICES_ALL(1.0),GBR,M,N,CPI,IX,CP01,N,_Z,2022-02,109.0,A,,2015,,2
OECD.SDD.TPS:DSD_PRICES@DF_PRICES_ALL(1.0),GBR,M,N,CPI,IX,CP01,N,_Z,2022-03,109.3,A,,2015,,2
OECD.SDD.TPS:DSD_PRICES@DF_PRICES_ALL(1.0),GBR,M,N,CPI,IX,CP01,N,_Z,2022-04,110.9,A,,2015,,2
OECD.SDD.TPS:DSD_PRICES@DF_PRICES_ALL(1.0),GBR,M,N,CPI,IX,CP01,N,_Z,2022-05,112.6,A,,2015,,2
OECD.SDD.TPS:DSD_PRICES@DF_PRICES_ALL(1.0),GBR,M,N,CPI,IX,CP01,N,_Z,2022-06,114.0,A,,2015,,2
OECD.SDD.TPS:DSD_PRICES@DF_PRICES_ALL(1.0),GBR,M,N,CPI,IX,CP01,N,_Z,2022-07,116.6,A,,2015,,2
OECD.SDD.TPS:DSD_PRICES@DF_PRICES_ALL(1.0),GBR,M,N,CPI,IX,CP01,N,_Z,2022-08,118.3,A,,2015,,2
OECD.SDD.TPS:DSD_PRICES@DF_PRICES_ALL(1.0),GBR,M,N,CPI,IX,CP01,N,_Z,2022-09,119.6,A,,2015,,2
OECD.SDD.TPS:DSD_PRICES@DF_PRICES_ALL(1.0),GBR,M,N,CPI,IX,CP01,N,_Z,2022-10,122.0,A,,2015,,2
OECD.SDD.TPS:DSD_PRICES@DF_PRICES_ALL(1.0),GBR,M,N,CPI,IX,CP01,N,_Z,2022-11,123.4,A,,2015,,2
OECD.SDD.TPS:DSD_PRICES@DF_PRICES_ALL(1.0),GBR,M,N,CPI,IX,CP01,N,_Z,2022-12,125.4,A,,2015,,2
OECD.SDD.TPS:DSD_PRICES@DF_PRICES_ALL(1.0),GBR,M,N,CPI,IX,CP01,N,_Z,2023-01,126.1,A,,2015,,2
OECD.SDD.TPS:DSD_PRICES@DF_PRICES_ALL(1.0),GBR,M,N,CPI,IX,CP01,N,_Z,2023-02,128.8,A,,2015,,2
OECD.SDD.TPS:DSD_PRICES@DF_PRICES_ALL(1.0),GBR,M,N,CPI,IX,CP01,N,_Z,2023-03,130.2,A,,2015,,2
OECD.SDD.TPS:DSD_PRICES@DF_PRICES_ALL(1.0),GBR,M,N,CPI,IX,CP01,N,_Z,2023-04,132.1,A,,2015,,2
OECD.SDD.TPS:DSD_PRICES@DF_PRICES_ALL(1.0),GBR,M,N,CPI,IX,CP01,N,_Z,2023-05,133.3,A,,2015,,2
OECD.SDD.TPS:DSD_PRICES@DF_PRICES_ALL(1.0),GBR,M,N,CPI,IX,CP01,N,_Z,2023-06,133.8,A,,2015,,2
OECD.SDD.TPS:DSD_PRICES@DF_PRICES_ALL(1.0),GBR,M,N,CPI,IX,CP01,N,_Z,2023-07,133.9,A,,2015,,2
OECD.SDD.TPS:DSD_PRICES@DF_PRICES_ALL(1.0),GBR,M,N,CPI,IX,CP01,N,_Z,2023-08,134.4,A,,2015,,2
OECD.SDD.TPS:DSD_PRICES@DF_PRICES_ALL(1.0),GBR,M,N,CPI,IX,CP01,N,_Z,2023-09,134.2,A,,2015,,2
OECD.SDD.TPS:DSD_PRICES@DF_PRICES_ALL(1.0),GBR,M,N,CPI,IX,CP01,N,_Z,2023-10,134.4,A,,2015,,2
OECD.SDD.TPS:DSD_PRICES@DF_PRICES_ALL(1.0),GBR,M,N,CPI,IX,CP01,N,_Z,2023-11,134.8,A,,2015,,2
OECD.SDD.TPS:DSD_PRICES@DF_PRICES_ALL(1.0),GBR,M,N,CPI,IX,CP01,N,_Z,2023-12,135.5,A,,2015,,2
OECD.SDD.TPS:DSD_PRICES@DF_PRICES_ALL(1.0),GBR,M,N,CPI,IX,CP01,N,_Z,2024-01,134.9,A,,2015,,2
OECD.SDD.TPS:DSD_PRICES@DF_PRICES_ALL(1.0),GBR,M,N,CPI,IX,CP01,N,_Z,2024-02,135.2,A,,2015,,2
OECD.SDD.TPS:DSD_PRICES@DF_PRICES_ALL(1.0),GBR,M,N,CPI,IX,CP01,N,_Z,2024-03,135.5,A,,2015,,2
OECD.SDD.TPS:DSD_PRICES@DF_PRICES_ALL(1.0),GBR,M,N,CPI,IX,CP01,N,_Z,2024-04,135.9,A,,2015,,2
OECD.SDD.TPS:DSD_PRICES@DF_PRICES_ALL(1.0),GBR,M,N,CPI,IX,CP01,N,_Z,2024-05,135.6,A,,2015,,2
OECD.SDD.TPS:DSD_PRICES@DF_PRICES_ALL(1.0),GBR,M,N,CPI,IX,CP01,N,_Z,2024-06,135.8,A,,2015,,2
OECD.SDD.TPS:DSD_PRICES@DF_PRICES_ALL(1.0),GBR,M,N,CPI,IX,CP01,N,_Z,2024-07,135.9,A,,2015,,2
OECD.SDD.TPS:DSD_PRICES@DF_PRICES_ALL(1.0),GBR,M,N,CPI,IX,CP01,N,_Z,2024-08,136.2,A,,2015,,2
OECD.SDD.TPS:DSD_PRICES@DF_PRICES_ALL(1.0),GBR,M,N,CPI,IX,CP01,N,_Z,2024-09,136.7,A,,2015,,2
OECD.SDD.TPS:DSD_PRICES@DF_PRICES_ALL(1.0),GBR,M,N,CPI,IX,CP01,N,_Z,2024-10,136.9,A,,2015,,2
OECD.SDD.TPS:DSD_PRICES@DF_PRICES_ALL(1.0),GBR,M,N,CPI,IX,CP01,N,_Z,2024-11,137.5,A,,2015,,2
OECD.SDD.TPS:DSD_PRICES@DF_PRICES_ALL(1.0),GBR,M,N,CPI,IX,CP01,N,_Z,2024-12,138.2,A,,2015,,2
OECD.SDD.TPS:DSD_PRICES@DF_PRICES_ALL(1.0),GBR,M,N,CPI,IX,CP01,N,_Z,2025-01,139.4,A,,2015,,2
OECD.SDD.TPS:DSD_PRICES@DF_PRICES_ALL(1.0),GBR,M,N,CPI,IX,CP01,N,_Z,2025-02,139.7,A,,2015,,2
OECD.SDD.TPS:DSD_PRICES@DF_PRICES_ALL(1.0),GBR,M,N,CPI,IX,CP01,N,_Z,2025-03,139.6,A,,2015,,2
OECD.SDD.TPS:DSD_PRICES@DF_PRICES_ALL(1.0),GBR,M,N,CPI,IX,CP01,N,_Z,2025-04,140.6,A,,2015,,2
OECD.SDD.TPS:DSD_PRICES@DF_PRICES_ALL(1.0),GBR,M,N,CPI,IX,CP01,N,_Z,2025-05,141.6,A,,2015,,2
OECD.SDD.TPS:DSD_PRICES@DF_PRICES_ALL(1.0),GBR,M,N,CPI,IX,CP01,N,_Z,2025-06,142.0,A,,2015,,2
OECD.SDD.TPS:DSD_PRICES@DF_PRICES_ALL(1.0),GBR,M,N,CPI,IX,CP01,N,_Z,2025-07,142.6,A,,2015,,2
OECD.SDD.TPS:DSD_PRICES@DF_PRICES_ALL(1.0),GBR,M,N,CPI,IX,CP01,N,_Z,2025-08,143.2,A,,2015,,2
OECD.SDD.TPS:DSD_PRICES@DF_PRICES_ALL(1.0),GBR,M,N,CPI,IX,CP01,N,_Z,2025-09,142.9,A,,2015,,2
OECD.SDD.TPS:DSD_PRICES@DF_PRICES_ALL(1.0),GBR,M,N,CPI,IX,CP01,N,_Z,2025-10,143.6,A,,2015,,2
OECD.SDD.TPS:DSD_PRICES@DF_PRICES_ALL(1.0),GBR,M,N,CPI,IX,CP01,N,_Z,2025-11,143.3,A,,2015,,2
OECD.SDD.TPS:DSD_PRICES@DF_PRICES_ALL(1.0),GBR,M,N,CPI,IX,CP01,N,_Z,2025-12,144.4,A,,2015,,2
OECD.SDD.TPS:DSD_PRICES@DF_PRICES_ALL(1.0),GBR,M,N,CPI,IX,CP01,N,_Z,2026-01,144.3,A,,2015,,2
OECD.SDD.TPS:DSD_PRICES@DF_PRICES_ALL(1.0),GBR,M,N,CPI,IX,CP01,N,_Z,2026-02,144.3,A,,2015,,2
OECD.SDD.TPS:DSD_PRICES@DF_PRICES_ALL(1.0),GBR,M,N,CPI,IX,CP01,N,_Z,2026-03,144.8,A,,2015,,2
OECD.SDD.TPS:DSD_PRICES@DF_PRICES_ALL(1.0),GBR,M,N,CPI,IX,CP01,N,_Z,2026-04,144.9,A,,2015,,2
OECD.SDD.TPS:DSD_PRICES@DF_PRICES_ALL(1.0),GBR,M,N,CPI,IX,CP01,N,_Z,2026-05,144.7,A,,2015,,2
OECD.SDD.TPS:DSD_PRICES@DF_PRICES_ALL(1.0),GBR,M,N,CPI,IX,CP045,N,_Z,2014-01,104.5,A,,2015,,2
OECD.SDD.TPS:DSD_PRICES@DF_PRICES_ALL(1.0),GBR,M,N,CPI,IX,CP045,N,_Z,2014-02,104.7,A,,2015,,2
OECD.SDD.TPS:DSD_PRICES@DF_PRICES_ALL(1.0),GBR,M,N,CPI,IX,CP045,N,_Z,2014-03,104.3,A,,2015,,2
OECD.SDD.TPS:DSD_PRICES@DF_PRICES_ALL(1.0),GBR,M,N,CPI,IX,CP045,N,_Z,2014-04,103.7,A,,2015,,2
OECD.SDD.TPS:DSD_PRICES@DF_PRICES_ALL(1.0),GBR,M,N,CPI,IX,CP045,N,_Z,2014-05,103.6,A,,2015,,2
OECD.SDD.TPS:DSD_PRICES@DF_PRICES_ALL(1.0),GBR,M,N,CPI,IX,CP045,N,_Z,2014-06,103.5,A,,2015,,2
OECD.SDD.TPS:DSD_PRICES@DF_PRICES_ALL(1.0),GBR,M,N,CPI,IX,CP045,N,_Z,2014-07,103.5,A,,2015,,2
OECD.SDD.TPS:DSD_PRICES@DF_PRICES_ALL(1.0),GBR,M,N,CPI,IX,CP045,N,_Z,2014-08,103.5,A,,2015,,2
OECD.SDD.TPS:DSD_PRICES@DF_PRICES_ALL(1.0),GBR,M,N,CPI,IX,CP045,N,_Z,2014-09,103.4,A,,2015,,2
OECD.SDD.TPS:DSD_PRICES@DF_PRICES_ALL(1.0),GBR,M,N,CPI,IX,CP045,N,_Z,2014-10,103.2,A,,2015,,2
OECD.SDD.TPS:DSD_PRICES@DF_PRICES_ALL(1.0),GBR,M,N,CPI,IX,CP045,N,_Z,2014-11,103.2,A,,2015,,2
OECD.SDD.TPS:DSD_PRICES@DF_PRICES_ALL(1.0),GBR,M,N,CPI,IX,CP045,N,_Z,2014-12,102.8,A,,2015,,2
OECD.SDD.TPS:DSD_PRICES@DF_PRICES_ALL(1.0),GBR,M,N,CPI,IX,CP045,N,_Z,2015-01,102.2,A,,2015,,2
OECD.SDD.TPS:DSD_PRICES@DF_PRICES_ALL(1.0),GBR,M,N,CPI,IX,CP045,N,_Z,2015-02,102.0,A,,2015,,2
OECD.SDD.TPS:DSD_PRICES@DF_PRICES_ALL(1.0),GBR,M,N,CPI,IX,CP045,N,_Z,2015-03,100.6,A,,2015,,2
OECD.SDD.TPS:DSD_PRICES@DF_PRICES_ALL(1.0),GBR,M,N,CPI,IX,CP045,N,_Z,2015-04,100.5,A,,2015,,2
OECD.SDD.TPS:DSD_PRICES@DF_PRICES_ALL(1.0),GBR,M,N,CPI,IX,CP045,N,_Z,2015-05,100.2,A,,2015,,2
OECD.SDD.TPS:DSD_PRICES@DF_PRICES_ALL(1.0),GBR,M,N,CPI,IX,CP045,N,_Z,2015-06,100.1,A,,2015,,2
OECD.SDD.TPS:DSD_PRICES@DF_PRICES_ALL(1.0),GBR,M,N,CPI,IX,CP045,N,_Z,2015-07,100.0,A,,2015,,2
OECD.SDD.TPS:DSD_PRICES@DF_PRICES_ALL(1.0),GBR,M,N,CPI,IX,CP045,N,_Z,2015-08,99.7,A,,2015,,2
OECD.SDD.TPS:DSD_PRICES@DF_PRICES_ALL(1.0),GBR,M,N,CPI,IX,CP045,N,_Z,2015-09,98.7,A,,2015,,2
OECD.SDD.TPS:DSD_PRICES@DF_PRICES_ALL(1.0),GBR,M,N,CPI,IX,CP045,N,_Z,2015-10,98.8,A,,2015,,2
OECD.SDD.TPS:DSD_PRICES@DF_PRICES_ALL(1.0),GBR,M,N,CPI,IX,CP045,N,_Z,2015-11,98.7,A,,2015,,2
OECD.SDD.TPS:DSD_PRICES@DF_PRICES_ALL(1.0),GBR,M,N,CPI,IX,CP045,N,_Z,2015-12,98.5,A,,2015,,2
OECD.SDD.TPS:DSD_PRICES@DF_PRICES_ALL(1.0),GBR,M,N,CPI,IX,CP045,N,_Z,2016-01,98.2,A,,2015,,2
OECD.SDD.TPS:DSD_PRICES@DF_PRICES_ALL(1.0),GBR,M,N,CPI,IX,CP045,N,_Z,2016-02,97.7,A,,2015,,2
OECD.SDD.TPS:DSD_PRICES@DF_PRICES_ALL(1.0),GBR,M,N,CPI,IX,CP045,N,_Z,2016-03,96.9,A,,2015,,2
OECD.SDD.TPS:DSD_PRICES@DF_PRICES_ALL(1.0),GBR,M,N,CPI,IX,CP045,N,_Z,2016-04,96.3,A,,2015,,2
OECD.SDD.TPS:DSD_PRICES@DF_PRICES_ALL(1.0),GBR,M,N,CPI,IX,CP045,N,_Z,2016-05,96.5,A,,2015,,2
OECD.SDD.TPS:DSD_PRICES@DF_PRICES_ALL(1.0),GBR,M,N,CPI,IX,CP045,N,_Z,2016-06,96.8,A,,2015,,2
OECD.SDD.TPS:DSD_PRICES@DF_PRICES_ALL(1.0),GBR,M,N,CPI,IX,CP045,N,_Z,2016-07,96.8,A,,2015,,2
OECD.SDD.TPS:DSD_PRICES@DF_PRICES_ALL(1.0),GBR,M,N,CPI,IX,CP045,N,_Z,2016-08,96.7,A,,2015,,2
OECD.SDD.TPS:DSD_PRICES@DF_PRICES_ALL(1.0),GBR,M,N,CPI,IX,CP045,N,_Z,2016-09,96.9,A,,2015,,2
OECD.SDD.TPS:DSD_PRICES@DF_PRICES_ALL(1.0),GBR,M,N,CPI,IX,CP045,N,_Z,2016-10,97.6,A,,2015,,2
OECD.SDD.TPS:DSD_PRICES@DF_PRICES_ALL(1.0),GBR,M,N,CPI,IX,CP045,N,_Z,2016-11,97.4,A,,2015,,2
OECD.SDD.TPS:DSD_PRICES@DF_PRICES_ALL(1.0),GBR,M,N,CPI,IX,CP045,N,_Z,2016-12,97.8,A,,2015,,2
OECD.SDD.TPS:DSD_PRICES@DF_PRICES_ALL(1.0),GBR,M,N,CPI,IX,CP045,N,_Z,2017-01,97.9,A,,2015,,2
OECD.SDD.TPS:DSD_PRICES@DF_PRICES_ALL(1.0),GBR,M,N,CPI,IX,CP045,N,_Z,2017-02,97.8,A,,2015,,2
OECD.SDD.TPS:DSD_PRICES@DF_PRICES_ALL(1.0),GBR,M,N,CPI,IX,CP045,N,_Z,2017-03,98.1,A,,2015,,2
OECD.SDD.TPS:DSD_PRICES@DF_PRICES_ALL(1.0),GBR,M,N,CPI,IX,CP045,N,_Z,2017-04,99.1,A,,2015,,2
OECD.SDD.TPS:DSD_PRICES@DF_PRICES_ALL(1.0),GBR,M,N,CPI,IX,CP045,N,_Z,2017-05,101.0,A,,2015,,2
OECD.SDD.TPS:DSD_PRICES@DF_PRICES_ALL(1.0),GBR,M,N,CPI,IX,CP045,N,_Z,2017-06,100.9,A,,2015,,2
OECD.SDD.TPS:DSD_PRICES@DF_PRICES_ALL(1.0),GBR,M,N,CPI,IX,CP045,N,_Z,2017-07,101.7,A,,2015,,2
OECD.SDD.TPS:DSD_PRICES@DF_PRICES_ALL(1.0),GBR,M,N,CPI,IX,CP045,N,_Z,2017-08,101.9,A,,2015,,2
OECD.SDD.TPS:DSD_PRICES@DF_PRICES_ALL(1.0),GBR,M,N,CPI,IX,CP045,N,_Z,2017-09,102.0,A,,2015,,2
OECD.SDD.TPS:DSD_PRICES@DF_PRICES_ALL(1.0),GBR,M,N,CPI,IX,CP045,N,_Z,2017-10,103.3,A,,2015,,2
OECD.SDD.TPS:DSD_PRICES@DF_PRICES_ALL(1.0),GBR,M,N,CPI,IX,CP045,N,_Z,2017-11,103.6,A,,2015,,2
OECD.SDD.TPS:DSD_PRICES@DF_PRICES_ALL(1.0),GBR,M,N,CPI,IX,CP045,N,_Z,2017-12,103.9,A,,2015,,2
OECD.SDD.TPS:DSD_PRICES@DF_PRICES_ALL(1.0),GBR,M,N,CPI,IX,CP045,N,_Z,2018-01,104.0,A,,2015,,2
OECD.SDD.TPS:DSD_PRICES@DF_PRICES_ALL(1.0),GBR,M,N,CPI,IX,CP045,N,_Z,2018-02,104.0,A,,2015,,2
OECD.SDD.TPS:DSD_PRICES@DF_PRICES_ALL(1.0),GBR,M,N,CPI,IX,CP045,N,_Z,2018-03,104.2,A,,2015,,2
OECD.SDD.TPS:DSD_PRICES@DF_PRICES_ALL(1.0),GBR,M,N,CPI,IX,CP045,N,_Z,2018-04,104.8,A,,2015,,2
OECD.SDD.TPS:DSD_PRICES@DF_PRICES_ALL(1.0),GBR,M,N,CPI,IX,CP045,N,_Z,2018-05,104.9,A,,2015,,2
OECD.SDD.TPS:DSD_PRICES@DF_PRICES_ALL(1.0),GBR,M,N,CPI,IX,CP045,N,_Z,2018-06,107.1,A,,2015,,2
OECD.SDD.TPS:DSD_PRICES@DF_PRICES_ALL(1.0),GBR,M,N,CPI,IX,CP045,N,_Z,2018-07,108.5,A,,2015,,2
OECD.SDD.TPS:DSD_PRICES@DF_PRICES_ALL(1.0),GBR,M,N,CPI,IX,CP045,N,_Z,2018-08,108.6,A,,2015,,2
OECD.SDD.TPS:DSD_PRICES@DF_PRICES_ALL(1.0),GBR,M,N,CPI,IX,CP045,N,_Z,2018-09,110.3,A,,2015,,2
OECD.SDD.TPS:DSD_PRICES@DF_PRICES_ALL(1.0),GBR,M,N,CPI,IX,CP045,N,_Z,2018-10,112.7,A,,2015,,2
OECD.SDD.TPS:DSD_PRICES@DF_PRICES_ALL(1.0),GBR,M,N,CPI,IX,CP045,N,_Z,2018-11,112.5,A,,2015,,2
OECD.SDD.TPS:DSD_PRICES@DF_PRICES_ALL(1.0),GBR,M,N,CPI,IX,CP045,N,_Z,2018-12,112.3,A,,2015,,2
OECD.SDD.TPS:DSD_PRICES@DF_PRICES_ALL(1.0),GBR,M,N,CPI,IX,CP045,N,_Z,2019-01,105.4,A,,2015,,2
OECD.SDD.TPS:DSD_PRICES@DF_PRICES_ALL(1.0),GBR,M,N,CPI,IX,CP045,N,_Z,2019-02,105.6,A,,2015,,2
OECD.SDD.TPS:DSD_PRICES@DF_PRICES_ALL(1.0),GBR,M,N,CPI,IX,CP045,N,_Z,2019-03,105.6,A,,2015,,2
OECD.SDD.TPS:DSD_PRICES@DF_PRICES_ALL(1.0),GBR,M,N,CPI,IX,CP045,N,_Z,2019-04,115.5,A,,2015,,2
OECD.SDD.TPS:DSD_PRICES@DF_PRICES_ALL(1.0),GBR,M,N,CPI,IX,CP045,N,_Z,2019-05,115.6,A,,2015,,2
OECD.SDD.TPS:DSD_PRICES@DF_PRICES_ALL(1.0),GBR,M,N,CPI,IX,CP045,N,_Z,2019-06,115.5,A,,2015,,2
OECD.SDD.TPS:DSD_PRICES@DF_PRICES_ALL(1.0),GBR,M,N,CPI,IX,CP045,N,_Z,2019-07,115.4,A,,2015,,2
OECD.SDD.TPS:DSD_PRICES@DF_PRICES_ALL(1.0),GBR,M,N,CPI,IX,CP045,N,_Z,2019-08,115.5,A,,2015,,2
OECD.SDD.TPS:DSD_PRICES@DF_PRICES_ALL(1.0),GBR,M,N,CPI,IX,CP045,N,_Z,2019-09,115.5,A,,2015,,2
OECD.SDD.TPS:DSD_PRICES@DF_PRICES_ALL(1.0),GBR,M,N,CPI,IX,CP045,N,_Z,2019-10,110.4,A,,2015,,2
OECD.SDD.TPS:DSD_PRICES@DF_PRICES_ALL(1.0),GBR,M,N,CPI,IX,CP045,N,_Z,2019-11,110.4,A,,2015,,2
OECD.SDD.TPS:DSD_PRICES@DF_PRICES_ALL(1.0),GBR,M,N,CPI,IX,CP045,N,_Z,2019-12,110.4,A,,2015,,2
OECD.SDD.TPS:DSD_PRICES@DF_PRICES_ALL(1.0),GBR,M,N,CPI,IX,CP045,N,_Z,2020-01,110.5,A,,2015,,2
OECD.SDD.TPS:DSD_PRICES@DF_PRICES_ALL(1.0),GBR,M,N,CPI,IX,CP045,N,_Z,2020-02,110.1,A,,2015,,2
OECD.SDD.TPS:DSD_PRICES@DF_PRICES_ALL(1.0),GBR,M,N,CPI,IX,CP045,N,_Z,2020-03,109.5,A,,2015,,2
OECD.SDD.TPS:DSD_PRICES@DF_PRICES_ALL(1.0),GBR,M,N,CPI,IX,CP045,N,_Z,2020-04,107.5,A,,2015,,2
OECD.SDD.TPS:DSD_PRICES@DF_PRICES_ALL(1.0),GBR,M,N,CPI,IX,CP045,N,_Z,2020-05,107.3,A,,2015,,2
OECD.SDD.TPS:DSD_PRICES@DF_PRICES_ALL(1.0),GBR,M,N,CPI,IX,CP045,N,_Z,2020-06,107.7,A,,2015,,2
OECD.SDD.TPS:DSD_PRICES@DF_PRICES_ALL(1.0),GBR,M,N,CPI,IX,CP045,N,_Z,2020-07,107.7,A,,2015,,2
OECD.SDD.TPS:DSD_PRICES@DF_PRICES_ALL(1.0),GBR,M,N,CPI,IX,CP045,N,_Z,2020-08,107.6,A,,2015,,2
OECD.SDD.TPS:DSD_PRICES@DF_PRICES_ALL(1.0),GBR,M,N,CPI,IX,CP045,N,_Z,2020-09,107.6,A,,2015,,2
OECD.SDD.TPS:DSD_PRICES@DF_PRICES_ALL(1.0),GBR,M,N,CPI,IX,CP045,N,_Z,2020-10,100.9,A,,2015,,2
OECD.SDD.TPS:DSD_PRICES@DF_PRICES_ALL(1.0),GBR,M,N,CPI,IX,CP045,N,_Z,2020-11,100.8,A,,2015,,2
OECD.SDD.TPS:DSD_PRICES@DF_PRICES_ALL(1.0),GBR,M,N,CPI,IX,CP045,N,_Z,2020-12,101.2,A,,2015,,2
OECD.SDD.TPS:DSD_PRICES@DF_PRICES_ALL(1.0),GBR,M,N,CPI,IX,CP045,N,_Z,2021-01,101.5,A,,2015,,2
OECD.SDD.TPS:DSD_PRICES@DF_PRICES_ALL(1.0),GBR,M,N,CPI,IX,CP045,N,_Z,2021-02,101.8,A,,2015,,2
OECD.SDD.TPS:DSD_PRICES@DF_PRICES_ALL(1.0),GBR,M,N,CPI,IX,CP045,N,_Z,2021-03,101.9,A,,2015,,2
OECD.SDD.TPS:DSD_PRICES@DF_PRICES_ALL(1.0),GBR,M,N,CPI,IX,CP045,N,_Z,2021-04,110.4,A,,2015,,2
OECD.SDD.TPS:DSD_PRICES@DF_PRICES_ALL(1.0),GBR,M,N,CPI,IX,CP045,N,_Z,2021-05,110.6,A,,2015,,2
OECD.SDD.TPS:DSD_PRICES@DF_PRICES_ALL(1.0),GBR,M,N,CPI,IX,CP045,N,_Z,2021-06,110.8,A,,2015,,2
OECD.SDD.TPS:DSD_PRICES@DF_PRICES_ALL(1.0),GBR,M,N,CPI,IX,CP045,N,_Z,2021-07,110.9,A,,2015,,2
OECD.SDD.TPS:DSD_PRICES@DF_PRICES_ALL(1.0),GBR,M,N,CPI,IX,CP045,N,_Z,2021-08,110.8,A,,2015,,2
OECD.SDD.TPS:DSD_PRICES@DF_PRICES_ALL(1.0),GBR,M,N,CPI,IX,CP045,N,_Z,2021-09,111.0,A,,2015,,2
OECD.SDD.TPS:DSD_PRICES@DF_PRICES_ALL(1.0),GBR,M,N,CPI,IX,CP045,N,_Z,2021-10,124.1,A,,2015,,2
OECD.SDD.TPS:DSD_PRICES@DF_PRICES_ALL(1.0),GBR,M,N,CPI,IX,CP045,N,_Z,2021-11,124.3,A,,2015,,2
OECD.SDD.TPS:DSD_PRICES@DF_PRICES_ALL(1.0),GBR,M,N,CPI,IX,CP045,N,_Z,2021-12,124.2,A,,2015,,2
OECD.SDD.TPS:DSD_PRICES@DF_PRICES_ALL(1.0),GBR,M,N,CPI,IX,CP045,N,_Z,2022-01,124.7,A,,2015,,2
OECD.SDD.TPS:DSD_PRICES@DF_PRICES_ALL(1.0),GBR,M,N,CPI,IX,CP045,N,_Z,2022-02,125.3,A,,2015,,2
OECD.SDD.TPS:DSD_PRICES@DF_PRICES_ALL(1.0),GBR,M,N,CPI,IX,CP045,N,_Z,2022-03,127.6,A,,2015,,2
OECD.SDD.TPS:DSD_PRICES@DF_PRICES_ALL(1.0),GBR,M,N,CPI,IX,CP045,N,_Z,2022-04,186.9,A,,2015,,2
OECD.SDD.TPS:DSD_PRICES@DF_PRICES_ALL(1.0),GBR,M,N,CPI,IX,CP045,N,_Z,2022-05,187.6,A,,2015,,2
OECD.SDD.TPS:DSD_PRICES@DF_PRICES_ALL(1.0),GBR,M,N,CPI,IX,CP045,N,_Z,2022-06,188.3,A,,2015,,2
OECD.SDD.TPS:DSD_PRICES@DF_PRICES_ALL(1.0),GBR,M,N,CPI,IX,CP045,N,_Z,2022-07,188.5,A,,2015,,2
OECD.SDD.TPS:DSD_PRICES@DF_PRICES_ALL(1.0),GBR,M,N,CPI,IX,CP045,N,_Z,2022-08,187.6,A,,2015,,2
OECD.SDD.TPS:DSD_PRICES@DF_PRICES_ALL(1.0),GBR,M,N,CPI,IX,CP045,N,_Z,2022-09,188.6,A,,2015,,2
OECD.SDD.TPS:DSD_PRICES@DF_PRICES_ALL(1.0),GBR,M,N,CPI,IX,CP045,N,_Z,2022-10,234.4,A,,2015,,2
OECD.SDD.TPS:DSD_PRICES@DF_PRICES_ALL(1.0),GBR,M,N,CPI,IX,CP045,N,_Z,2022-11,233.9,A,,2015,,2
OECD.SDD.TPS:DSD_PRICES@DF_PRICES_ALL(1.0),GBR,M,N,CPI,IX,CP045,N,_Z,2022-12,233.3,A,,2015,,2
OECD.SDD.TPS:DSD_PRICES@DF_PRICES_ALL(1.0),GBR,M,N,CPI,IX,CP045,N,_Z,2023-01,235.1,A,,2015,,2
OECD.SDD.TPS:DSD_PRICES@DF_PRICES_ALL(1.0),GBR,M,N,CPI,IX,CP045,N,_Z,2023-02,234.9,A,,2015,,2
OECD.SDD.TPS:DSD_PRICES@DF_PRICES_ALL(1.0),GBR,M,N,CPI,IX,CP045,N,_Z,2023-03,234.4,A,,2015,,2
OECD.SDD.TPS:DSD_PRICES@DF_PRICES_ALL(1.0),GBR,M,N,CPI,IX,CP045,N,_Z,2023-04,231.5,A,,2015,,2
OECD.SDD.TPS:DSD_PRICES@DF_PRICES_ALL(1.0),GBR,M,N,CPI,IX,CP045,N,_Z,2023-05,231.1,A,,2015,,2
OECD.SDD.TPS:DSD_PRICES@DF_PRICES_ALL(1.0),GBR,M,N,CPI,IX,CP045,N,_Z,2023-06,230.8,A,,2015,,2
OECD.SDD.TPS:DSD_PRICES@DF_PRICES_ALL(1.0),GBR,M,N,CPI,IX,CP045,N,_Z,2023-07,196.0,A,,2015,,2
OECD.SDD.TPS:DSD_PRICES@DF_PRICES_ALL(1.0),GBR,M,N,CPI,IX,CP045,N,_Z,2023-08,196.7,A,,2015,,2
OECD.SDD.TPS:DSD_PRICES@DF_PRICES_ALL(1.0),GBR,M,N,CPI,IX,CP045,N,_Z,2023-09,197.1,A,,2015,,2
OECD.SDD.TPS:DSD_PRICES@DF_PRICES_ALL(1.0),GBR,M,N,CPI,IX,CP045,N,_Z,2023-10,183.5,A,,2015,,2
OECD.SDD.TPS:DSD_PRICES@DF_PRICES_ALL(1.0),GBR,M,N,CPI,IX,CP045,N,_Z,2023-11,183.2,A,,2015,,2
OECD.SDD.TPS:DSD_PRICES@DF_PRICES_ALL(1.0),GBR,M,N,CPI,IX,CP045,N,_Z,2023-12,183.0,A,,2015,,2
OECD.SDD.TPS:DSD_PRICES@DF_PRICES_ALL(1.0),GBR,M,N,CPI,IX,CP045,N,_Z,2024-01,191.9,A,,2015,,2
OECD.SDD.TPS:DSD_PRICES@DF_PRICES_ALL(1.0),GBR,M,N,CPI,IX,CP045,N,_Z,2024-02,192.1,A,,2015,,2
OECD.SDD.TPS:DSD_PRICES@DF_PRICES_ALL(1.0),GBR,M,N,CPI,IX,CP045,N,_Z,2024-03,191.8,A,,2015,,2
OECD.SDD.TPS:DSD_PRICES@DF_PRICES_ALL(1.0),GBR,M,N,CPI,IX,CP045,N,_Z,2024-04,168.8,A,,2015,,2
OECD.SDD.TPS:DSD_PRICES@DF_PRICES_ALL(1.0),GBR,M,N,CPI,IX,CP045,N,_Z,2024-05,168.5,A,,2015,,2
OECD.SDD.TPS:DSD_PRICES@DF_PRICES_ALL(1.0),GBR,M,N,CPI,IX,CP045,N,_Z,2024-06,168.2,A,,2015,,2
OECD.SDD.TPS:DSD_PRICES@DF_PRICES_ALL(1.0),GBR,M,N,CPI,IX,CP045,N,_Z,2024-07,156.8,A,,2015,,2
OECD.SDD.TPS:DSD_PRICES@DF_PRICES_ALL(1.0),GBR,M,N,CPI,IX,CP045,N,_Z,2024-08,156.5,A,,2015,,2
OECD.SDD.TPS:DSD_PRICES@DF_PRICES_ALL(1.0),GBR,M,N,CPI,IX,CP045,N,_Z,2024-09,156.3,A,,2015,,2
OECD.SDD.TPS:DSD_PRICES@DF_PRICES_ALL(1.0),GBR,M,N,CPI,IX,CP045,N,_Z,2024-10,170.4,A,,2015,,2
OECD.SDD.TPS:DSD_PRICES@DF_PRICES_ALL(1.0),GBR,M,N,CPI,IX,CP045,N,_Z,2024-11,170.3,A,,2015,,2
OECD.SDD.TPS:DSD_PRICES@DF_PRICES_ALL(1.0),GBR,M,N,CPI,IX,CP045,N,_Z,2024-12,170.4,A,,2015,,2
OECD.SDD.TPS:DSD_PRICES@DF_PRICES_ALL(1.0),GBR,M,N,CPI,IX,CP045,N,_Z,2025-01,172.9,A,,2015,,2
OECD.SDD.TPS:DSD_PRICES@DF_PRICES_ALL(1.0),GBR,M,N,CPI,IX,CP045,N,_Z,2025-02,172.8,A,,2015,,2
OECD.SDD.TPS:DSD_PRICES@DF_PRICES_ALL(1.0),GBR,M,N,CPI,IX,CP045,N,_Z,2025-03,172.5,A,,2015,,2
OECD.SDD.TPS:DSD_PRICES@DF_PRICES_ALL(1.0),GBR,M,N,CPI,IX,CP045,N,_Z,2025-04,180.0,A,,2015,,2
OECD.SDD.TPS:DSD_PRICES@DF_PRICES_ALL(1.0),GBR,M,N,CPI,IX,CP045,N,_Z,2025-05,179.8,A,,2015,,2
OECD.SDD.TPS:DSD_PRICES@DF_PRICES_ALL(1.0),GBR,M,N,CPI,IX,CP045,N,_Z,2025-06,179.7,A,,2015,,2
OECD.SDD.TPS:DSD_PRICES@DF_PRICES_ALL(1.0),GBR,M,N,CPI,IX,CP045,N,_Z,2025-07,171.2,A,,2015,,2
OECD.SDD.TPS:DSD_PRICES@DF_PRICES_ALL(1.0),GBR,M,N,CPI,IX,CP045,N,_Z,2025-08,171.1,A,,2015,,2
OECD.SDD.TPS:DSD_PRICES@DF_PRICES_ALL(1.0),GBR,M,N,CPI,IX,CP045,N,_Z,2025-09,170.9,A,,2015,,2
OECD.SDD.TPS:DSD_PRICES@DF_PRICES_ALL(1.0),GBR,M,N,CPI,IX,CP045,N,_Z,2025-10,174.2,A,,2015,,2
OECD.SDD.TPS:DSD_PRICES@DF_PRICES_ALL(1.0),GBR,M,N,CPI,IX,CP045,N,_Z,2025-11,174.6,A,,2015,,2
OECD.SDD.TPS:DSD_PRICES@DF_PRICES_ALL(1.0),GBR,M,N,CPI,IX,CP045,N,_Z,2025-12,174.6,A,,2015,,2
OECD.SDD.TPS:DSD_PRICES@DF_PRICES_ALL(1.0),GBR,M,N,CPI,IX,CP045,N,_Z,2026-01,176.5,A,,2015,,2
OECD.SDD.TPS:DSD_PRICES@DF_PRICES_ALL(1.0),GBR,M,N,CPI,IX,CP045,N,_Z,2026-02,176.4,A,,2015,,2
OECD.SDD.TPS:DSD_PRICES@DF_PRICES_ALL(1.0),GBR,M,N,CPI,IX,CP045,N,_Z,2026-03,181.0,A,,2015,,2
OECD.SDD.TPS:DSD_PRICES@DF_PRICES_ALL(1.0),GBR,M,N,CPI,IX,CP045,N,_Z,2026-04,169.7,A,,2015,,2
OECD.SDD.TPS:DSD_PRICES@DF_PRICES_ALL(1.0),GBR,M,N,CPI,IX,CP045,N,_Z,2026-05,168.7,A,,2015,,2
OECD.SDD.TPS:DSD_PRICES@DF_PRICES_ALL(1.0),GBR,M,N,CPI,IX,_T,N,_Z,2014-01,98.7,A,,2015,,2
OECD.SDD.TPS:DSD_PRICES@DF_PRICES_ALL(1.0),GBR,M,N,CPI,IX,_T,N,_Z,2014-02,99.1,A,,2015,,2
OECD.SDD.TPS:DSD_PRICES@DF_PRICES_ALL(1.0),GBR,M,N,CPI,IX,_T,N,_Z,2014-03,99.3,A,,2015,,2
OECD.SDD.TPS:DSD_PRICES@DF_PRICES_ALL(1.0),GBR,M,N,CPI,IX,_T,N,_Z,2014-04,99.6,A,,2015,,2
OECD.SDD.TPS:DSD_PRICES@DF_PRICES_ALL(1.0),GBR,M,N,CPI,IX,_T,N,_Z,2014-05,99.6,A,,2015,,2
OECD.SDD.TPS:DSD_PRICES@DF_PRICES_ALL(1.0),GBR,M,N,CPI,IX,_T,N,_Z,2014-06,99.8,A,,2015,,2
OECD.SDD.TPS:DSD_PRICES@DF_PRICES_ALL(1.0),GBR,M,N,CPI,IX,_T,N,_Z,2014-07,99.6,A,,2015,,2
OECD.SDD.TPS:DSD_PRICES@DF_PRICES_ALL(1.0),GBR,M,N,CPI,IX,_T,N,_Z,2014-08,99.9,A,,2015,,2
OECD.SDD.TPS:DSD_PRICES@DF_PRICES_ALL(1.0),GBR,M,N,CPI,IX,_T,N,_Z,2014-09,100.0,A,,2015,,2
OECD.SDD.TPS:DSD_PRICES@DF_PRICES_ALL(1.0),GBR,M,N,CPI,IX,_T,N,_Z,2014-10,100.1,A,,2015,,2
OECD.SDD.TPS:DSD_PRICES@DF_PRICES_ALL(1.0),GBR,M,N,CPI,IX,_T,N,_Z,2014-11,99.9,A,,2015,,2
OECD.SDD.TPS:DSD_PRICES@DF_PRICES_ALL(1.0),GBR,M,N,CPI,IX,_T,N,_Z,2014-12,99.9,A,,2015,,2
OECD.SDD.TPS:DSD_PRICES@DF_PRICES_ALL(1.0),GBR,M,N,CPI,IX,_T,N,_Z,2015-01,99.2,A,,2015,,2
OECD.SDD.TPS:DSD_PRICES@DF_PRICES_ALL(1.0),GBR,M,N,CPI,IX,_T,N,_Z,2015-02,99.5,A,,2015,,2
OECD.SDD.TPS:DSD_PRICES@DF_PRICES_ALL(1.0),GBR,M,N,CPI,IX,_T,N,_Z,2015-03,99.6,A,,2015,,2
OECD.SDD.TPS:DSD_PRICES@DF_PRICES_ALL(1.0),GBR,M,N,CPI,IX,_T,N,_Z,2015-04,99.9,A,,2015,,2
OECD.SDD.TPS:DSD_PRICES@DF_PRICES_ALL(1.0),GBR,M,N,CPI,IX,_T,N,_Z,2015-05,100.1,A,,2015,,2
OECD.SDD.TPS:DSD_PRICES@DF_PRICES_ALL(1.0),GBR,M,N,CPI,IX,_T,N,_Z,2015-06,100.1,A,,2015,,2
OECD.SDD.TPS:DSD_PRICES@DF_PRICES_ALL(1.0),GBR,M,N,CPI,IX,_T,N,_Z,2015-07,100.0,A,,2015,,2
OECD.SDD.TPS:DSD_PRICES@DF_PRICES_ALL(1.0),GBR,M,N,CPI,IX,_T,N,_Z,2015-08,100.3,A,,2015,,2
OECD.SDD.TPS:DSD_PRICES@DF_PRICES_ALL(1.0),GBR,M,N,CPI,IX,_T,N,_Z,2015-09,100.2,A,,2015,,2
OECD.SDD.TPS:DSD_PRICES@DF_PRICES_ALL(1.0),GBR,M,N,CPI,IX,_T,N,_Z,2015-10,100.3,A,,2015,,2
OECD.SDD.TPS:DSD_PRICES@DF_PRICES_ALL(1.0),GBR,M,N,CPI,IX,_T,N,_Z,2015-11,100.3,A,,2015,,2
OECD.SDD.TPS:DSD_PRICES@DF_PRICES_ALL(1.0),GBR,M,N,CPI,IX,_T,N,_Z,2015-12,100.4,A,,2015,,2
OECD.SDD.TPS:DSD_PRICES@DF_PRICES_ALL(1.0),GBR,M,N,CPI,IX,_T,N,_Z,2016-01,99.9,A,,2015,,2
OECD.SDD.TPS:DSD_PRICES@DF_PRICES_ALL(1.0),GBR,M,N,CPI,IX,_T,N,_Z,2016-02,100.1,A,,2015,,2
OECD.SDD.TPS:DSD_PRICES@DF_PRICES_ALL(1.0),GBR,M,N,CPI,IX,_T,N,_Z,2016-03,100.4,A,,2015,,2
OECD.SDD.TPS:DSD_PRICES@DF_PRICES_ALL(1.0),GBR,M,N,CPI,IX,_T,N,_Z,2016-04,100.6,A,,2015,,2
OECD.SDD.TPS:DSD_PRICES@DF_PRICES_ALL(1.0),GBR,M,N,CPI,IX,_T,N,_Z,2016-05,100.8,A,,2015,,2
OECD.SDD.TPS:DSD_PRICES@DF_PRICES_ALL(1.0),GBR,M,N,CPI,IX,_T,N,_Z,2016-06,101.0,A,,2015,,2
OECD.SDD.TPS:DSD_PRICES@DF_PRICES_ALL(1.0),GBR,M,N,CPI,IX,_T,N,_Z,2016-07,100.9,A,,2015,,2
OECD.SDD.TPS:DSD_PRICES@DF_PRICES_ALL(1.0),GBR,M,N,CPI,IX,_T,N,_Z,2016-08,101.2,A,,2015,,2
OECD.SDD.TPS:DSD_PRICES@DF_PRICES_ALL(1.0),GBR,M,N,CPI,IX,_T,N,_Z,2016-09,101.5,A,,2015,,2
OECD.SDD.TPS:DSD_PRICES@DF_PRICES_ALL(1.0),GBR,M,N,CPI,IX,_T,N,_Z,2016-10,101.6,A,,2015,,2
OECD.SDD.TPS:DSD_PRICES@DF_PRICES_ALL(1.0),GBR,M,N,CPI,IX,_T,N,_Z,2016-11,101.8,A,,2015,,2
OECD.SDD.TPS:DSD_PRICES@DF_PRICES_ALL(1.0),GBR,M,N,CPI,IX,_T,N,_Z,2016-12,102.2,A,,2015,,2
OECD.SDD.TPS:DSD_PRICES@DF_PRICES_ALL(1.0),GBR,M,N,CPI,IX,_T,N,_Z,2017-01,101.8,A,,2015,,2
OECD.SDD.TPS:DSD_PRICES@DF_PRICES_ALL(1.0),GBR,M,N,CPI,IX,_T,N,_Z,2017-02,102.4,A,,2015,,2
OECD.SDD.TPS:DSD_PRICES@DF_PRICES_ALL(1.0),GBR,M,N,CPI,IX,_T,N,_Z,2017-03,102.7,A,,2015,,2
OECD.SDD.TPS:DSD_PRICES@DF_PRICES_ALL(1.0),GBR,M,N,CPI,IX,_T,N,_Z,2017-04,103.2,A,,2015,,2
OECD.SDD.TPS:DSD_PRICES@DF_PRICES_ALL(1.0),GBR,M,N,CPI,IX,_T,N,_Z,2017-05,103.5,A,,2015,,2
OECD.SDD.TPS:DSD_PRICES@DF_PRICES_ALL(1.0),GBR,M,N,CPI,IX,_T,N,_Z,2017-06,103.5,A,,2015,,2
OECD.SDD.TPS:DSD_PRICES@DF_PRICES_ALL(1.0),GBR,M,N,CPI,IX,_T,N,_Z,2017-07,103.5,A,,2015,,2
OECD.SDD.TPS:DSD_PRICES@DF_PRICES_ALL(1.0),GBR,M,N,CPI,IX,_T,N,_Z,2017-08,104.0,A,,2015,,2
OECD.SDD.TPS:DSD_PRICES@DF_PRICES_ALL(1.0),GBR,M,N,CPI,IX,_T,N,_Z,2017-09,104.3,A,,2015,,2
OECD.SDD.TPS:DSD_PRICES@DF_PRICES_ALL(1.0),GBR,M,N,CPI,IX,_T,N,_Z,2017-10,104.4,A,,2015,,2
OECD.SDD.TPS:DSD_PRICES@DF_PRICES_ALL(1.0),GBR,M,N,CPI,IX,_T,N,_Z,2017-11,104.7,A,,2015,,2
OECD.SDD.TPS:DSD_PRICES@DF_PRICES_ALL(1.0),GBR,M,N,CPI,IX,_T,N,_Z,2017-12,105.0,A,,2015,,2
OECD.SDD.TPS:DSD_PRICES@DF_PRICES_ALL(1.0),GBR,M,N,CPI,IX,_T,N,_Z,2018-01,104.5,A,,2015,,2
OECD.SDD.TPS:DSD_PRICES@DF_PRICES_ALL(1.0),GBR,M,N,CPI,IX,_T,N,_Z,2018-02,104.9,A,,2015,,2
OECD.SDD.TPS:DSD_PRICES@DF_PRICES_ALL(1.0),GBR,M,N,CPI,IX,_T,N,_Z,2018-03,105.1,A,,2015,,2
OECD.SDD.TPS:DSD_PRICES@DF_PRICES_ALL(1.0),GBR,M,N,CPI,IX,_T,N,_Z,2018-04,105.5,A,,2015,,2
OECD.SDD.TPS:DSD_PRICES@DF_PRICES_ALL(1.0),GBR,M,N,CPI,IX,_T,N,_Z,2018-05,105.9,A,,2015,,2
OECD.SDD.TPS:DSD_PRICES@DF_PRICES_ALL(1.0),GBR,M,N,CPI,IX,_T,N,_Z,2018-06,105.9,A,,2015,,2
OECD.SDD.TPS:DSD_PRICES@DF_PRICES_ALL(1.0),GBR,M,N,CPI,IX,_T,N,_Z,2018-07,105.9,A,,2015,,2
OECD.SDD.TPS:DSD_PRICES@DF_PRICES_ALL(1.0),GBR,M,N,CPI,IX,_T,N,_Z,2018-08,106.5,A,,2015,,2
OECD.SDD.TPS:DSD_PRICES@DF_PRICES_ALL(1.0),GBR,M,N,CPI,IX,_T,N,_Z,2018-09,106.6,A,,2015,,2
OECD.SDD.TPS:DSD_PRICES@DF_PRICES_ALL(1.0),GBR,M,N,CPI,IX,_T,N,_Z,2018-10,106.7,A,,2015,,2
OECD.SDD.TPS:DSD_PRICES@DF_PRICES_ALL(1.0),GBR,M,N,CPI,IX,_T,N,_Z,2018-11,106.9,A,,2015,,2
OECD.SDD.TPS:DSD_PRICES@DF_PRICES_ALL(1.0),GBR,M,N,CPI,IX,_T,N,_Z,2018-12,107.1,A,,2015,,2
OECD.SDD.TPS:DSD_PRICES@DF_PRICES_ALL(1.0),GBR,M,N,CPI,IX,_T,N,_Z,2019-01,106.4,A,,2015,,2
OECD.SDD.TPS:DSD_PRICES@DF_PRICES_ALL(1.0),GBR,M,N,CPI,IX,_T,N,_Z,2019-02,106.8,A,,2015,,2
OECD.SDD.TPS:DSD_PRICES@DF_PRICES_ALL(1.0),GBR,M,N,CPI,IX,_T,N,_Z,2019-03,107.0,A,,2015,,2
OECD.SDD.TPS:DSD_PRICES@DF_PRICES_ALL(1.0),GBR,M,N,CPI,IX,_T,N,_Z,2019-04,107.6,A,,2015,,2
OECD.SDD.TPS:DSD_PRICES@DF_PRICES_ALL(1.0),GBR,M,N,CPI,IX,_T,N,_Z,2019-05,107.9,A,,2015,,2
OECD.SDD.TPS:DSD_PRICES@DF_PRICES_ALL(1.0),GBR,M,N,CPI,IX,_T,N,_Z,2019-06,107.9,A,,2015,,2
OECD.SDD.TPS:DSD_PRICES@DF_PRICES_ALL(1.0),GBR,M,N,CPI,IX,_T,N,_Z,2019-07,108.0,A,,2015,,2
OECD.SDD.TPS:DSD_PRICES@DF_PRICES_ALL(1.0),GBR,M,N,CPI,IX,_T,N,_Z,2019-08,108.3,A,,2015,,2
OECD.SDD.TPS:DSD_PRICES@DF_PRICES_ALL(1.0),GBR,M,N,CPI,IX,_T,N,_Z,2019-09,108.4,A,,2015,,2
OECD.SDD.TPS:DSD_PRICES@DF_PRICES_ALL(1.0),GBR,M,N,CPI,IX,_T,N,_Z,2019-10,108.3,A,,2015,,2
OECD.SDD.TPS:DSD_PRICES@DF_PRICES_ALL(1.0),GBR,M,N,CPI,IX,_T,N,_Z,2019-11,108.5,A,,2015,,2
OECD.SDD.TPS:DSD_PRICES@DF_PRICES_ALL(1.0),GBR,M,N,CPI,IX,_T,N,_Z,2019-12,108.5,A,,2015,,2
OECD.SDD.TPS:DSD_PRICES@DF_PRICES_ALL(1.0),GBR,M,N,CPI,IX,_T,N,_Z,2020-01,108.3,A,,2015,,2
OECD.SDD.TPS:DSD_PRICES@DF_PRICES_ALL(1.0),GBR,M,N,CPI,IX,_T,N,_Z,2020-02,108.6,A,,2015,,2
OECD.SDD.TPS:DSD_PRICES@DF_PRICES_ALL(1.0),GBR,M,N,CPI,IX,_T,N,_Z,2020-03,108.6,A,,2015,,2
OECD.SDD.TPS:DSD_PRICES@DF_PRICES_ALL(1.0),GBR,M,N,CPI,IX,_T,N,_Z,2020-04,108.6,A,,2015,,2
OECD.SDD.TPS:DSD_PRICES@DF_PRICES_ALL(1.0),GBR,M,N,CPI,IX,_T,N,_Z,2020-05,108.6,A,,2015,,2
OECD.SDD.TPS:DSD_PRICES@DF_PRICES_ALL(1.0),GBR,M,N,CPI,IX,_T,N,_Z,2020-06,108.8,A,,2015,,2
OECD.SDD.TPS:DSD_PRICES@DF_PRICES_ALL(1.0),GBR,M,N,CPI,IX,_T,N,_Z,2020-07,109.2,A,,2015,,2
OECD.SDD.TPS:DSD_PRICES@DF_PRICES_ALL(1.0),GBR,M,N,CPI,IX,_T,N,_Z,2020-08,108.8,A,,2015,,2
OECD.SDD.TPS:DSD_PRICES@DF_PRICES_ALL(1.0),GBR,M,N,CPI,IX,_T,N,_Z,2020-09,109.2,A,,2015,,2
OECD.SDD.TPS:DSD_PRICES@DF_PRICES_ALL(1.0),GBR,M,N,CPI,IX,_T,N,_Z,2020-10,109.2,A,,2015,,2
OECD.SDD.TPS:DSD_PRICES@DF_PRICES_ALL(1.0),GBR,M,N,CPI,IX,_T,N,_Z,2020-11,109.1,A,,2015,,2
OECD.SDD.TPS:DSD_PRICES@DF_PRICES_ALL(1.0),GBR,M,N,CPI,IX,_T,N,_Z,2020-12,109.4,A,,2015,,2
OECD.SDD.TPS:DSD_PRICES@DF_PRICES_ALL(1.0),GBR,M,N,CPI,IX,_T,N,_Z,2021-01,109.3,A,,2015,,2
OECD.SDD.TPS:DSD_PRICES@DF_PRICES_ALL(1.0),GBR,M,N,CPI,IX,_T,N,_Z,2021-02,109.4,A,,2015,,2
OECD.SDD.TPS:DSD_PRICES@DF_PRICES_ALL(1.0),GBR,M,N,CPI,IX,_T,N,_Z,2021-03,109.7,A,,2015,,2
OECD.SDD.TPS:DSD_PRICES@DF_PRICES_ALL(1.0),GBR,M,N,CPI,IX,_T,N,_Z,2021-04,110.4,A,,2015,,2
OECD.SDD.TPS:DSD_PRICES@DF_PRICES_ALL(1.0),GBR,M,N,CPI,IX,_T,N,_Z,2021-05,111.0,A,,2015,,2
OECD.SDD.TPS:DSD_PRICES@DF_PRICES_ALL(1.0),GBR,M,N,CPI,IX,_T,N,_Z,2021-06,111.4,A,,2015,,2
OECD.SDD.TPS:DSD_PRICES@DF_PRICES_ALL(1.0),GBR,M,N,CPI,IX,_T,N,_Z,2021-07,111.4,A,,2015,,2
OECD.SDD.TPS:DSD_PRICES@DF_PRICES_ALL(1.0),GBR,M,N,CPI,IX,_T,N,_Z,2021-08,112.1,A,,2015,,2
OECD.SDD.TPS:DSD_PRICES@DF_PRICES_ALL(1.0),GBR,M,N,CPI,IX,_T,N,_Z,2021-09,112.4,A,,2015,,2
OECD.SDD.TPS:DSD_PRICES@DF_PRICES_ALL(1.0),GBR,M,N,CPI,IX,_T,N,_Z,2021-10,113.4,A,,2015,,2
OECD.SDD.TPS:DSD_PRICES@DF_PRICES_ALL(1.0),GBR,M,N,CPI,IX,_T,N,_Z,2021-11,114.1,A,,2015,,2
OECD.SDD.TPS:DSD_PRICES@DF_PRICES_ALL(1.0),GBR,M,N,CPI,IX,_T,N,_Z,2021-12,114.7,A,,2015,,2
OECD.SDD.TPS:DSD_PRICES@DF_PRICES_ALL(1.0),GBR,M,N,CPI,IX,_T,N,_Z,2022-01,114.6,A,,2015,,2
OECD.SDD.TPS:DSD_PRICES@DF_PRICES_ALL(1.0),GBR,M,N,CPI,IX,_T,N,_Z,2022-02,115.4,A,,2015,,2
OECD.SDD.TPS:DSD_PRICES@DF_PRICES_ALL(1.0),GBR,M,N,CPI,IX,_T,N,_Z,2022-03,116.5,A,,2015,,2
OECD.SDD.TPS:DSD_PRICES@DF_PRICES_ALL(1.0),GBR,M,N,CPI,IX,_T,N,_Z,2022-04,119.0,A,,2015,,2
OECD.SDD.TPS:DSD_PRICES@DF_PRICES_ALL(1.0),GBR,M,N,CPI,IX,_T,N,_Z,2022-05,119.7,A,,2015,,2
OECD.SDD.TPS:DSD_PRICES@DF_PRICES_ALL(1.0),GBR,M,N,CPI,IX,_T,N,_Z,2022-06,120.5,A,,2015,,2
OECD.SDD.TPS:DSD_PRICES@DF_PRICES_ALL(1.0),GBR,M,N,CPI,IX,_T,N,_Z,2022-07,121.2,A,,2015,,2
OECD.SDD.TPS:DSD_PRICES@DF_PRICES_ALL(1.0),GBR,M,N,CPI,IX,_T,N,_Z,2022-08,121.8,A,,2015,,2
OECD.SDD.TPS:DSD_PRICES@DF_PRICES_ALL(1.0),GBR,M,N,CPI,IX,_T,N,_Z,2022-09,122.3,A,,2015,,2
OECD.SDD.TPS:DSD_PRICES@DF_PRICES_ALL(1.0),GBR,M,N,CPI,IX,_T,N,_Z,2022-10,124.3,A,,2015,,2
OECD.SDD.TPS:DSD_PRICES@DF_PRICES_ALL(1.0),GBR,M,N,CPI,IX,_T,N,_Z,2022-11,124.8,A,,2015,,2
OECD.SDD.TPS:DSD_PRICES@DF_PRICES_ALL(1.0),GBR,M,N,CPI,IX,_T,N,_Z,2022-12,125.3,A,,2015,,2
OECD.SDD.TPS:DSD_PRICES@DF_PRICES_ALL(1.0),GBR,M,N,CPI,IX,_T,N,_Z,2023-01,124.8,A,,2015,,2
OECD.SDD.TPS:DSD_PRICES@DF_PRICES_ALL(1.0),GBR,M,N,CPI,IX,_T,N,_Z,2023-02,126.0,A,,2015,,2
OECD.SDD.TPS:DSD_PRICES@DF_PRICES_ALL(1.0),GBR,M,N,CPI,IX,_T,N,_Z,2023-03,126.8,A,,2015,,2
OECD.SDD.TPS:DSD_PRICES@DF_PRICES_ALL(1.0),GBR,M,N,CPI,IX,_T,N,_Z,2023-04,128.3,A,,2015,,2
OECD.SDD.TPS:DSD_PRICES@DF_PRICES_ALL(1.0),GBR,M,N,CPI,IX,_T,N,_Z,2023-05,129.1,A,,2015,,2
OECD.SDD.TPS:DSD_PRICES@DF_PRICES_ALL(1.0),GBR,M,N,CPI,IX,_T,N,_Z,2023-06,129.4,A,,2015,,2
OECD.SDD.TPS:DSD_PRICES@DF_PRICES_ALL(1.0),GBR,M,N,CPI,IX,_T,N,_Z,2023-07,129.0,A,,2015,,2
OECD.SDD.TPS:DSD_PRICES@DF_PRICES_ALL(1.0),GBR,M,N,CPI,IX,_T,N,_Z,2023-08,129.4,A,,2015,,2
OECD.SDD.TPS:DSD_PRICES@DF_PRICES_ALL(1.0),GBR,M,N,CPI,IX,_T,N,_Z,2023-09,130.1,A,,2015,,2
OECD.SDD.TPS:DSD_PRICES@DF_PRICES_ALL(1.0),GBR,M,N,CPI,IX,_T,N,_Z,2023-10,130.2,A,,2015,,2
OECD.SDD.TPS:DSD_PRICES@DF_PRICES_ALL(1.0),GBR,M,N,CPI,IX,_T,N,_Z,2023-11,130.0,A,,2015,,2
OECD.SDD.TPS:DSD_PRICES@DF_PRICES_ALL(1.0),GBR,M,N,CPI,IX,_T,N,_Z,2023-12,130.5,A,,2015,,2
OECD.SDD.TPS:DSD_PRICES@DF_PRICES_ALL(1.0),GBR,M,N,CPI,IX,_T,N,_Z,2024-01,130.0,A,,2015,,2
OECD.SDD.TPS:DSD_PRICES@DF_PRICES_ALL(1.0),GBR,M,N,CPI,IX,_T,N,_Z,2024-02,130.8,A,,2015,,2
OECD.SDD.TPS:DSD_PRICES@DF_PRICES_ALL(1.0),GBR,M,N,CPI,IX,_T,N,_Z,2024-03,131.6,A,,2015,,2
OECD.SDD.TPS:DSD_PRICES@DF_PRICES_ALL(1.0),GBR,M,N,CPI,IX,_T,N,_Z,2024-04,132.2,A,,2015,,2
OECD.SDD.TPS:DSD_PRICES@DF_PRICES_ALL(1.0),GBR,M,N,CPI,IX,_T,N,_Z,2024-05,132.7,A,,2015,,2
OECD.SDD.TPS:DSD_PRICES@DF_PRICES_ALL(1.0),GBR,M,N,CPI,IX,_T,N,_Z,2024-06,133.0,A,,2015,,2
OECD.SDD.TPS:DSD_PRICES@DF_PRICES_ALL(1.0),GBR,M,N,CPI,IX,_T,N,_Z,2024-07,132.9,A,,2015,,2
OECD.SDD.TPS:DSD_PRICES@DF_PRICES_ALL(1.0),GBR,M,N,CPI,IX,_T,N,_Z,2024-08,133.4,A,,2015,,2
OECD.SDD.TPS:DSD_PRICES@DF_PRICES_ALL(1.0),GBR,M,N,CPI,IX,_T,N,_Z,2024-09,133.5,A,,2015,,2
OECD.SDD.TPS:DSD_PRICES@DF_PRICES_ALL(1.0),GBR,M,N,CPI,IX,_T,N,_Z,2024-10,134.3,A,,2015,,2
OECD.SDD.TPS:DSD_PRICES@DF_PRICES_ALL(1.0),GBR,M,N,CPI,IX,_T,N,_Z,2024-11,134.6,A,,2015,,2
OECD.SDD.TPS:DSD_PRICES@DF_PRICES_ALL(1.0),GBR,M,N,CPI,IX,_T,N,_Z,2024-12,135.1,A,,2015,,2
OECD.SDD.TPS:DSD_PRICES@DF_PRICES_ALL(1.0),GBR,M,N,CPI,IX,_T,N,_Z,2025-01,135.1,A,,2015,,2
OECD.SDD.TPS:DSD_PRICES@DF_PRICES_ALL(1.0),GBR,M,N,CPI,IX,_T,N,_Z,2025-02,135.6,A,,2015,,2
OECD.SDD.TPS:DSD_PRICES@DF_PRICES_ALL(1.0),GBR,M,N,CPI,IX,_T,N,_Z,2025-03,136.1,A,,2015,,2
OECD.SDD.TPS:DSD_PRICES@DF_PRICES_ALL(1.0),GBR,M,N,CPI,IX,_T,N,_Z,2025-04,137.7,A,,2015,,2
OECD.SDD.TPS:DSD_PRICES@DF_PRICES_ALL(1.0),GBR,M,N,CPI,IX,_T,N,_Z,2025-05,138.0,A,,2015,,2
OECD.SDD.TPS:DSD_PRICES@DF_PRICES_ALL(1.0),GBR,M,N,CPI,IX,_T,N,_Z,2025-06,138.4,A,,2015,,2
OECD.SDD.TPS:DSD_PRICES@DF_PRICES_ALL(1.0),GBR,M,N,CPI,IX,_T,N,_Z,2025-07,138.5,A,,2015,,2
OECD.SDD.TPS:DSD_PRICES@DF_PRICES_ALL(1.0),GBR,M,N,CPI,IX,_T,N,_Z,2025-08,138.9,A,,2015,,2
OECD.SDD.TPS:DSD_PRICES@DF_PRICES_ALL(1.0),GBR,M,N,CPI,IX,_T,N,_Z,2025-09,138.9,A,,2015,,2
OECD.SDD.TPS:DSD_PRICES@DF_PRICES_ALL(1.0),GBR,M,N,CPI,IX,_T,N,_Z,2025-10,139.5,A,,2015,,2
OECD.SDD.TPS:DSD_PRICES@DF_PRICES_ALL(1.0),GBR,M,N,CPI,IX,_T,N,_Z,2025-11,139.4,A,,2015,,2
OECD.SDD.TPS:DSD_PRICES@DF_PRICES_ALL(1.0),GBR,M,N,CPI,IX,_T,N,_Z,2025-12,139.9,A,,2015,,2
OECD.SDD.TPS:DSD_PRICES@DF_PRICES_ALL(1.0),GBR,M,N,CPI,IX,_T,N,_Z,2026-01,139.4,A,,2015,,2
OECD.SDD.TPS:DSD_PRICES@DF_PRICES_ALL(1.0),GBR,M,N,CPI,IX,_T,N,_Z,2026-02,140.0,A,,2015,,2
OECD.SDD.TPS:DSD_PRICES@DF_PRICES_ALL(1.0),GBR,M,N,CPI,IX,_T,N,_Z,2026-03,140.8,A,,2015,,2
OECD.SDD.TPS:DSD_PRICES@DF_PRICES_ALL(1.0),GBR,M,N,CPI,IX,_T,N,_Z,2026-04,141.8,A,,2015,,2
OECD.SDD.TPS:DSD_PRICES@DF_PRICES_ALL(1.0),GBR,M,N,CPI,IX,_T,N,_Z,2026-05,142.1,A,,2015,,2
OECD.SDD.TPS:DSD_PRICES@DF_PRICES_ALL(1.0),USA,M,N,CPI,IX,CP11,N,_Z,2014-01,95.0734,A,,2015,,2
OECD.SDD.TPS:DSD_PRICES@DF_PRICES_ALL(1.0),USA,M,N,CPI,IX,CP11,N,_Z,2014-02,95.69565,A,,2015,,2
OECD.SDD.TPS:DSD_PRICES@DF_PRICES_ALL(1.0),USA,M,N,CPI,IX,CP11,N,_Z,2014-03,96.50703,A,,2015,,2
OECD.SDD.TPS:DSD_PRICES@DF_PRICES_ALL(1.0),USA,M,N,CPI,IX,CP11,N,_Z,2014-04,96.77087,A,,2015,,2
OECD.SDD.TPS:DSD_PRICES@DF_PRICES_ALL(1.0),USA,M,N,CPI,IX,CP11,N,_Z,2014-05,97.48296,A,,2015,,2
OECD.SDD.TPS:DSD_PRICES@DF_PRICES_ALL(1.0),USA,M,N,CPI,IX,CP11,N,_Z,2014-06,97.74396,A,,2015,,2
OECD.SDD.TPS:DSD_PRICES@DF_PRICES_ALL(1.0),USA,M,N,CPI,IX,CP11,N,_Z,2014-07,98.18369,A,,2015,,2
OECD.SDD.TPS:DSD_PRICES@DF_PRICES_ALL(1.0),USA,M,N,CPI,IX,CP11,N,_Z,2014-08,98.12317,A,,2015,,2
OECD.SDD.TPS:DSD_PRICES@DF_PRICES_ALL(1.0),USA,M,N,CPI,IX,CP11,N,_Z,2014-09,98.03806,A,,2015,,2
OECD.SDD.TPS:DSD_PRICES@DF_PRICES_ALL(1.0),USA,M,N,CPI,IX,CP11,N,_Z,2014-10,98.02293,A,,2015,,2
OECD.SDD.TPS:DSD_PRICES@DF_PRICES_ALL(1.0),USA,M,N,CPI,IX,CP11,N,_Z,2014-11,97.72883,A,,2015,,2
OECD.SDD.TPS:DSD_PRICES@DF_PRICES_ALL(1.0),USA,M,N,CPI,IX,CP11,N,_Z,2014-12,97.69384,A,,2015,,2
OECD.SDD.TPS:DSD_PRICES@DF_PRICES_ALL(1.0),USA,M,N,CPI,IX,CP11,N,_Z,2015-01,98.33311,A,,2015,,2
OECD.SDD.TPS:DSD_PRICES@DF_PRICES_ALL(1.0),USA,M,N,CPI,IX,CP11,N,_Z,2015-02,98.87781,A,,2015,,2
OECD.SDD.TPS:DSD_PRICES@DF_PRICES_ALL(1.0),USA,M,N,CPI,IX,CP11,N,_Z,2015-03,99.54923,A,,2015,,2
OECD.SDD.TPS:DSD_PRICES@DF_PRICES_ALL(1.0),USA,M,N,CPI,IX,CP11,N,_Z,2015-04,99.79605,A,,2015,,2
OECD.SDD.TPS:DSD_PRICES@DF_PRICES_ALL(1.0),USA,M,N,CPI,IX,CP11,N,_Z,2015-05,100.0826,A,,2015,,2
OECD.SDD.TPS:DSD_PRICES@DF_PRICES_ALL(1.0),USA,M,N,CPI,IX,CP11,N,_Z,2015-06,100.3048,A,,2015,,2
OECD.SDD.TPS:DSD_PRICES@DF_PRICES_ALL(1.0),USA,M,N,CPI,IX,CP11,N,_Z,2015-07,100.8136,A,,2015,,2
OECD.SDD.TPS:DSD_PRICES@DF_PRICES_ALL(1.0),USA,M,N,CPI,IX,CP11,N,_Z,2015-08,100.5602,A,,2015,,2
OECD.SDD.TPS:DSD_PRICES@DF_PRICES_ALL(1.0),USA,M,N,CPI,IX,CP11,N,_Z,2015-09,100.6925,A,,2015,,2
OECD.SDD.TPS:DSD_PRICES@DF_PRICES_ALL(1.0),USA,M,N,CPI,IX,CP11,N,_Z,2015-10,100.6755,A,,2015,,2
OECD.SDD.TPS:DSD_PRICES@DF_PRICES_ALL(1.0),USA,M,N,CPI,IX,CP11,N,_Z,2015-11,100.2802,A,,2015,,2
OECD.SDD.TPS:DSD_PRICES@DF_PRICES_ALL(1.0),USA,M,N,CPI,IX,CP11,N,_Z,2015-12,100.0344,A,,2015,,2
OECD.SDD.TPS:DSD_PRICES@DF_PRICES_ALL(1.0),USA,M,N,CPI,IX,CP11,N,_Z,2016-01,100.9375,A,,2015,,2
OECD.SDD.TPS:DSD_PRICES@DF_PRICES_ALL(1.0),USA,M,N,CPI,IX,CP11,N,_Z,2016-02,101.5881,A,,2015,,2
OECD.SDD.TPS:DSD_PRICES@DF_PRICES_ALL(1.0),USA,M,N,CPI,IX,CP11,N,_Z,2016-03,102.1025,A,,2015,,2
OECD.SDD.TPS:DSD_PRICES@DF_PRICES_ALL(1.0),USA,M,N,CPI,IX,CP11,N,_Z,2016-04,102.2283,A,,2015,,2
OECD.SDD.TPS:DSD_PRICES@DF_PRICES_ALL(1.0),USA,M,N,CPI,IX,CP11,N,_Z,2016-05,102.8316,A,,2015,,2
OECD.SDD.TPS:DSD_PRICES@DF_PRICES_ALL(1.0),USA,M,N,CPI,IX,CP11,N,_Z,2016-06,103.4454,A,,2015,,2
OECD.SDD.TPS:DSD_PRICES@DF_PRICES_ALL(1.0),USA,M,N,CPI,IX,CP11,N,_Z,2016-07,103.4246,A,,2015,,2
OECD.SDD.TPS:DSD_PRICES@DF_PRICES_ALL(1.0),USA,M,N,CPI,IX,CP11,N,_Z,2016-08,103.4425,A,,2015,,2
OECD.SDD.TPS:DSD_PRICES@DF_PRICES_ALL(1.0),USA,M,N,CPI,IX,CP11,N,_Z,2016-09,103.2893,A,,2015,,2
OECD.SDD.TPS:DSD_PRICES@DF_PRICES_ALL(1.0),USA,M,N,CPI,IX,CP11,N,_Z,2016-10,103.2903,A,,2015,,2
OECD.SDD.TPS:DSD_PRICES@DF_PRICES_ALL(1.0),USA,M,N,CPI,IX,CP11,N,_Z,2016-11,102.5432,A,,2015,,2
OECD.SDD.TPS:DSD_PRICES@DF_PRICES_ALL(1.0),USA,M,N,CPI,IX,CP11,N,_Z,2016-12,102.4392,A,,2015,,2
OECD.SDD.TPS:DSD_PRICES@DF_PRICES_ALL(1.0),USA,M,N,CPI,IX,CP11,N,_Z,2017-01,103.2402,A,,2015,,2
OECD.SDD.TPS:DSD_PRICES@DF_PRICES_ALL(1.0),USA,M,N,CPI,IX,CP11,N,_Z,2017-02,103.9069,A,,2015,,2
OECD.SDD.TPS:DSD_PRICES@DF_PRICES_ALL(1.0),USA,M,N,CPI,IX,CP11,N,_Z,2017-03,104.2312,A,,2015,,2
OECD.SDD.TPS:DSD_PRICES@DF_PRICES_ALL(1.0),USA,M,N,CPI,IX,CP11,N,_Z,2017-04,104.6615,A,,2015,,2
OECD.SDD.TPS:DSD_PRICES@DF_PRICES_ALL(1.0),USA,M,N,CPI,IX,CP11,N,_Z,2017-05,105.1684,A,,2015,,2
OECD.SDD.TPS:DSD_PRICES@DF_PRICES_ALL(1.0),USA,M,N,CPI,IX,CP11,N,_Z,2017-06,105.3613,A,,2015,,2
OECD.SDD.TPS:DSD_PRICES@DF_PRICES_ALL(1.0),USA,M,N,CPI,IX,CP11,N,_Z,2017-07,104.9755,A,,2015,,2
OECD.SDD.TPS:DSD_PRICES@DF_PRICES_ALL(1.0),USA,M,N,CPI,IX,CP11,N,_Z,2017-08,105.4455,A,,2015,,2
OECD.SDD.TPS:DSD_PRICES@DF_PRICES_ALL(1.0),USA,M,N,CPI,IX,CP11,N,_Z,2017-09,105.4871,A,,2015,,2
OECD.SDD.TPS:DSD_PRICES@DF_PRICES_ALL(1.0),USA,M,N,CPI,IX,CP11,N,_Z,2017-10,105.523,A,,2015,,2
OECD.SDD.TPS:DSD_PRICES@DF_PRICES_ALL(1.0),USA,M,N,CPI,IX,CP11,N,_Z,2017-11,104.7485,A,,2015,,2
OECD.SDD.TPS:DSD_PRICES@DF_PRICES_ALL(1.0),USA,M,N,CPI,IX,CP11,N,_Z,2017-12,104.7268,A,,2015,,2
OECD.SDD.TPS:DSD_PRICES@DF_PRICES_ALL(1.0),USA,M,N,CPI,IX,CP11,N,_Z,2018-01,105.3168,A,,2015,,2
OECD.SDD.TPS:DSD_PRICES@DF_PRICES_ALL(1.0),USA,M,N,CPI,IX,CP11,N,_Z,2018-02,105.9958,A,,2015,,2
OECD.SDD.TPS:DSD_PRICES@DF_PRICES_ALL(1.0),USA,M,N,CPI,IX,CP11,N,_Z,2018-03,106.828,A,,2015,,2
OECD.SDD.TPS:DSD_PRICES@DF_PRICES_ALL(1.0),USA,M,N,CPI,IX,CP11,N,_Z,2018-04,107.1741,A,,2015,,2
OECD.SDD.TPS:DSD_PRICES@DF_PRICES_ALL(1.0),USA,M,N,CPI,IX,CP11,N,_Z,2018-05,108.2267,A,,2015,,2
OECD.SDD.TPS:DSD_PRICES@DF_PRICES_ALL(1.0),USA,M,N,CPI,IX,CP11,N,_Z,2018-06,108.1501,A,,2015,,2
OECD.SDD.TPS:DSD_PRICES@DF_PRICES_ALL(1.0),USA,M,N,CPI,IX,CP11,N,_Z,2018-07,108.2068,A,,2015,,2
OECD.SDD.TPS:DSD_PRICES@DF_PRICES_ALL(1.0),USA,M,N,CPI,IX,CP11,N,_Z,2018-08,108.1983,A,,2015,,2
OECD.SDD.TPS:DSD_PRICES@DF_PRICES_ALL(1.0),USA,M,N,CPI,IX,CP11,N,_Z,2018-09,107.9174,A,,2015,,2
OECD.SDD.TPS:DSD_PRICES@DF_PRICES_ALL(1.0),USA,M,N,CPI,IX,CP11,N,_Z,2018-10,107.5136,A,,2015,,2
OECD.SDD.TPS:DSD_PRICES@DF_PRICES_ALL(1.0),USA,M,N,CPI,IX,CP11,N,_Z,2018-11,106.9585,A,,2015,,2
OECD.SDD.TPS:DSD_PRICES@DF_PRICES_ALL(1.0),USA,M,N,CPI,IX,CP11,N,_Z,2018-12,107.3406,A,,2015,,2
OECD.SDD.TPS:DSD_PRICES@DF_PRICES_ALL(1.0),USA,M,N,CPI,IX,CP11,N,_Z,2019-01,108.151,A,,2015,,2
OECD.SDD.TPS:DSD_PRICES@DF_PRICES_ALL(1.0),USA,M,N,CPI,IX,CP11,N,_Z,2019-02,109.1033,A,,2015,,2
OECD.SDD.TPS:DSD_PRICES@DF_PRICES_ALL(1.0),USA,M,N,CPI,IX,CP11,N,_Z,2019-03,109.8901,A,,2015,,2
OECD.SDD.TPS:DSD_PRICES@DF_PRICES_ALL(1.0),USA,M,N,CPI,IX,CP11,N,_Z,2019-04,110.5,A,,2015,,2
OECD.SDD.TPS:DSD_PRICES@DF_PRICES_ALL(1.0),USA,M,N,CPI,IX,CP11,N,_Z,2019-05,111.0816,A,,2015,,2
OECD.SDD.TPS:DSD_PRICES@DF_PRICES_ALL(1.0),USA,M,N,CPI,IX,CP11,N,_Z,2019-06,111.4845,A,,2015,,2
OECD.SDD.TPS:DSD_PRICES@DF_PRICES_ALL(1.0),USA,M,N,CPI,IX,CP11,N,_Z,2019-07,111.7266,A,,2015,,2
OECD.SDD.TPS:DSD_PRICES@DF_PRICES_ALL(1.0),USA,M,N,CPI,IX,CP11,N,_Z,2019-08,111.3663,A,,2015,,2
OECD.SDD.TPS:DSD_PRICES@DF_PRICES_ALL(1.0),USA,M,N,CPI,IX,CP11,N,_Z,2019-09,111.5232,A,,2015,,2
OECD.SDD.TPS:DSD_PRICES@DF_PRICES_ALL(1.0),USA,M,N,CPI,IX,CP11,N,_Z,2019-10,110.7733,A,,2015,,2
OECD.SDD.TPS:DSD_PRICES@DF_PRICES_ALL(1.0),USA,M,N,CPI,IX,CP11,N,_Z,2019-11,110.2362,A,,2015,,2
OECD.SDD.TPS:DSD_PRICES@DF_PRICES_ALL(1.0),USA,M,N,CPI,IX,CP11,N,_Z,2019-12,110.1161,A,,2015,,2
OECD.SDD.TPS:DSD_PRICES@DF_PRICES_ALL(1.0),USA,M,N,CPI,IX,CP11,N,_Z,2020-01,110.9757,A,,2015,,2
OECD.SDD.TPS:DSD_PRICES@DF_PRICES_ALL(1.0),USA,M,N,CPI,IX,CP11,N,_Z,2020-02,112.0169,A,,2015,,2
OECD.SDD.TPS:DSD_PRICES@DF_PRICES_ALL(1.0),USA,M,N,CPI,IX,CP11,N,_Z,2020-03,111.7029,A,,2015,,2
OECD.SDD.TPS:DSD_PRICES@DF_PRICES_ALL(1.0),USA,M,N,CPI,IX,CP11,N,_Z,2020-04,110.9937,A,,2015,,2
OECD.SDD.TPS:DSD_PRICES@DF_PRICES_ALL(1.0),USA,M,N,CPI,IX,CP11,N,_Z,2020-05,111.5639,A,,2015,,2
OECD.SDD.TPS:DSD_PRICES@DF_PRICES_ALL(1.0),USA,M,N,CPI,IX,CP11,N,_Z,2020-06,112.3186,A,,2015,,2
OECD.SDD.TPS:DSD_PRICES@DF_PRICES_ALL(1.0),USA,M,N,CPI,IX,CP11,N,_Z,2020-07,112.8349,A,,2015,,2
OECD.SDD.TPS:DSD_PRICES@DF_PRICES_ALL(1.0),USA,M,N,CPI,IX,CP11,N,_Z,2020-08,112.954,A,,2015,,2
OECD.SDD.TPS:DSD_PRICES@DF_PRICES_ALL(1.0),USA,M,N,CPI,IX,CP11,N,_Z,2020-09,113.1233,A,,2015,,2
OECD.SDD.TPS:DSD_PRICES@DF_PRICES_ALL(1.0),USA,M,N,CPI,IX,CP11,N,_Z,2020-10,112.4689,A,,2015,,2
OECD.SDD.TPS:DSD_PRICES@DF_PRICES_ALL(1.0),USA,M,N,CPI,IX,CP11,N,_Z,2020-11,112.4027,A,,2015,,2
OECD.SDD.TPS:DSD_PRICES@DF_PRICES_ALL(1.0),USA,M,N,CPI,IX,CP11,N,_Z,2020-12,112.5521,A,,2015,,2
OECD.SDD.TPS:DSD_PRICES@DF_PRICES_ALL(1.0),USA,M,N,CPI,IX,CP11,N,_Z,2021-01,113.0883,A,,2015,,2
OECD.SDD.TPS:DSD_PRICES@DF_PRICES_ALL(1.0),USA,M,N,CPI,IX,CP11,N,_Z,2021-02,113.3446,A,,2015,,2
OECD.SDD.TPS:DSD_PRICES@DF_PRICES_ALL(1.0),USA,M,N,CPI,IX,CP11,N,_Z,2021-03,114.3016,A,,2015,,2
OECD.SDD.TPS:DSD_PRICES@DF_PRICES_ALL(1.0),USA,M,N,CPI,IX,CP11,N,_Z,2021-04,115.6265,A,,2015,,2
OECD.SDD.TPS:DSD_PRICES@DF_PRICES_ALL(1.0),USA,M,N,CPI,IX,CP11,N,_Z,2021-05,116.5485,A,,2015,,2
OECD.SDD.TPS:DSD_PRICES@DF_PRICES_ALL(1.0),USA,M,N,CPI,IX,CP11,N,_Z,2021-06,118.3859,A,,2015,,2
OECD.SDD.TPS:DSD_PRICES@DF_PRICES_ALL(1.0),USA,M,N,CPI,IX,CP11,N,_Z,2021-07,120.2101,A,,2015,,2
OECD.SDD.TPS:DSD_PRICES@DF_PRICES_ALL(1.0),USA,M,N,CPI,IX,CP11,N,_Z,2021-08,119.8612,A,,2015,,2
OECD.SDD.TPS:DSD_PRICES@DF_PRICES_ALL(1.0),USA,M,N,CPI,IX,CP11,N,_Z,2021-09,120.0418,A,,2015,,2
OECD.SDD.TPS:DSD_PRICES@DF_PRICES_ALL(1.0),USA,M,N,CPI,IX,CP11,N,_Z,2021-10,120.368,A,,2015,,2
OECD.SDD.TPS:DSD_PRICES@DF_PRICES_ALL(1.0),USA,M,N,CPI,IX,CP11,N,_Z,2021-11,120.7009,A,,2015,,2
OECD.SDD.TPS:DSD_PRICES@DF_PRICES_ALL(1.0),USA,M,N,CPI,IX,CP11,N,_Z,2021-12,121.3147,A,,2015,,2
OECD.SDD.TPS:DSD_PRICES@DF_PRICES_ALL(1.0),USA,M,N,CPI,IX,CP11,N,_Z,2022-01,121.8565,A,,2015,,2
OECD.SDD.TPS:DSD_PRICES@DF_PRICES_ALL(1.0),USA,M,N,CPI,IX,CP11,N,_Z,2022-02,123.2741,A,,2015,,2
OECD.SDD.TPS:DSD_PRICES@DF_PRICES_ALL(1.0),USA,M,N,CPI,IX,CP11,N,_Z,2022-03,124.8013,A,,2015,,2
OECD.SDD.TPS:DSD_PRICES@DF_PRICES_ALL(1.0),USA,M,N,CPI,IX,CP11,N,_Z,2022-04,126.0222,A,,2015,,2
OECD.SDD.TPS:DSD_PRICES@DF_PRICES_ALL(1.0),USA,M,N,CPI,IX,CP11,N,_Z,2022-05,127.3348,A,,2015,,2
OECD.SDD.TPS:DSD_PRICES@DF_PRICES_ALL(1.0),USA,M,N,CPI,IX,CP11,N,_Z,2022-06,128.2161,A,,2015,,2
OECD.SDD.TPS:DSD_PRICES@DF_PRICES_ALL(1.0),USA,M,N,CPI,IX,CP11,N,_Z,2022-07,128.5689,A,,2015,,2
OECD.SDD.TPS:DSD_PRICES@DF_PRICES_ALL(1.0),USA,M,N,CPI,IX,CP11,N,_Z,2022-08,129.1164,A,,2015,,2
OECD.SDD.TPS:DSD_PRICES@DF_PRICES_ALL(1.0),USA,M,N,CPI,IX,CP11,N,_Z,2022-09,129.454,A,,2015,,2
OECD.SDD.TPS:DSD_PRICES@DF_PRICES_ALL(1.0),USA,M,N,CPI,IX,CP11,N,_Z,2022-10,130.4517,A,,2015,,2
OECD.SDD.TPS:DSD_PRICES@DF_PRICES_ALL(1.0),USA,M,N,CPI,IX,CP11,N,_Z,2022-11,130.2389,A,,2015,,2
OECD.SDD.TPS:DSD_PRICES@DF_PRICES_ALL(1.0),USA,M,N,CPI,IX,CP11,N,_Z,2022-12,130.6124,A,,2015,,2
OECD.SDD.TPS:DSD_PRICES@DF_PRICES_ALL(1.0),USA,M,N,CPI,IX,CP11,N,_Z,2023-01,131.2706,A,,2015,,2
OECD.SDD.TPS:DSD_PRICES@DF_PRICES_ALL(1.0),USA,M,N,CPI,IX,CP11,N,_Z,2023-02,131.9969,A,,2015,,2
OECD.SDD.TPS:DSD_PRICES@DF_PRICES_ALL(1.0),USA,M,N,CPI,IX,CP11,N,_Z,2023-03,132.7364,A,,2015,,2
OECD.SDD.TPS:DSD_PRICES@DF_PRICES_ALL(1.0),USA,M,N,CPI,IX,CP11,N,_Z,2023-04,133.2669,A,,2015,,2
OECD.SDD.TPS:DSD_PRICES@DF_PRICES_ALL(1.0),USA,M,N,CPI,IX,CP11,N,_Z,2023-05,133.8608,A,,2015,,2
OECD.SDD.TPS:DSD_PRICES@DF_PRICES_ALL(1.0),USA,M,N,CPI,IX,CP11,N,_Z,2023-06,134.3828,A,,2015,,2
OECD.SDD.TPS:DSD_PRICES@DF_PRICES_ALL(1.0),USA,M,N,CPI,IX,CP11,N,_Z,2023-07,134.6514,A,,2015,,2
OECD.SDD.TPS:DSD_PRICES@DF_PRICES_ALL(1.0),USA,M,N,CPI,IX,CP11,N,_Z,2023-08,135.1233,A,,2015,,2
OECD.SDD.TPS:DSD_PRICES@DF_PRICES_ALL(1.0),USA,M,N,CPI,IX,CP11,N,_Z,2023-09,135.7105,A,,2015,,2
OECD.SDD.TPS:DSD_PRICES@DF_PRICES_ALL(1.0),USA,M,N,CPI,IX,CP11,N,_Z,2023-10,136.1881,A,,2015,,2
OECD.SDD.TPS:DSD_PRICES@DF_PRICES_ALL(1.0),USA,M,N,CPI,IX,CP11,N,_Z,2023-11,136.7394,A,,2015,,2
OECD.SDD.TPS:DSD_PRICES@DF_PRICES_ALL(1.0),USA,M,N,CPI,IX,CP11,N,_Z,2023-12,137.1489,A,,2015,,2
OECD.SDD.TPS:DSD_PRICES@DF_PRICES_ALL(1.0),USA,M,N,CPI,IX,CP11,N,_Z,2024-01,137.7106,A,,2015,,2
OECD.SDD.TPS:DSD_PRICES@DF_PRICES_ALL(1.0),USA,M,N,CPI,IX,CP11,N,_Z,2024-02,137.7759,A,,2015,,2
OECD.SDD.TPS:DSD_PRICES@DF_PRICES_ALL(1.0),USA,M,N,CPI,IX,CP11,N,_Z,2024-03,138.1154,A,,2015,,2
OECD.SDD.TPS:DSD_PRICES@DF_PRICES_ALL(1.0),USA,M,N,CPI,IX,CP11,N,_Z,2024-04,138.592,A,,2015,,2
OECD.SDD.TPS:DSD_PRICES@DF_PRICES_ALL(1.0),USA,M,N,CPI,IX,CP11,N,_Z,2024-05,139.0128,A,,2015,,2
OECD.SDD.TPS:DSD_PRICES@DF_PRICES_ALL(1.0),USA,M,N,CPI,IX,CP11,N,_Z,2024-06,139.6038,A,,2015,,2
OECD.SDD.TPS:DSD_PRICES@DF_PRICES_ALL(1.0),USA,M,N,CPI,IX,CP11,N,_Z,2024-07,139.8904,A,,2015,,2
OECD.SDD.TPS:DSD_PRICES@DF_PRICES_ALL(1.0),USA,M,N,CPI,IX,CP11,N,_Z,2024-08,140.2866,A,,2015,,2
OECD.SDD.TPS:DSD_PRICES@DF_PRICES_ALL(1.0),USA,M,N,CPI,IX,CP11,N,_Z,2024-09,140.7471,A,,2015,,2
OECD.SDD.TPS:DSD_PRICES@DF_PRICES_ALL(1.0),USA,M,N,CPI,IX,CP11,N,_Z,2024-10,141.1604,A,,2015,,2
OECD.SDD.TPS:DSD_PRICES@DF_PRICES_ALL(1.0),USA,M,N,CPI,IX,CP11,N,_Z,2024-11,141.5557,A,,2015,,2
OECD.SDD.TPS:DSD_PRICES@DF_PRICES_ALL(1.0),USA,M,N,CPI,IX,CP11,N,_Z,2024-12,141.8971,A,,2015,,2
OECD.SDD.TPS:DSD_PRICES@DF_PRICES_ALL(1.0),GBR,M,N,CPI,IX,CP11,N,_Z,2014-01,96.6,A,,2015,,2
OECD.SDD.TPS:DSD_PRICES@DF_PRICES_ALL(1.0),GBR,M,N,CPI,IX,CP11,N,_Z,2014-02,97.0,A,,2015,,2
OECD.SDD.TPS:DSD_PRICES@DF_PRICES_ALL(1.0),GBR,M,N,CPI,IX,CP11,N,_Z,2014-03,97.4,A,,2015,,2
OECD.SDD.TPS:DSD_PRICES@DF_PRICES_ALL(1.0),GBR,M,N,CPI,IX,CP11,N,_Z,2014-04,97.6,A,,2015,,2
OECD.SDD.TPS:DSD_PRICES@DF_PRICES_ALL(1.0),GBR,M,N,CPI,IX,CP11,N,_Z,2014-05,97.9,A,,2015,,2
OECD.SDD.TPS:DSD_PRICES@DF_PRICES_ALL(1.0),GBR,M,N,CPI,IX,CP11,N,_Z,2014-06,98.3,A,,2015,,2
OECD.SDD.TPS:DSD_PRICES@DF_PRICES_ALL(1.0),GBR,M,N,CPI,IX,CP11,N,_Z,2014-07,98.7,A,,2015,,2
OECD.SDD.TPS:DSD_PRICES@DF_PRICES_ALL(1.0),GBR,M,N,CPI,IX,CP11,N,_Z,2014-08,98.5,A,,2015,,2
OECD.SDD.TPS:DSD_PRICES@DF_PRICES_ALL(1.0),GBR,M,N,CPI,IX,CP11,N,_Z,2014-09,98.7,A,,2015,,2
OECD.SDD.TPS:DSD_PRICES@DF_PRICES_ALL(1.0),GBR,M,N,CPI,IX,CP11,N,_Z,2014-10,99.0,A,,2015,,2
OECD.SDD.TPS:DSD_PRICES@DF_PRICES_ALL(1.0),GBR,M,N,CPI,IX,CP11,N,_Z,2014-11,99.0,A,,2015,,2
OECD.SDD.TPS:DSD_PRICES@DF_PRICES_ALL(1.0),GBR,M,N,CPI,IX,CP11,N,_Z,2014-12,99.0,A,,2015,,2
OECD.SDD.TPS:DSD_PRICES@DF_PRICES_ALL(1.0),GBR,M,N,CPI,IX,CP11,N,_Z,2015-01,98.9,A,,2015,,2
OECD.SDD.TPS:DSD_PRICES@DF_PRICES_ALL(1.0),GBR,M,N,CPI,IX,CP11,N,_Z,2015-02,99.1,A,,2015,,2
OECD.SDD.TPS:DSD_PRICES@DF_PRICES_ALL(1.0),GBR,M,N,CPI,IX,CP11,N,_Z,2015-03,99.3,A,,2015,,2
OECD.SDD.TPS:DSD_PRICES@DF_PRICES_ALL(1.0),GBR,M,N,CPI,IX,CP11,N,_Z,2015-04,99.6,A,,2015,,2
OECD.SDD.TPS:DSD_PRICES@DF_PRICES_ALL(1.0),GBR,M,N,CPI,IX,CP11,N,_Z,2015-05,99.8,A,,2015,,2
OECD.SDD.TPS:DSD_PRICES@DF_PRICES_ALL(1.0),GBR,M,N,CPI,IX,CP11,N,_Z,2015-06,100.2,A,,2015,,2
OECD.SDD.TPS:DSD_PRICES@DF_PRICES_ALL(1.0),GBR,M,N,CPI,IX,CP11,N,_Z,2015-07,100.3,A,,2015,,2
OECD.SDD.TPS:DSD_PRICES@DF_PRICES_ALL(1.0),GBR,M,N,CPI,IX,CP11,N,_Z,2015-08,100.3,A,,2015,,2
OECD.SDD.TPS:DSD_PRICES@DF_PRICES_ALL(1.0),GBR,M,N,CPI,IX,CP11,N,_Z,2015-09,100.5,A,,2015,,2
OECD.SDD.TPS:DSD_PRICES@DF_PRICES_ALL(1.0),GBR,M,N,CPI,IX,CP11,N,_Z,2015-10,100.6,A,,2015,,2
OECD.SDD.TPS:DSD_PRICES@DF_PRICES_ALL(1.0),GBR,M,N,CPI,IX,CP11,N,_Z,2015-11,100.8,A,,2015,,2
OECD.SDD.TPS:DSD_PRICES@DF_PRICES_ALL(1.0),GBR,M,N,CPI,IX,CP11,N,_Z,2015-12,100.7,A,,2015,,2
OECD.SDD.TPS:DSD_PRICES@DF_PRICES_ALL(1.0),GBR,M,N,CPI,IX,CP11,N,_Z,2016-01,100.4,A,,2015,,2
OECD.SDD.TPS:DSD_PRICES@DF_PRICES_ALL(1.0),GBR,M,N,CPI,IX,CP11,N,_Z,2016-02,100.9,A,,2015,,2
OECD.SDD.TPS:DSD_PRICES@DF_PRICES_ALL(1.0),GBR,M,N,CPI,IX,CP11,N,_Z,2016-03,101.4,A,,2015,,2
OECD.SDD.TPS:DSD_PRICES@DF_PRICES_ALL(1.0),GBR,M,N,CPI,IX,CP11,N,_Z,2016-04,101.9,A,,2015,,2
OECD.SDD.TPS:DSD_PRICES@DF_PRICES_ALL(1.0),GBR,M,N,CPI,IX,CP11,N,_Z,2016-05,102.4,A,,2015,,2
OECD.SDD.TPS:DSD_PRICES@DF_PRICES_ALL(1.0),GBR,M,N,CPI,IX,CP11,N,_Z,2016-06,102.5,A,,2015,,2
OECD.SDD.TPS:DSD_PRICES@DF_PRICES_ALL(1.0),GBR,M,N,CPI,IX,CP11,N,_Z,2016-07,103.0,A,,2015,,2
OECD.SDD.TPS:DSD_PRICES@DF_PRICES_ALL(1.0),GBR,M,N,CPI,IX,CP11,N,_Z,2016-08,102.6,A,,2015,,2
OECD.SDD.TPS:DSD_PRICES@DF_PRICES_ALL(1.0),GBR,M,N,CPI,IX,CP11,N,_Z,2016-09,103.4,A,,2015,,2
OECD.SDD.TPS:DSD_PRICES@DF_PRICES_ALL(1.0),GBR,M,N,CPI,IX,CP11,N,_Z,2016-10,103.2,A,,2015,,2
OECD.SDD.TPS:DSD_PRICES@DF_PRICES_ALL(1.0),GBR,M,N,CPI,IX,CP11,N,_Z,2016-11,103.4,A,,2015,,2
OECD.SDD.TPS:DSD_PRICES@DF_PRICES_ALL(1.0),GBR,M,N,CPI,IX,CP11,N,_Z,2016-12,103.5,A,,2015,,2
OECD.SDD.TPS:DSD_PRICES@DF_PRICES_ALL(1.0),GBR,M,N,CPI,IX,CP11,N,_Z,2017-01,103.4,A,,2015,,2
OECD.SDD.TPS:DSD_PRICES@DF_PRICES_ALL(1.0),GBR,M,N,CPI,IX,CP11,N,_Z,2017-02,104.1,A,,2015,,2
OECD.SDD.TPS:DSD_PRICES@DF_PRICES_ALL(1.0),GBR,M,N,CPI,IX,CP11,N,_Z,2017-03,104.4,A,,2015,,2
OECD.SDD.TPS:DSD_PRICES@DF_PRICES_ALL(1.0),GBR,M,N,CPI,IX,CP11,N,_Z,2017-04,105.0,A,,2015,,2
OECD.SDD.TPS:DSD_PRICES@DF_PRICES_ALL(1.0),GBR,M,N,CPI,IX,CP11,N,_Z,2017-05,105.6,A,,2015,,2
OECD.SDD.TPS:DSD_PRICES@DF_PRICES_ALL(1.0),GBR,M,N,CPI,IX,CP11,N,_Z,2017-06,105.9,A,,2015,,2
OECD.SDD.TPS:DSD_PRICES@DF_PRICES_ALL(1.0),GBR,M,N,CPI,IX,CP11,N,_Z,2017-07,106.2,A,,2015,,2
OECD.SDD.TPS:DSD_PRICES@DF_PRICES_ALL(1.0),GBR,M,N,CPI,IX,CP11,N,_Z,2017-08,106.2,A,,2015,,2
OECD.SDD.TPS:DSD_PRICES@DF_PRICES_ALL(1.0),GBR,M,N,CPI,IX,CP11,N,_Z,2017-09,106.6,A,,2015,,2
OECD.SDD.TPS:DSD_PRICES@DF_PRICES_ALL(1.0),GBR,M,N,CPI,IX,CP11,N,_Z,2017-10,106.5,A,,2015,,2
OECD.SDD.TPS:DSD_PRICES@DF_PRICES_ALL(1.0),GBR,M,N,CPI,IX,CP11,N,_Z,2017-11,106.8,A,,2015,,2
OECD.SDD.TPS:DSD_PRICES@DF_PRICES_ALL(1.0),GBR,M,N,CPI,IX,CP11,N,_Z,2017-12,106.7,A,,2015,,2
OECD.SDD.TPS:DSD_PRICES@DF_PRICES_ALL(1.0),GBR,M,N,CPI,IX,CP11,N,_Z,2018-01,106.6,A,,2015,,2
OECD.SDD.TPS:DSD_PRICES@DF_PRICES_ALL(1.0),GBR,M,N,CPI,IX,CP11,N,_Z,2018-02,106.7,A,,2015,,2
OECD.SDD.TPS:DSD_PRICES@DF_PRICES_ALL(1.0),GBR,M,N,CPI,IX,CP11,N,_Z,2018-03,107.1,A,,2015,,2
OECD.SDD.TPS:DSD_PRICES@DF_PRICES_ALL(1.0),GBR,M,N,CPI,IX,CP11,N,_Z,2018-04,107.9,A,,2015,,2
OECD.SDD.TPS:DSD_PRICES@DF_PRICES_ALL(1.0),GBR,M,N,CPI,IX,CP11,N,_Z,2018-05,108.3,A,,2015,,2
OECD.SDD.TPS:DSD_PRICES@DF_PRICES_ALL(1.0),GBR,M,N,CPI,IX,CP11,N,_Z,2018-06,108.6,A,,2015,,2
OECD.SDD.TPS:DSD_PRICES@DF_PRICES_ALL(1.0),GBR,M,N,CPI,IX,CP11,N,_Z,2018-07,108.8,A,,2015,,2
OECD.SDD.TPS:DSD_PRICES@DF_PRICES_ALL(1.0),GBR,M,N,CPI,IX,CP11,N,_Z,2018-08,108.9,A,,2015,,2
OECD.SDD.TPS:DSD_PRICES@DF_PRICES_ALL(1.0),GBR,M,N,CPI,IX,CP11,N,_Z,2018-09,109.2,A,,2015,,2
OECD.SDD.TPS:DSD_PRICES@DF_PRICES_ALL(1.0),GBR,M,N,CPI,IX,CP11,N,_Z,2018-10,109.1,A,,2015,,2
OECD.SDD.TPS:DSD_PRICES@DF_PRICES_ALL(1.0),GBR,M,N,CPI,IX,CP11,N,_Z,2018-11,109.7,A,,2015,,2
OECD.SDD.TPS:DSD_PRICES@DF_PRICES_ALL(1.0),GBR,M,N,CPI,IX,CP11,N,_Z,2018-12,110.0,A,,2015,,2
OECD.SDD.TPS:DSD_PRICES@DF_PRICES_ALL(1.0),GBR,M,N,CPI,IX,CP11,N,_Z,2019-01,109.3,A,,2015,,2
OECD.SDD.TPS:DSD_PRICES@DF_PRICES_ALL(1.0),GBR,M,N,CPI,IX,CP11,N,_Z,2019-02,109.5,A,,2015,,2
OECD.SDD.TPS:DSD_PRICES@DF_PRICES_ALL(1.0),GBR,M,N,CPI,IX,CP11,N,_Z,2019-03,110.0,A,,2015,,2
OECD.SDD.TPS:DSD_PRICES@DF_PRICES_ALL(1.0),GBR,M,N,CPI,IX,CP11,N,_Z,2019-04,110.5,A,,2015,,2
OECD.SDD.TPS:DSD_PRICES@DF_PRICES_ALL(1.0),GBR,M,N,CPI,IX,CP11,N,_Z,2019-05,111.4,A,,2015,,2
OECD.SDD.TPS:DSD_PRICES@DF_PRICES_ALL(1.0),GBR,M,N,CPI,IX,CP11,N,_Z,2019-06,111.3,A,,2015,,2
OECD.SDD.TPS:DSD_PRICES@DF_PRICES_ALL(1.0),GBR,M,N,CPI,IX,CP11,N,_Z,2019-07,112.2,A,,2015,,2
OECD.SDD.TPS:DSD_PRICES@DF_PRICES_ALL(1.0),GBR,M,N,CPI,IX,CP11,N,_Z,2019-08,111.9,A,,2015,,2
OECD.SDD.TPS:DSD_PRICES@DF_PRICES_ALL(1.0),GBR,M,N,CPI,IX,CP11,N,_Z,2019-09,112.8,A,,2015,,2
OECD.SDD.TPS:DSD_PRICES@DF_PRICES_ALL(1.0),GBR,M,N,CPI,IX,CP11,N,_Z,2019-10,112.5,A,,2015,,2
OECD.SDD.TPS:DSD_PRICES@DF_PRICES_ALL(1.0),GBR,M,N,CPI,IX,CP11,N,_Z,2019-11,112.3,A,,2015,,2
OECD.SDD.TPS:DSD_PRICES@DF_PRICES_ALL(1.0),GBR,M,N,CPI,IX,CP11,N,_Z,2019-12,111.8,A,,2015,,2
OECD.SDD.TPS:DSD_PRICES@DF_PRICES_ALL(1.0),GBR,M,N,CPI,IX,CP11,N,_Z,2020-01,111.7,A,,2015,,2
OECD.SDD.TPS:DSD_PRICES@DF_PRICES_ALL(1.0),GBR,M,N,CPI,IX,CP11,N,_Z,2020-02,112.3,A,,2015,,2
OECD.SDD.TPS:DSD_PRICES@DF_PRICES_ALL(1.0),GBR,M,N,CPI,IX,CP11,N,_Z,2020-03,112.4,A,,2015,,2
OECD.SDD.TPS:DSD_PRICES@DF_PRICES_ALL(1.0),GBR,M,N,CPI,IX,CP11,N,_Z,2020-04,113.1,A,,2015,,2
OECD.SDD.TPS:DSD_PRICES@DF_PRICES_ALL(1.0),GBR,M,N,CPI,IX,CP11,N,_Z,2020-05,113.6,A,,2015,,2
OECD.SDD.TPS:DSD_PRICES@DF_PRICES_ALL(1.0),GBR,M,N,CPI,IX,CP11,N,_Z,2020-06,113.2,A,,2015,,2
OECD.SDD.TPS:DSD_PRICES@DF_PRICES_ALL(1.0),GBR,M,N,CPI,IX,CP11,N,_Z,2020-07,114.1,A,,2015,,2
OECD.SDD.TPS:DSD_PRICES@DF_PRICES_ALL(1.0),GBR,M,N,CPI,IX,CP11,N,_Z,2020-08,108.8,A,,2015,,2
OECD.SDD.TPS:DSD_PRICES@DF_PRICES_ALL(1.0),GBR,M,N,CPI,IX,CP11,N,_Z,2020-09,112.0,A,,2015,,2
OECD.SDD.TPS:DSD_PRICES@DF_PRICES_ALL(1.0),GBR,M,N,CPI,IX,CP11,N,_Z,2020-10,111.9,A,,2015,,2
OECD.SDD.TPS:DSD_PRICES@DF_PRICES_ALL(1.0),GBR,M,N,CPI,IX,CP11,N,_Z,2020-11,112.8,A,,2015,,2
OECD.SDD.TPS:DSD_PRICES@DF_PRICES_ALL(1.0),GBR,M,N,CPI,IX,CP11,N,_Z,2020-12,111.9,A,,2015,,2
OECD.SDD.TPS:DSD_PRICES@DF_PRICES_ALL(1.0),GBR,M,N,CPI,IX,CP11,N,_Z,2021-01,112.9,A,,2015,,2
OECD.SDD.TPS:DSD_PRICES@DF_PRICES_ALL(1.0),GBR,M,N,CPI,IX,CP11,N,_Z,2021-02,113.3,A,,2015,,2
OECD.SDD.TPS:DSD_PRICES@DF_PRICES_ALL(1.0),GBR,M,N,CPI,IX,CP11,N,_Z,2021-03,113.5,A,,2015,,2
OECD.SDD.TPS:DSD_PRICES@DF_PRICES_ALL(1.0),GBR,M,N,CPI,IX,CP11,N,_Z,2021-04,114.3,A,,2015,,2
OECD.SDD.TPS:DSD_PRICES@DF_PRICES_ALL(1.0),GBR,M,N,CPI,IX,CP11,N,_Z,2021-05,115.7,A,,2015,,2
OECD.SDD.TPS:DSD_PRICES@DF_PRICES_ALL(1.0),GBR,M,N,CPI,IX,CP11,N,_Z,2021-06,116.1,A,,2015,,2
OECD.SDD.TPS:DSD_PRICES@DF_PRICES_ALL(1.0),GBR,M,N,CPI,IX,CP11,N,_Z,2021-07,116.6,A,,2015,,2
OECD.SDD.TPS:DSD_PRICES@DF_PRICES_ALL(1.0),GBR,M,N,CPI,IX,CP11,N,_Z,2021-08,118.1,A,,2015,,2
OECD.SDD.TPS:DSD_PRICES@DF_PRICES_ALL(1.0),GBR,M,N,CPI,IX,CP11,N,_Z,2021-09,117.7,A,,2015,,2
OECD.SDD.TPS:DSD_PRICES@DF_PRICES_ALL(1.0),GBR,M,N,CPI,IX,CP11,N,_Z,2021-10,119.0,A,,2015,,2
OECD.SDD.TPS:DSD_PRICES@DF_PRICES_ALL(1.0),GBR,M,N,CPI,IX,CP11,N,_Z,2021-11,118.7,A,,2015,,2
OECD.SDD.TPS:DSD_PRICES@DF_PRICES_ALL(1.0),GBR,M,N,CPI,IX,CP11,N,_Z,2021-12,118.6,A,,2015,,2
OECD.SDD.TPS:DSD_PRICES@DF_PRICES_ALL(1.0),GBR,M,N,CPI,IX,CP11,N,_Z,2022-01,118.2,A,,2015,,2
OECD.SDD.TPS:DSD_PRICES@DF_PRICES_ALL(1.0),GBR,M,N,CPI,IX,CP11,N,_Z,2022-02,119.0,A,,2015,,2
OECD.SDD.TPS:DSD_PRICES@DF_PRICES_ALL(1.0),GBR,M,N,CPI,IX,CP11,N,_Z,2022-03,121.3,A,,2015,,2
OECD.SDD.TPS:DSD_PRICES@DF_PRICES_ALL(1.0),GBR,M,N,CPI,IX,CP11,N,_Z,2022-04,123.4,A,,2015,,2
OECD.SDD.TPS:DSD_PRICES@DF_PRICES_ALL(1.0),GBR,M,N,CPI,IX,CP11,N,_Z,2022-05,124.5,A,,2015,,2
OECD.SDD.TPS:DSD_PRICES@DF_PRICES_ALL(1.0),GBR,M,N,CPI,IX,CP11,N,_Z,2022-06,126.0,A,,2015,,2
OECD.SDD.TPS:DSD_PRICES@DF_PRICES_ALL(1.0),GBR,M,N,CPI,IX,CP11,N,_Z,2022-07,127.1,A,,2015,,2
OECD.SDD.TPS:DSD_PRICES@DF_PRICES_ALL(1.0),GBR,M,N,CPI,IX,CP11,N,_Z,2022-08,128.4,A,,2015,,2
OECD.SDD.TPS:DSD_PRICES@DF_PRICES_ALL(1.0),GBR,M,N,CPI,IX,CP11,N,_Z,2022-09,129.1,A,,2015,,2
OECD.SDD.TPS:DSD_PRICES@DF_PRICES_ALL(1.0),GBR,M,N,CPI,IX,CP11,N,_Z,2022-10,130.4,A,,2015,,2
OECD.SDD.TPS:DSD_PRICES@DF_PRICES_ALL(1.0),GBR,M,N,CPI,IX,CP11,N,_Z,2022-11,130.9,A,,2015,,2
OECD.SDD.TPS:DSD_PRICES@DF_PRICES_ALL(1.0),GBR,M,N,CPI,IX,CP11,N,_Z,2022-12,132.1,A,,2015,,2
OECD.SDD.TPS:DSD_PRICES@DF_PRICES_ALL(1.0),GBR,M,N,CPI,IX,CP11,N,_Z,2023-01,130.9,A,,2015,,2
OECD.SDD.TPS:DSD_PRICES@DF_PRICES_ALL(1.0),GBR,M,N,CPI,IX,CP11,N,_Z,2023-02,133.4,A,,2015,,2
OECD.SDD.TPS:DSD_PRICES@DF_PRICES_ALL(1.0),GBR,M,N,CPI,IX,CP11,N,_Z,2023-03,135.1,A,,2015,,2
OECD.SDD.TPS:DSD_PRICES@DF_PRICES_ALL(1.0),GBR,M,N,CPI,IX,CP11,N,_Z,2023-04,136.0,A,,2015,,2
OECD.SDD.TPS:DSD_PRICES@DF_PRICES_ALL(1.0),GBR,M,N,CPI,IX,CP11,N,_Z,2023-05,137.3,A,,2015,,2
OECD.SDD.TPS:DSD_PRICES@DF_PRICES_ALL(1.0),GBR,M,N,CPI,IX,CP11,N,_Z,2023-06,138.0,A,,2015,,2
OECD.SDD.TPS:DSD_PRICES@DF_PRICES_ALL(1.0),GBR,M,N,CPI,IX,CP11,N,_Z,2023-07,139.3,A,,2015,,2
OECD.SDD.TPS:DSD_PRICES@DF_PRICES_ALL(1.0),GBR,M,N,CPI,IX,CP11,N,_Z,2023-08,139.1,A,,2015,,2
OECD.SDD.TPS:DSD_PRICES@DF_PRICES_ALL(1.0),GBR,M,N,CPI,IX,CP11,N,_Z,2023-09,140.3,A,,2015,,2
OECD.SDD.TPS:DSD_PRICES@DF_PRICES_ALL(1.0),GBR,M,N,CPI,IX,CP11,N,_Z,2023-10,140.3,A,,2015,,2
OECD.SDD.TPS:DSD_PRICES@DF_PRICES_ALL(1.0),GBR,M,N,CPI,IX,CP11,N,_Z,2023-11,140.8,A,,2015,,2
OECD.SDD.TPS:DSD_PRICES@DF_PRICES_ALL(1.0),GBR,M,N,CPI,IX,CP11,N,_Z,2023-12,141.4,A,,2015,,2
OECD.SDD.TPS:DSD_PRICES@DF_PRICES_ALL(1.0),GBR,M,N,CPI,IX,CP11,N,_Z,2024-01,140.1,A,,2015,,2
OECD.SDD.TPS:DSD_PRICES@DF_PRICES_ALL(1.0),GBR,M,N,CPI,IX,CP11,N,_Z,2024-02,141.5,A,,2015,,2
OECD.SDD.TPS:DSD_PRICES@DF_PRICES_ALL(1.0),GBR,M,N,CPI,IX,CP11,N,_Z,2024-03,143.0,A,,2015,,2
OECD.SDD.TPS:DSD_PRICES@DF_PRICES_ALL(1.0),GBR,M,N,CPI,IX,CP11,N,_Z,2024-04,144.3,A,,2015,,2
OECD.SDD.TPS:DSD_PRICES@DF_PRICES_ALL(1.0),GBR,M,N,CPI,IX,CP11,N,_Z,2024-05,145.3,A,,2015,,2
OECD.SDD.TPS:DSD_PRICES@DF_PRICES_ALL(1.0),GBR,M,N,CPI,IX,CP11,N,_Z,2024-06,146.7,A,,2015,,2
OECD.SDD.TPS:DSD_PRICES@DF_PRICES_ALL(1.0),GBR,M,N,CPI,IX,CP11,N,_Z,2024-07,146.1,A,,2015,,2
OECD.SDD.TPS:DSD_PRICES@DF_PRICES_ALL(1.0),GBR,M,N,CPI,IX,CP11,N,_Z,2024-08,145.2,A,,2015,,2
OECD.SDD.TPS:DSD_PRICES@DF_PRICES_ALL(1.0),GBR,M,N,CPI,IX,CP11,N,_Z,2024-09,146.0,A,,2015,,2
OECD.SDD.TPS:DSD_PRICES@DF_PRICES_ALL(1.0),GBR,M,N,CPI,IX,CP11,N,_Z,2024-10,146.3,A,,2015,,2
OECD.SDD.TPS:DSD_PRICES@DF_PRICES_ALL(1.0),GBR,M,N,CPI,IX,CP11,N,_Z,2024-11,146.4,A,,2015,,2
OECD.SDD.TPS:DSD_PRICES@DF_PRICES_ALL(1.0),GBR,M,N,CPI,IX,CP11,N,_Z,2024-12,146.2,A,,2015,,2
OECD.SDD.TPS:DSD_PRICES@DF_PRICES_ALL(1.0),GBR,M,N,CPI,IX,CP11,N,_Z,2025-01,144.8,A,,2015,,2
OECD.SDD.TPS:DSD_PRICES@DF_PRICES_ALL(1.0),GBR,M,N,CPI,IX,CP11,N,_Z,2025-02,146.4,A,,2015,,2
OECD.SDD.TPS:DSD_PRICES@DF_PRICES_ALL(1.0),GBR,M,N,CPI,IX,CP11,N,_Z,2025-03,147.3,A,,2015,,2
OECD.SDD.TPS:DSD_PRICES@DF_PRICES_ALL(1.0),GBR,M,N,CPI,IX,CP11,N,_Z,2025-04,148.2,A,,2015,,2
OECD.SDD.TPS:DSD_PRICES@DF_PRICES_ALL(1.0),GBR,M,N,CPI,IX,CP11,N,_Z,2025-05,149.3,A,,2015,,2
OECD.SDD.TPS:DSD_PRICES@DF_PRICES_ALL(1.0),GBR,M,N,CPI,IX,CP11,N,_Z,2025-06,150.5,A,,2015,,2
OECD.SDD.TPS:DSD_PRICES@DF_PRICES_ALL(1.0),GBR,M,N,CPI,IX,CP11,N,_Z,2025-07,151.0,A,,2015,,2
OECD.SDD.TPS:DSD_PRICES@DF_PRICES_ALL(1.0),GBR,M,N,CPI,IX,CP11,N,_Z,2025-08,150.7,A,,2015,,2
OECD.SDD.TPS:DSD_PRICES@DF_PRICES_ALL(1.0),GBR,M,N,CPI,IX,CP11,N,_Z,2025-09,151.8,A,,2015,,2
OECD.SDD.TPS:DSD_PRICES@DF_PRICES_ALL(1.0),GBR,M,N,CPI,IX,CP11,N,_Z,2025-10,151.8,A,,2015,,2
OECD.SDD.TPS:DSD_PRICES@DF_PRICES_ALL(1.0),GBR,M,N,CPI,IX,CP11,N,_Z,2025-11,151.5,A,,2015,,2
OECD.SDD.TPS:DSD_PRICES@DF_PRICES_ALL(1.0),GBR,M,N,CPI,IX,CP11,N,_Z,2025-12,151.8,A,,2015,,2
OECD.SDD.TPS:DSD_PRICES@DF_PRICES_ALL(1.0),GBR,M,N,CPI,IX,CP11,N,_Z,2026-01,150.7,A,,2015,,2
OECD.SDD.TPS:DSD_PRICES@DF_PRICES_ALL(1.0),GBR,M,N,CPI,IX,CP11,N,_Z,2026-02,152.2,A,,2015,,2
OECD.SDD.TPS:DSD_PRICES@DF_PRICES_ALL(1.0),GBR,M,N,CPI,IX,CP11,N,_Z,2026-03,153.2,A,,2015,,2
OECD.SDD.TPS:DSD_PRICES@DF_PRICES_ALL(1.0),GBR,M,N,CPI,IX,CP11,N,_Z,2026-04,154.7,A,,2015,,2
OECD.SDD.TPS:DSD_PRICES@DF_PRICES_ALL(1.0),GBR,M,N,CPI,IX,CP11,N,_Z,2026-05,155.6,A,,2015,,2
OECD.SDD.TPS:DSD_PRICES@DF_PRICES_ALL(1.0),KOR,M,N,CPI,IX,CP11,N,_Z,2014-01,96.98967,A,,2015,,2
OECD.SDD.TPS:DSD_PRICES@DF_PRICES_ALL(1.0),KOR,M,N,CPI,IX,CP11,N,_Z,2014-02,97.24085,A,,2015,,2
OECD.SDD.TPS:DSD_PRICES@DF_PRICES_ALL(1.0),KOR,M,N,CPI,IX,CP11,N,_Z,2014-03,97.20529,A,,2015,,2
OECD.SDD.TPS:DSD_PRICES@DF_PRICES_ALL(1.0),KOR,M,N,CPI,IX,CP11,N,_Z,2014-04,97.34978,A,,2015,,2
OECD.SDD.TPS:DSD_PRICES@DF_PRICES_ALL(1.0),KOR,M,N,CPI,IX,CP11,N,_Z,2014-05,97.50204,A,,2015,,2
OECD.SDD.TPS:DSD_PRICES@DF_PRICES_ALL(1.0),KOR,M,N,CPI,IX,CP11,N,_Z,2014-06,97.56539,A,,2015,,2
OECD.SDD.TPS:DSD_PRICES@DF_PRICES_ALL(1.0),KOR,M,N,CPI,IX,CP11,N,_Z,2014-07,97.7988,A,,2015,,2
OECD.SDD.TPS:DSD_PRICES@DF_PRICES_ALL(1.0),KOR,M,N,CPI,IX,CP11,N,_Z,2014-08,97.95107,A,,2015,,2
OECD.SDD.TPS:DSD_PRICES@DF_PRICES_ALL(1.0),KOR,M,N,CPI,IX,CP11,N,_Z,2014-09,98.13112,A,,2015,,2
OECD.SDD.TPS:DSD_PRICES@DF_PRICES_ALL(1.0),KOR,M,N,CPI,IX,CP11,N,_Z,2014-10,98.19447,A,,2015,,2
OECD.SDD.TPS:DSD_PRICES@DF_PRICES_ALL(1.0),KOR,M,N,CPI,IX,CP11,N,_Z,2014-11,98.32006,A,,2015,,2
OECD.SDD.TPS:DSD_PRICES@DF_PRICES_ALL(1.0),KOR,M,N,CPI,IX,CP11,N,_Z,2014-12,98.40009,A,,2015,,2
OECD.SDD.TPS:DSD_PRICES@DF_PRICES_ALL(1.0),KOR,M,N,CPI,IX,CP11,N,_Z,2015-01,98.68795,A,,2015,,2
OECD.SDD.TPS:DSD_PRICES@DF_PRICES_ALL(1.0),KOR,M,N,CPI,IX,CP11,N,_Z,2015-02,98.85799,A,,2015,,2
OECD.SDD.TPS:DSD_PRICES@DF_PRICES_ALL(1.0),KOR,M,N,CPI,IX,CP11,N,_Z,2015-03,99.46818,A,,2015,,2
OECD.SDD.TPS:DSD_PRICES@DF_PRICES_ALL(1.0),KOR,M,N,CPI,IX,CP11,N,_Z,2015-04,99.69824,A,,2015,,2
OECD.SDD.TPS:DSD_PRICES@DF_PRICES_ALL(1.0),KOR,M,N,CPI,IX,CP11,N,_Z,2015-05,99.79827,A,,2015,,2
OECD.SDD.TPS:DSD_PRICES@DF_PRICES_ALL(1.0),KOR,M,N,CPI,IX,CP11,N,_Z,2015-06,99.95832,A,,2015,,2
OECD.SDD.TPS:DSD_PRICES@DF_PRICES_ALL(1.0),KOR,M,N,CPI,IX,CP11,N,_Z,2015-07,100.1884,A,,2015,,2
OECD.SDD.TPS:DSD_PRICES@DF_PRICES_ALL(1.0),KOR,M,N,CPI,IX,CP11,N,_Z,2015-08,100.3885,A,,2015,,2
OECD.SDD.TPS:DSD_PRICES@DF_PRICES_ALL(1.0),KOR,M,N,CPI,IX,CP11,N,_Z,2015-09,100.5085,A,,2015,,2
OECD.SDD.TPS:DSD_PRICES@DF_PRICES_ALL(1.0),KOR,M,N,CPI,IX,CP11,N,_Z,2015-10,100.6285,A,,2015,,2
OECD.SDD.TPS:DSD_PRICES@DF_PRICES_ALL(1.0),KOR,M,N,CPI,IX,CP11,N,_Z,2015-11,100.7586,A,,2015,,2
OECD.SDD.TPS:DSD_PRICES@DF_PRICES_ALL(1.0),KOR,M,N,CPI,IX,CP11,N,_Z,2015-12,101.0586,A,,2015,,2
OECD.SDD.TPS:DSD_PRICES@DF_PRICES_ALL(1.0),KOR,M,N,CPI,IX,CP11,N,_Z,2016-01,101.3976,A,,2015,,2
OECD.SDD.TPS:DSD_PRICES@DF_PRICES_ALL(1.0),KOR,M,N,CPI,IX,CP11,N,_Z,2016-02,101.6677,A,,2015,,2
OECD.SDD.TPS:DSD_PRICES@DF_PRICES_ALL(1.0),KOR,M,N,CPI,IX,CP11,N,_Z,2016-03,101.9778,A,,2015,,2
OECD.SDD.TPS:DSD_PRICES@DF_PRICES_ALL(1.0),KOR,M,N,CPI,IX,CP11,N,_Z,2016-04,102.2579,A,,2015,,2
OECD.SDD.TPS:DSD_PRICES@DF_PRICES_ALL(1.0),KOR,M,N,CPI,IX,CP11,N,_Z,2016-05,102.3979,A,,2015,,2
OECD.SDD.TPS:DSD_PRICES@DF_PRICES_ALL(1.0),KOR,M,N,CPI,IX,CP11,N,_Z,2016-06,102.498,A,,2015,,2
OECD.SDD.TPS:DSD_PRICES@DF_PRICES_ALL(1.0),KOR,M,N,CPI,IX,CP11,N,_Z,2016-07,102.738,A,,2015,,2
OECD.SDD.TPS:DSD_PRICES@DF_PRICES_ALL(1.0),KOR,M,N,CPI,IX,CP11,N,_Z,2016-08,102.9081,A,,2015,,2
OECD.SDD.TPS:DSD_PRICES@DF_PRICES_ALL(1.0),KOR,M,N,CPI,IX,CP11,N,_Z,2016-09,102.9181,A,,2015,,2
OECD.SDD.TPS:DSD_PRICES@DF_PRICES_ALL(1.0),KOR,M,N,CPI,IX,CP11,N,_Z,2016-10,103.0181,A,,2015,,2
OECD.SDD.TPS:DSD_PRICES@DF_PRICES_ALL(1.0),KOR,M,N,CPI,IX,CP11,N,_Z,2016-11,103.0681,A,,2015,,2
OECD.SDD.TPS:DSD_PRICES@DF_PRICES_ALL(1.0),KOR,M,N,CPI,IX,CP11,N,_Z,2016-12,103.2682,A,,2015,,2
OECD.SDD.TPS:DSD_PRICES@DF_PRICES_ALL(1.0),KOR,M,N,CPI,IX,CP11,N,_Z,2017-01,103.7483,A,,2015,,2
OECD.SDD.TPS:DSD_PRICES@DF_PRICES_ALL(1.0),KOR,M,N,CPI,IX,CP11,N,_Z,2017-02,104.0184,A,,2015,,2
OECD.SDD.TPS:DSD_PRICES@DF_PRICES_ALL(1.0),KOR,M,N,CPI,IX,CP11,N,_Z,2017-03,104.3085,A,,2015,,2
OECD.SDD.TPS:DSD_PRICES@DF_PRICES_ALL(1.0),KOR,M,N,CPI,IX,CP11,N,_Z,2017-04,104.4885,A,,2015,,2
OECD.SDD.TPS:DSD_PRICES@DF_PRICES_ALL(1.0),KOR,M,N,CPI,IX,CP11,N,_Z,2017-05,104.7986,A,,2015,,2
OECD.SDD.TPS:DSD_PRICES@DF_PRICES_ALL(1.0),KOR,M,N,CPI,IX,CP11,N,_Z,2017-06,104.8687,A,,2015,,2
OECD.SDD.TPS:DSD_PRICES@DF_PRICES_ALL(1.0),KOR,M,N,CPI,IX,CP11,N,_Z,2017-07,105.1976,A,,2015,,2
OECD.SDD.TPS:DSD_PRICES@DF_PRICES_ALL(1.0),KOR,M,N,CPI,IX,CP11,N,_Z,2017-08,105.4977,A,,2015,,2
OECD.SDD.TPS:DSD_PRICES@DF_PRICES_ALL(1.0),KOR,M,N,CPI,IX,CP11,N,_Z,2017-09,105.3577,A,,2015,,2
OECD.SDD.TPS:DSD_PRICES@DF_PRICES_ALL(1.0),KOR,M,N,CPI,IX,CP11,N,_Z,2017-10,105.5677,A,,2015,,2
OECD.SDD.TPS:DSD_PRICES@DF_PRICES_ALL(1.0),KOR,M,N,CPI,IX,CP11,N,_Z,2017-11,105.6678,A,,2015,,2
OECD.SDD.TPS:DSD_PRICES@DF_PRICES_ALL(1.0),KOR,M,N,CPI,IX,CP11,N,_Z,2017-12,106.0679,A,,2015,,2
OECD.SDD.TPS:DSD_PRICES@DF_PRICES_ALL(1.0),KOR,M,N,CPI,IX,CP11,N,_Z,2018-01,106.548,A,,2015,,2
OECD.SDD.TPS:DSD_PRICES@DF_PRICES_ALL(1.0),KOR,M,N,CPI,IX,CP11,N,_Z,2018-02,106.9382,A,,2015,,2
OECD.SDD.TPS:DSD_PRICES@DF_PRICES_ALL(1.0),KOR,M,N,CPI,IX,CP11,N,_Z,2018-03,107.2883,A,,2015,,2
OECD.SDD.TPS:DSD_PRICES@DF_PRICES_ALL(1.0),KOR,M,N,CPI,IX,CP11,N,_Z,2018-04,107.6984,A,,2015,,2
OECD.SDD.TPS:DSD_PRICES@DF_PRICES_ALL(1.0),KOR,M,N,CPI,IX,CP11,N,_Z,2018-05,108.0685,A,,2015,,2
OECD.SDD.TPS:DSD_PRICES@DF_PRICES_ALL(1.0),KOR,M,N,CPI,IX,CP11,N,_Z,2018-06,108.1685,A,,2015,,2
OECD.SDD.TPS:DSD_PRICES@DF_PRICES_ALL(1.0),KOR,M,N,CPI,IX,CP11,N,_Z,2018-07,108.5175,A,,2015,,2
OECD.SDD.TPS:DSD_PRICES@DF_PRICES_ALL(1.0),KOR,M,N,CPI,IX,CP11,N,_Z,2018-08,108.7576,A,,2015,,2
OECD.SDD.TPS:DSD_PRICES@DF_PRICES_ALL(1.0),KOR,M,N,CPI,IX,CP11,N,_Z,2018-09,108.5775,A,,2015,,2
OECD.SDD.TPS:DSD_PRICES@DF_PRICES_ALL(1.0),KOR,M,N,CPI,IX,CP11,N,_Z,2018-10,108.7376,A,,2015,,2
OECD.SDD.TPS:DSD_PRICES@DF_PRICES_ALL(1.0),KOR,M,N,CPI,IX,CP11,N,_Z,2018-11,108.9576,A,,2015,,2
OECD.SDD.TPS:DSD_PRICES@DF_PRICES_ALL(1.0),KOR,M,N,CPI,IX,CP11,N,_Z,2018-12,109.3478,A,,2015,,2
OECD.SDD.TPS:DSD_PRICES@DF_PRICES_ALL(1.0),KOR,M,N,CPI,IX,CP11,N,_Z,2019-01,109.6979,A,,2015,,2
OECD.SDD.TPS:DSD_PRICES@DF_PRICES_ALL(1.0),KOR,M,N,CPI,IX,CP11,N,_Z,2019-02,109.8879,A,,2015,,2
OECD.SDD.TPS:DSD_PRICES@DF_PRICES_ALL(1.0),KOR,M,N,CPI,IX,CP11,N,_Z,2019-03,109.6278,A,,2015,,2
OECD.SDD.TPS:DSD_PRICES@DF_PRICES_ALL(1.0),KOR,M,N,CPI,IX,CP11,N,_Z,2019-04,109.7979,A,,2015,,2
OECD.SDD.TPS:DSD_PRICES@DF_PRICES_ALL(1.0),KOR,M,N,CPI,IX,CP11,N,_Z,2019-05,110.0079,A,,2015,,2
OECD.SDD.TPS:DSD_PRICES@DF_PRICES_ALL(1.0),KOR,M,N,CPI,IX,CP11,N,_Z,2019-06,110.108,A,,2015,,2
OECD.SDD.TPS:DSD_PRICES@DF_PRICES_ALL(1.0),KOR,M,N,CPI,IX,CP11,N,_Z,2019-07,110.348,A,,2015,,2
OECD.SDD.TPS:DSD_PRICES@DF_PRICES_ALL(1.0),KOR,M,N,CPI,IX,CP11,N,_Z,2019-08,110.6381,A,,2015,,2
OECD.SDD.TPS:DSD_PRICES@DF_PRICES_ALL(1.0),KOR,M,N,CPI,IX,CP11,N,_Z,2019-09,110.088,A,,2015,,2
OECD.SDD.TPS:DSD_PRICES@DF_PRICES_ALL(1.0),KOR,M,N,CPI,IX,CP11,N,_Z,2019-10,110.268,A,,2015,,2
OECD.SDD.TPS:DSD_PRICES@DF_PRICES_ALL(1.0),KOR,M,N,CPI,IX,CP11,N,_Z,2019-11,110.288,A,,2015,,2
OECD.SDD.TPS:DSD_PRICES@DF_PRICES_ALL(1.0),KOR,M,N,CPI,IX,CP11,N,_Z,2019-12,110.4481,A,,2015,,2
OECD.SDD.TPS:DSD_PRICES@DF_PRICES_ALL(1.0),KOR,M,N,CPI,IX,CP11,N,_Z,2020-01,110.8326,A,,2015,,2
OECD.SDD.TPS:DSD_PRICES@DF_PRICES_ALL(1.0),KOR,M,N,CPI,IX,CP11,N,_Z,2020-02,110.7548,A,,2015,,2
OECD.SDD.TPS:DSD_PRICES@DF_PRICES_ALL(1.0),KOR,M,N,CPI,IX,CP11,N,_Z,2020-03,110.5881,A,,2015,,2
OECD.SDD.TPS:DSD_PRICES@DF_PRICES_ALL(1.0),KOR,M,N,CPI,IX,CP11,N,_Z,2020-04,110.677,A,,2015,,2
OECD.SDD.TPS:DSD_PRICES@DF_PRICES_ALL(1.0),KOR,M,N,CPI,IX,CP11,N,_Z,2020-05,110.9104,A,,2015,,2
OECD.SDD.TPS:DSD_PRICES@DF_PRICES_ALL(1.0),KOR,M,N,CPI,IX,CP11,N,_Z,2020-06,111.0105,A,,2015,,2
OECD.SDD.TPS:DSD_PRICES@DF_PRICES_ALL(1.0),KOR,M,N,CPI,IX,CP11,N,_Z,2020-07,111.2772,A,,2015,,2
OECD.SDD.TPS:DSD_PRICES@DF_PRICES_ALL(1.0),KOR,M,N,CPI,IX,CP11,N,_Z,2020-08,111.5773,A,,2015,,2
OECD.SDD.TPS:DSD_PRICES@DF_PRICES_ALL(1.0),KOR,M,N,CPI,IX,CP11,N,_Z,2020-09,111.3772,A,,2015,,2
OECD.SDD.TPS:DSD_PRICES@DF_PRICES_ALL(1.0),KOR,M,N,CPI,IX,CP11,N,_Z,2020-10,111.6218,A,,2015,,2
OECD.SDD.TPS:DSD_PRICES@DF_PRICES_ALL(1.0),KOR,M,N,CPI,IX,CP11,N,_Z,2020-11,111.3995,A,,2015,,2
OECD.SDD.TPS:DSD_PRICES@DF_PRICES_ALL(1.0),KOR,M,N,CPI,IX,CP11,N,_Z,2020-12,111.7107,A,,2015,,2
OECD.SDD.TPS:DSD_PRICES@DF_PRICES_ALL(1.0),KOR,M,N,CPI,IX,CP11,N,_Z,2021-01,112.0219,A,,2015,,2
OECD.SDD.TPS:DSD_PRICES@DF_PRICES_ALL(1.0),KOR,M,N,CPI,IX,CP11,N,_Z,2021-02,112.322,A,,2015,,2
OECD.SDD.TPS:DSD_PRICES@DF_PRICES_ALL(1.0),KOR,M,N,CPI,IX,CP11,N,_Z,2021-03,112.7221,A,,2015,,2
OECD.SDD.TPS:DSD_PRICES@DF_PRICES_ALL(1.0),KOR,M,N,CPI,IX,CP11,N,_Z,2021-04,113.3,A,,2015,,2
OECD.SDD.TPS:DSD_PRICES@DF_PRICES_ALL(1.0),KOR,M,N,CPI,IX,CP11,N,_Z,2021-05,113.5112,A,,2015,,2
OECD.SDD.TPS:DSD_PRICES@DF_PRICES_ALL(1.0),KOR,M,N,CPI,IX,CP11,N,_Z,2021-06,113.7224,A,,2015,,2
OECD.SDD.TPS:DSD_PRICES@DF_PRICES_ALL(1.0),KOR,M,N,CPI,IX,CP11,N,_Z,2021-07,114.367,A,,2015,,2
OECD.SDD.TPS:DSD_PRICES@DF_PRICES_ALL(1.0),KOR,M,N,CPI,IX,CP11,N,_Z,2021-08,114.9116,A,,2015,,2
OECD.SDD.TPS:DSD_PRICES@DF_PRICES_ALL(1.0),KOR,M,N,CPI,IX,CP11,N,_Z,2021-09,114.9672,A,,2015,,2
OECD.SDD.TPS:DSD_PRICES@DF_PRICES_ALL(1.0),KOR,M,N,CPI,IX,CP11,N,_Z,2021-10,115.3895,A,,2015,,2
OECD.SDD.TPS:DSD_PRICES@DF_PRICES_ALL(1.0),KOR,M,N,CPI,IX,CP11,N,_Z,2021-11,115.9008,A,,2015,,2
OECD.SDD.TPS:DSD_PRICES@DF_PRICES_ALL(1.0),KOR,M,N,CPI,IX,CP11,N,_Z,2021-12,116.99,A,,2015,,2
OECD.SDD.TPS:DSD_PRICES@DF_PRICES_ALL(1.0),KOR,M,N,CPI,IX,CP11,N,_Z,2022-01,118.1014,A,,2015,,2
OECD.SDD.TPS:DSD_PRICES@DF_PRICES_ALL(1.0),KOR,M,N,CPI,IX,CP11,N,_Z,2022-02,119.0684,A,,2015,,2
OECD.SDD.TPS:DSD_PRICES@DF_PRICES_ALL(1.0),KOR,M,N,CPI,IX,CP11,N,_Z,2022-03,119.9353,A,,2015,,2
OECD.SDD.TPS:DSD_PRICES@DF_PRICES_ALL(1.0),KOR,M,N,CPI,IX,CP11,N,_Z,2022-04,120.6022,A,,2015,,2
OECD.SDD.TPS:DSD_PRICES@DF_PRICES_ALL(1.0),KOR,M,N,CPI,IX,CP11,N,_Z,2022-05,121.7581,A,,2015,,2
OECD.SDD.TPS:DSD_PRICES@DF_PRICES_ALL(1.0),KOR,M,N,CPI,IX,CP11,N,_Z,2022-06,122.6806,A,,2015,,2
OECD.SDD.TPS:DSD_PRICES@DF_PRICES_ALL(1.0),KOR,M,N,CPI,IX,CP11,N,_Z,2022-07,124.0254,A,,2015,,2
OECD.SDD.TPS:DSD_PRICES@DF_PRICES_ALL(1.0),KOR,M,N,CPI,IX,CP11,N,_Z,2022-08,125.1591,A,,2015,,2
OECD.SDD.TPS:DSD_PRICES@DF_PRICES_ALL(1.0),KOR,M,N,CPI,IX,CP11,N,_Z,2022-09,125.1146,A,,2015,,2
OECD.SDD.TPS:DSD_PRICES@DF_PRICES_ALL(1.0),KOR,M,N,CPI,IX,CP11,N,_Z,2022-10,125.5258,A,,2015,,2
OECD.SDD.TPS:DSD_PRICES@DF_PRICES_ALL(1.0),KOR,M,N,CPI,IX,CP11,N,_Z,2022-11,125.7259,A,,2015,,2
OECD.SDD.TPS:DSD_PRICES@DF_PRICES_ALL(1.0),KOR,M,N,CPI,IX,CP11,N,_Z,2022-12,126.515,A,,2015,,2
OECD.SDD.TPS:DSD_PRICES@DF_PRICES_ALL(1.0),KOR,M,N,CPI,IX,CP11,N,_Z,2023-01,127.1597,A,,2015,,2
OECD.SDD.TPS:DSD_PRICES@DF_PRICES_ALL(1.0),KOR,M,N,CPI,IX,CP11,N,_Z,2023-02,127.8154,A,,2015,,2
OECD.SDD.TPS:DSD_PRICES@DF_PRICES_ALL(1.0),KOR,M,N,CPI,IX,CP11,N,_Z,2023-03,128.749,A,,2015,,2
OECD.SDD.TPS:DSD_PRICES@DF_PRICES_ALL(1.0),KOR,M,N,CPI,IX,CP11,N,_Z,2023-04,129.6937,A,,2015,,2
OECD.SDD.TPS:DSD_PRICES@DF_PRICES_ALL(1.0),KOR,M,N,CPI,IX,CP11,N,_Z,2023-05,130.0827,A,,2015,,2
OECD.SDD.TPS:DSD_PRICES@DF_PRICES_ALL(1.0),KOR,M,N,CPI,IX,CP11,N,_Z,2023-06,130.3161,A,,2015,,2
OECD.SDD.TPS:DSD_PRICES@DF_PRICES_ALL(1.0),KOR,M,N,CPI,IX,CP11,N,_Z,2023-07,131.083,A,,2015,,2
OECD.SDD.TPS:DSD_PRICES@DF_PRICES_ALL(1.0),KOR,M,N,CPI,IX,CP11,N,_Z,2023-08,131.5943,A,,2015,,2
OECD.SDD.TPS:DSD_PRICES@DF_PRICES_ALL(1.0),KOR,M,N,CPI,IX,CP11,N,_Z,2023-09,131.1053,A,,2015,,2
OECD.SDD.TPS:DSD_PRICES@DF_PRICES_ALL(1.0),KOR,M,N,CPI,IX,CP11,N,_Z,2023-10,131.3498,A,,2015,,2
OECD.SDD.TPS:DSD_PRICES@DF_PRICES_ALL(1.0),KOR,M,N,CPI,IX,CP11,N,_Z,2023-11,131.5721,A,,2015,,2
OECD.SDD.TPS:DSD_PRICES@DF_PRICES_ALL(1.0),KOR,M,N,CPI,IX,CP11,N,_Z,2023-12,132.1278,A,,2015,,2
OECD.SDD.TPS:DSD_PRICES@DF_PRICES_ALL(1.0),KOR,M,N,CPI,IX,CP11,N,_Z,2024-01,132.3612,A,,2015,,2
OECD.SDD.TPS:DSD_PRICES@DF_PRICES_ALL(1.0),KOR,M,N,CPI,IX,CP11,N,_Z,2024-02,132.6946,A,,2015,,2
OECD.SDD.TPS:DSD_PRICES@DF_PRICES_ALL(1.0),KOR,M,N,CPI,IX,CP11,N,_Z,2024-03,133.1281,A,,2015,,2
OECD.SDD.TPS:DSD_PRICES@DF_PRICES_ALL(1.0),KOR,M,N,CPI,IX,CP11,N,_Z,2024-04,133.5282,A,,2015,,2
OECD.SDD.TPS:DSD_PRICES@DF_PRICES_ALL(1.0),KOR,M,N,CPI,IX,CP11,N,_Z,2024-05,133.795,A,,2015,,2
OECD.SDD.TPS:DSD_PRICES@DF_PRICES_ALL(1.0),KOR,M,N,CPI,IX,CP11,N,_Z,2024-06,134.2284,A,,2015,,2
OECD.SDD.TPS:DSD_PRICES@DF_PRICES_ALL(1.0),KOR,M,N,CPI,IX,CP11,N,_Z,2024-07,134.8397,A,,2015,,2
OECD.SDD.TPS:DSD_PRICES@DF_PRICES_ALL(1.0),KOR,M,N,CPI,IX,CP11,N,_Z,2024-08,135.2065,A,,2015,,2
OECD.SDD.TPS:DSD_PRICES@DF_PRICES_ALL(1.0),KOR,M,N,CPI,IX,CP11,N,_Z,2024-09,134.5063,A,,2015,,2
OECD.SDD.TPS:DSD_PRICES@DF_PRICES_ALL(1.0),KOR,M,N,CPI,IX,CP11,N,_Z,2024-10,135.1842,A,,2015,,2
OECD.SDD.TPS:DSD_PRICES@DF_PRICES_ALL(1.0),KOR,M,N,CPI,IX,CP11,N,_Z,2024-11,135.451,A,,2015,,2
OECD.SDD.TPS:DSD_PRICES@DF_PRICES_ALL(1.0),KOR,M,N,CPI,IX,CP11,N,_Z,2024-12,135.7955,A,,2015,,2
OECD.SDD.TPS:DSD_PRICES@DF_PRICES_ALL(1.0),KOR,M,N,CPI,IX,CP11,N,_Z,2025-01,136.3179,A,,2015,,2
OECD.SDD.TPS:DSD_PRICES@DF_PRICES_ALL(1.0),KOR,M,N,CPI,IX,CP11,N,_Z,2025-02,136.5513,A,,2015,,2
OECD.SDD.TPS:DSD_PRICES@DF_PRICES_ALL(1.0),KOR,M,N,CPI,IX,CP11,N,_Z,2025-03,137.1293,A,,2015,,2
OECD.SDD.TPS:DSD_PRICES@DF_PRICES_ALL(1.0),KOR,M,N,CPI,IX,CP11,N,_Z,2025-04,137.8072,A,,2015,,2
OECD.SDD.TPS:DSD_PRICES@DF_PRICES_ALL(1.0),KOR,M,N,CPI,IX,CP11,N,_Z,2025-05,138.2074,A,,2015,,2
OECD.SDD.TPS:DSD_PRICES@DF_PRICES_ALL(1.0),KOR,M,N,CPI,IX,CP11,N,_Z,2025-06,138.2518,A,,2015,,2
OECD.SDD.TPS:DSD_PRICES@DF_PRICES_ALL(1.0),KOR,M,N,CPI,IX,CP11,N,_Z,2025-07,139.0965,A,,2015,,2
OECD.SDD.TPS:DSD_PRICES@DF_PRICES_ALL(1.0),KOR,M,N,CPI,IX,CP11,N,_Z,2025-08,139.4411,A,,2015,,2
OECD.SDD.TPS:DSD_PRICES@DF_PRICES_ALL(1.0),KOR,M,N,CPI,IX,CP11,N,_Z,2025-09,138.9854,A,,2015,,2
OECD.SDD.TPS:DSD_PRICES@DF_PRICES_ALL(1.0),KOR,M,N,CPI,IX,CP11,N,_Z,2025-10,139.5078,A,,2015,,2
OECD.SDD.TPS:DSD_PRICES@DF_PRICES_ALL(1.0),KOR,M,N,CPI,IX,CP11,N,_Z,2025-11,139.3744,A,,2015,,2
OECD.SDD.TPS:DSD_PRICES@DF_PRICES_ALL(1.0),KOR,M,N,CPI,IX,CP11,N,_Z,2025-12,139.8634,A,,2015,,2
OECD.SDD.TPS:DSD_PRICES@DF_PRICES_ALL(1.0),KOR,M,N,CPI,IX,CP11,N,_Z,2026-01,140.1524,A,,2015,,2
OECD.SDD.TPS:DSD_PRICES@DF_PRICES_ALL(1.0),KOR,M,N,CPI,IX,CP11,N,_Z,2026-02,140.697,A,,2015,,2
OECD.SDD.TPS:DSD_PRICES@DF_PRICES_ALL(1.0),KOR,M,N,CPI,IX,CP11,N,_Z,2026-03,140.8859,A,,2015,,2
OECD.SDD.TPS:DSD_PRICES@DF_PRICES_ALL(1.0),KOR,M,N,CPI,IX,CP11,N,_Z,2026-04,141.4417,A,,2015,,2
OECD.SDD.TPS:DSD_PRICES@DF_PRICES_ALL(1.0),KOR,M,N,CPI,IX,CP11,N,_Z,2026-05,141.8751,A,,2015,,2
OECD.SDD.TPS:DSD_PRICES@DF_PRICES_ALL(1.0),USA,M,N,CPI,IX,_T,N,_Z,2026-08,141.3316,A,,2015,,2
OECD.SDD.TPS:DSD_PRICES@DF_PRICES_ALL(1.0),KOR,M,N,CPI,IX,CP11,N,_Z,2026-08,143.4089,A,,2015,,2
OECD.SDD.TPS:DSD_PRICES@DF_PRICES_ALL(1.0),KOR,M,N,CPI,IX,_T,N,_Z,2026-08,126.5537,A,,2015,,2
OECD.SDD.TPS:DSD_PRICES@DF_PRICES_ALL(1.0),KOR,M,N,CPI,IX,CP01,N,_Z,2026-08,145.6935,A,,2015,,2
OECD.SDD.TPS:DSD_PRICES@DF_PRICES_ALL(1.0),KOR,M,N,CPI,IX,CP045,N,_Z,2026-08,119.6906,A,,2015,,2
OECD.SDD.TPS:DSD_PRICES@DF_PRICES_ALL(1.0),KOR,M,N,CPI,IX,CP045,N,_Z,2026-07,119.665,A,,2015,,2
OECD.SDD.TPS:DSD_PRICES@DF_PRICES_ALL(1.0),KOR,M,N,CPI,IX,CP01,N,_Z,2026-07,144.1828,A,,2015,,2
OECD.SDD.TPS:DSD_PRICES@DF_PRICES_ALL(1.0),KOR,M,N,CPI,IX,_T,N,_Z,2026-07,126.2585,A,,2015,,2
OECD.SDD.TPS:DSD_PRICES@DF_PRICES_ALL(1.0),KOR,M,N,CPI,IX,CP11,N,_Z,2026-07,142.9421,A,,2015,,2
OECD.SDD.TPS:DSD_PRICES@DF_PRICES_ALL(1.0),USA,M,N,CPI,IX,_T,N,_Z,2026-07,140.8836,A,,2015,,2
OECD.SDD.TPS:DSD_PRICES@DF_PRICES_ALL(1.0),GBR,M,N,CPI,IX,CP11,N,_Z,2026-07,157.1,A,,2015,,2
OECD.SDD.TPS:DSD_PRICES@DF_PRICES_ALL(1.0),GBR,M,N,CPI,IX,CP045,N,_Z,2026-07,179.7,A,,2015,,2
OECD.SDD.TPS:DSD_PRICES@DF_PRICES_ALL(1.0),GBR,M,N,CPI,IX,CP01,N,_Z,2026-07,144.4,A,,2015,,2
OECD.SDD.TPS:DSD_PRICES@DF_PRICES_ALL(1.0),GBR,M,N,CPI,IX,_T,N,_Z,2026-07,142.7,A,,2015,,2
OECD.SDD.TPS:DSD_PRICES@DF_PRICES_ALL(1.0),GBR,M,N,CPI,IX,_T,N,_Z,2026-06,142.3,A,,2015,,2
OECD.SDD.TPS:DSD_PRICES@DF_PRICES_ALL(1.0),GBR,M,N,CPI,IX,CP01,N,_Z,2026-06,144.4,A,,2015,,2
OECD.SDD.TPS:DSD_PRICES@DF_PRICES_ALL(1.0),GBR,M,N,CPI,IX,CP045,N,_Z,2026-06,167.9,A,,2015,,2
OECD.SDD.TPS:DSD_PRICES@DF_PRICES_ALL(1.0),GBR,M,N,CPI,IX,CP11,N,_Z,2026-06,157.1,A,,2015,,2
OECD.SDD.TPS:DSD_PRICES@DF_PRICES_ALL(1.0),KOR,M,N,CPI,IX,CP11,N,_Z,2026-06,141.9307,A,,2015,,2
OECD.SDD.TPS:DSD_PRICES@DF_PRICES_ALL(1.0),KOR,M,N,CPI,IX,_T,N,_Z,2026-06,126.4904,A,,2015,,2
OECD.SDD.TPS:DSD_PRICES@DF_PRICES_ALL(1.0),KOR,M,N,CPI,IX,CP01,N,_Z,2026-06,144.5576,A,,2015,,2
OECD.SDD.TPS:DSD_PRICES@DF_PRICES_ALL(1.0),KOR,M,N,CPI,IX,CP045,N,_Z,2026-06,126.5725,A,,2015,,2
OECD.SDD.TPS:DSD_PRICES@DF_PRICES_ALL(1.0),USA,M,N,CPI,IX,_T,N,_Z,2026-06,140.8979,A,,2015,,2
OECD.SDD.TPS:DSD_PRICES@DF_PRICES_ALL(1.0),USA,M,N,CPI,IX,CP01,N,_Z,2025-01,128.4282,E,,2015,,2
OECD.SDD.TPS:DSD_PRICES@DF_PRICES_ALL(1.0),USA,M,N,CPI,IX,CP01,N,_Z,2025-02,128.5719,E,,2015,,2
OECD.SDD.TPS:DSD_PRICES@DF_PRICES_ALL(1.0),USA,M,N,CPI,IX,CP01,N,_Z,2025-03,129.2043,E,,2015,,2
OECD.SDD.TPS:DSD_PRICES@DF_PRICES_ALL(1.0),USA,M,N,CPI,IX,CP01,N,_Z,2025-04,128.8016,E,,2015,,2
OECD.SDD.TPS:DSD_PRICES@DF_PRICES_ALL(1.0),USA,M,N,CPI,IX,CP01,N,_Z,2025-05,129.0704,E,,2015,,2
OECD.SDD.TPS:DSD_PRICES@DF_PRICES_ALL(1.0),USA,M,N,CPI,IX,CP01,N,_Z,2025-06,129.2923,E,,2015,,2
OECD.SDD.TPS:DSD_PRICES@DF_PRICES_ALL(1.0),USA,M,N,CPI,IX,CP01,N,_Z,2025-07,129.3893,E,,2015,,2
OECD.SDD.TPS:DSD_PRICES@DF_PRICES_ALL(1.0),USA,M,N,CPI,IX,CP01,N,_Z,2025-08,129.9448,E,,2015,,2
OECD.SDD.TPS:DSD_PRICES@DF_PRICES_ALL(1.0),USA,M,N,CPI,IX,CP01,N,_Z,2025-09,130.5371,E,,2015,,2
OECD.SDD.TPS:DSD_PRICES@DF_PRICES_ALL(1.0),USA,M,N,CPI,IX,CP01,N,_Z,2025-11,129.6747,E,,2015,,2
OECD.SDD.TPS:DSD_PRICES@DF_PRICES_ALL(1.0),USA,M,N,CPI,IX,CP01,N,_Z,2025-12,130.381,E,,2015,,2
OECD.SDD.TPS:DSD_PRICES@DF_PRICES_ALL(1.0),USA,M,N,CPI,IX,CP01,N,_Z,2026-01,131.1108,E,,2015,,2
OECD.SDD.TPS:DSD_PRICES@DF_PRICES_ALL(1.0),USA,M,N,CPI,IX,CP01,N,_Z,2026-02,131.7167,E,,2015,,2
OECD.SDD.TPS:DSD_PRICES@DF_PRICES_ALL(1.0),USA,M,N,CPI,IX,CP01,N,_Z,2026-03,131.6577,E,,2015,,2
OECD.SDD.TPS:DSD_PRICES@DF_PRICES_ALL(1.0),USA,M,N,CPI,IX,CP01,N,_Z,2026-04,132.5267,E,,2015,,2
OECD.SDD.TPS:DSD_PRICES@DF_PRICES_ALL(1.0),USA,M,N,CPI,IX,CP01,N,_Z,2026-05,132.6044,E,,2015,,2
OECD.SDD.TPS:DSD_PRICES@DF_PRICES_ALL(1.0),USA,M,N,CPI,IX,CP01,N,_Z,2026-06,132.8456,E,,2015,,2
OECD.SDD.TPS:DSD_PRICES@DF_PRICES_ALL(1.0),USA,M,N,CPI,IX,CP01,N,_Z,2026-07,132.8505,E,,2015,,2
OECD.SDD.TPS:DSD_PRICES@DF_PRICES_ALL(1.0),USA,M,N,CPI,IX,CP01,N,_Z,2026-08,132.7915,E,,2015,,2
OECD.SDD.TPS:DSD_PRICES@DF_PRICES_ALL(1.0),FRA,M,N,CPI,IX,CP045,N,_Z,2014-01,101.8,A,,2015,,2
OECD.SDD.TPS:DSD_PRICES@DF_PRICES_ALL(1.0),FRA,M,N,CPI,IX,CP045,N,_Z,2014-02,101.88,A,,2015,,2
OECD.SDD.TPS:DSD_PRICES@DF_PRICES_ALL(1.0),FRA,M,N,CPI,IX,CP045,N,_Z,2014-03,101.33,A,,2015,,2
OECD.SDD.TPS:DSD_PRICES@DF_PRICES_ALL(1.0),FRA,M,N,CPI,IX,CP045,N,_Z,2014-04,101.2,A,,2015,,2
OECD.SDD.TPS:DSD_PRICES@DF_PRICES_ALL(1.0),FRA,M,N,CPI,IX,CP045,N,_Z,2014-05,100.0,A,,2015,,2
OECD.SDD.TPS:DSD_PRICES@DF_PRICES_ALL(1.0),FRA,M,N,CPI,IX,CP045,N,_Z,2014-06,99.7,A,,2015,,2
OECD.SDD.TPS:DSD_PRICES@DF_PRICES_ALL(1.0),FRA,M,N,CPI,IX,CP045,N,_Z,2014-07,99.69,A,,2015,,2
OECD.SDD.TPS:DSD_PRICES@DF_PRICES_ALL(1.0),FRA,M,N,CPI,IX,CP045,N,_Z,2014-08,99.27,A,,2015,,2
OECD.SDD.TPS:DSD_PRICES@DF_PRICES_ALL(1.0),FRA,M,N,CPI,IX,CP045,N,_Z,2014-09,99.12,A,,2015,,2
OECD.SDD.TPS:DSD_PRICES@DF_PRICES_ALL(1.0),FRA,M,N,CPI,IX,CP045,N,_Z,2014-10,100.65,A,,2015,,2
OECD.SDD.TPS:DSD_PRICES@DF_PRICES_ALL(1.0),FRA,M,N,CPI,IX,CP045,N,_Z,2014-11,101.69,A,,2015,,2
OECD.SDD.TPS:DSD_PRICES@DF_PRICES_ALL(1.0),FRA,M,N,CPI,IX,CP045,N,_Z,2014-12,100.51,A,,2015,,2
OECD.SDD.TPS:DSD_PRICES@DF_PRICES_ALL(1.0),FRA,M,N,CPI,IX,CP045,N,_Z,2015-01,101.0,A,,2015,,2
OECD.SDD.TPS:DSD_PRICES@DF_PRICES_ALL(1.0),FRA,M,N,CPI,IX,CP045,N,_Z,2015-02,101.64,A,,2015,,2
OECD.SDD.TPS:DSD_PRICES@DF_PRICES_ALL(1.0),FRA,M,N,CPI,IX,CP045,N,_Z,2015-03,101.06,A,,2015,,2
OECD.SDD.TPS:DSD_PRICES@DF_PRICES_ALL(1.0),FRA,M,N,CPI,IX,CP045,N,_Z,2015-04,101.09,A,,2015,,2
OECD.SDD.TPS:DSD_PRICES@DF_PRICES_ALL(1.0),FRA,M,N,CPI,IX,CP045,N,_Z,2015-05,100.29,A,,2015,,2
OECD.SDD.TPS:DSD_PRICES@DF_PRICES_ALL(1.0),FRA,M,N,CPI,IX,CP045,N,_Z,2015-06,99.94,A,,2015,,2
OECD.SDD.TPS:DSD_PRICES@DF_PRICES_ALL(1.0),FRA,M,N,CPI,IX,CP045,N,_Z,2015-07,99.0,A,,2015,,2
OECD.SDD.TPS:DSD_PRICES@DF_PRICES_ALL(1.0),FRA,M,N,CPI,IX,CP045,N,_Z,2015-08,99.08,A,,2015,,2
OECD.SDD.TPS:DSD_PRICES@DF_PRICES_ALL(1.0),FRA,M,N,CPI,IX,CP045,N,_Z,2015-09,99.36,A,,2015,,2
OECD.SDD.TPS:DSD_PRICES@DF_PRICES_ALL(1.0),FRA,M,N,CPI,IX,CP045,N,_Z,2015-10,99.67,A,,2015,,2
OECD.SDD.TPS:DSD_PRICES@DF_PRICES_ALL(1.0),FRA,M,N,CPI,IX,CP045,N,_Z,2015-11,99.36,A,,2015,,2
OECD.SDD.TPS:DSD_PRICES@DF_PRICES_ALL(1.0),FRA,M,N,CPI,IX,CP045,N,_Z,2015-12,98.51,A,,2015,,2
OECD.SDD.TPS:DSD_PRICES@DF_PRICES_ALL(1.0),FRA,M,N,CPI,IX,CP045,N,_Z,2016-01,98.8,A,,2015,,2
OECD.SDD.TPS:DSD_PRICES@DF_PRICES_ALL(1.0),FRA,M,N,CPI,IX,CP045,N,_Z,2016-02,98.13,A,,2015,,2
OECD.SDD.TPS:DSD_PRICES@DF_PRICES_ALL(1.0),FRA,M,N,CPI,IX,CP045,N,_Z,2016-03,97.94,A,,2015,,2
OECD.SDD.TPS:DSD_PRICES@DF_PRICES_ALL(1.0),FRA,M,N,CPI,IX,CP045,N,_Z,2016-04,97.12,A,,2015,,2
OECD.SDD.TPS:DSD_PRICES@DF_PRICES_ALL(1.0),FRA,M,N,CPI,IX,CP045,N,_Z,2016-05,97.99,A,,2015,,2
OECD.SDD.TPS:DSD_PRICES@DF_PRICES_ALL(1.0),FRA,M,N,CPI,IX,CP045,N,_Z,2016-06,98.64,A,,2015,,2
OECD.SDD.TPS:DSD_PRICES@DF_PRICES_ALL(1.0),FRA,M,N,CPI,IX,CP045,N,_Z,2016-07,98.2,A,,2015,,2
OECD.SDD.TPS:DSD_PRICES@DF_PRICES_ALL(1.0),FRA,M,N,CPI,IX,CP045,N,_Z,2016-08,97.96,A,,2015,,2
OECD.SDD.TPS:DSD_PRICES@DF_PRICES_ALL(1.0),FRA,M,N,CPI,IX,CP045,N,_Z,2016-09,98.42,A,,2015,,2
OECD.SDD.TPS:DSD_PRICES@DF_PRICES_ALL(1.0),FRA,M,N,CPI,IX,CP045,N,_Z,2016-10,98.92,A,,2015,,2
OECD.SDD.TPS:DSD_PRICES@DF_PRICES_ALL(1.0),FRA,M,N,CPI,IX,CP045,N,_Z,2016-11,99.63,A,,2015,,2
OECD.SDD.TPS:DSD_PRICES@DF_PRICES_ALL(1.0),FRA,M,N,CPI,IX,CP045,N,_Z,2016-12,100.64,A,,2015,,2
OECD.SDD.TPS:DSD_PRICES@DF_PRICES_ALL(1.0),FRA,M,N,CPI,IX,CP045,N,_Z,2017-01,103.05,A,,2015,,2
OECD.SDD.TPS:DSD_PRICES@DF_PRICES_ALL(1.0),FRA,M,N,CPI,IX,CP045,N,_Z,2017-02,102.92,A,,2015,,2
OECD.SDD.TPS:DSD_PRICES@DF_PRICES_ALL(1.0),FRA,M,N,CPI,IX,CP045,N,_Z,2017-03,103.28,A,,2015,,2
OECD.SDD.TPS:DSD_PRICES@DF_PRICES_ALL(1.0),FRA,M,N,CPI,IX,CP045,N,_Z,2017-04,102.9,A,,2015,,2
OECD.SDD.TPS:DSD_PRICES@DF_PRICES_ALL(1.0),FRA,M,N,CPI,IX,CP045,N,_Z,2017-05,101.72,A,,2015,,2
OECD.SDD.TPS:DSD_PRICES@DF_PRICES_ALL(1.0),FRA,M,N,CPI,IX,CP045,N,_Z,2017-06,101.32,A,,2015,,2
OECD.SDD.TPS:DSD_PRICES@DF_PRICES_ALL(1.0),FRA,M,N,CPI,IX,CP045,N,_Z,2017-07,100.01,A,,2015,,2
OECD.SDD.TPS:DSD_PRICES@DF_PRICES_ALL(1.0),FRA,M,N,CPI,IX,CP045,N,_Z,2017-08,100.85,A,,2015,,2
OECD.SDD.TPS:DSD_PRICES@DF_PRICES_ALL(1.0),FRA,M,N,CPI,IX,CP045,N,_Z,2017-09,101.24,A,,2015,,2
OECD.SDD.TPS:DSD_PRICES@DF_PRICES_ALL(1.0),FRA,M,N,CPI,IX,CP045,N,_Z,2017-10,102.15,A,,2015,,2
OECD.SDD.TPS:DSD_PRICES@DF_PRICES_ALL(1.0),FRA,M,N,CPI,IX,CP045,N,_Z,2017-11,102.99,A,,2015,,2
OECD.SDD.TPS:DSD_PRICES@DF_PRICES_ALL(1.0),FRA,M,N,CPI,IX,CP045,N,_Z,2017-12,103.59,A,,2015,,2
OECD.SDD.TPS:DSD_PRICES@DF_PRICES_ALL(1.0),FRA,M,N,CPI,IX,CP045,N,_Z,2018-01,106.62,A,,2015,,2
OECD.SDD.TPS:DSD_PRICES@DF_PRICES_ALL(1.0),FRA,M,N,CPI,IX,CP045,N,_Z,2018-02,106.97,A,,2015,,2
OECD.SDD.TPS:DSD_PRICES@DF_PRICES_ALL(1.0),FRA,M,N,CPI,IX,CP045,N,_Z,2018-03,106.21,A,,2015,,2
OECD.SDD.TPS:DSD_PRICES@DF_PRICES_ALL(1.0),FRA,M,N,CPI,IX,CP045,N,_Z,2018-04,106.22,A,,2015,,2
OECD.SDD.TPS:DSD_PRICES@DF_PRICES_ALL(1.0),FRA,M,N,CPI,IX,CP045,N,_Z,2018-05,107.02,A,,2015,,2
OECD.SDD.TPS:DSD_PRICES@DF_PRICES_ALL(1.0),FRA,M,N,CPI,IX,CP045,N,_Z,2018-06,107.7,A,,2015,,2
OECD.SDD.TPS:DSD_PRICES@DF_PRICES_ALL(1.0),FRA,M,N,CPI,IX,CP045,N,_Z,2018-07,109.52,A,,2015,,2
OECD.SDD.TPS:DSD_PRICES@DF_PRICES_ALL(1.0),FRA,M,N,CPI,IX,CP045,N,_Z,2018-08,109.31,A,,2015,,2
OECD.SDD.TPS:DSD_PRICES@DF_PRICES_ALL(1.0),FRA,M,N,CPI,IX,CP045,N,_Z,2018-09,109.94,A,,2015,,2
OECD.SDD.TPS:DSD_PRICES@DF_PRICES_ALL(1.0),FRA,M,N,CPI,IX,CP045,N,_Z,2018-10,111.55,A,,2015,,2
OECD.SDD.TPS:DSD_PRICES@DF_PRICES_ALL(1.0),FRA,M,N,CPI,IX,CP045,N,_Z,2018-11,113.12,A,,2015,,2
OECD.SDD.TPS:DSD_PRICES@DF_PRICES_ALL(1.0),FRA,M,N,CPI,IX,CP045,N,_Z,2018-12,111.97,A,,2015,,2
OECD.SDD.TPS:DSD_PRICES@DF_PRICES_ALL(1.0),FRA,M,N,CPI,IX,CP045,N,_Z,2019-01,110.8,A,,2015,,2
OECD.SDD.TPS:DSD_PRICES@DF_PRICES_ALL(1.0),FRA,M,N,CPI,IX,CP045,N,_Z,2019-02,111.41,A,,2015,,2
OECD.SDD.TPS:DSD_PRICES@DF_PRICES_ALL(1.0),FRA,M,N,CPI,IX,CP045,N,_Z,2019-03,111.79,A,,2015,,2
OECD.SDD.TPS:DSD_PRICES@DF_PRICES_ALL(1.0),FRA,M,N,CPI,IX,CP045,N,_Z,2019-04,111.18,A,,2015,,2
OECD.SDD.TPS:DSD_PRICES@DF_PRICES_ALL(1.0),FRA,M,N,CPI,IX,CP045,N,_Z,2019-05,111.29,A,,2015,,2
OECD.SDD.TPS:DSD_PRICES@DF_PRICES_ALL(1.0),FRA,M,N,CPI,IX,CP045,N,_Z,2019-06,113.87,A,,2015,,2
OECD.SDD.TPS:DSD_PRICES@DF_PRICES_ALL(1.0),FRA,M,N,CPI,IX,CP045,N,_Z,2019-07,112.23,A,,2015,,2
OECD.SDD.TPS:DSD_PRICES@DF_PRICES_ALL(1.0),FRA,M,N,CPI,IX,CP045,N,_Z,2019-08,112.79,A,,2015,,2
OECD.SDD.TPS:DSD_PRICES@DF_PRICES_ALL(1.0),FRA,M,N,CPI,IX,CP045,N,_Z,2019-09,112.73,A,,2015,,2
OECD.SDD.TPS:DSD_PRICES@DF_PRICES_ALL(1.0),FRA,M,N,CPI,IX,CP045,N,_Z,2019-10,112.51,A,,2015,,2
OECD.SDD.TPS:DSD_PRICES@DF_PRICES_ALL(1.0),FRA,M,N,CPI,IX,CP045,N,_Z,2019-11,112.93,A,,2015,,2
OECD.SDD.TPS:DSD_PRICES@DF_PRICES_ALL(1.0),FRA,M,N,CPI,IX,CP045,N,_Z,2019-12,113.39,A,,2015,,2
OECD.SDD.TPS:DSD_PRICES@DF_PRICES_ALL(1.0),FRA,M,N,CPI,IX,CP045,N,_Z,2020-01,113.79,A,,2015,,2
OECD.SDD.TPS:DSD_PRICES@DF_PRICES_ALL(1.0),FRA,M,N,CPI,IX,CP045,N,_Z,2020-02,113.37,A,,2015,,2
OECD.SDD.TPS:DSD_PRICES@DF_PRICES_ALL(1.0),FRA,M,N,CPI,IX,CP045,N,_Z,2020-03,111.39,A,,2015,,2
OECD.SDD.TPS:DSD_PRICES@DF_PRICES_ALL(1.0),FRA,M,N,CPI,IX,CP045,N,_Z,2020-04,109.31,A,,2015,,2
OECD.SDD.TPS:DSD_PRICES@DF_PRICES_ALL(1.0),FRA,M,N,CPI,IX,CP045,N,_Z,2020-05,108.0,A,,2015,,2
OECD.SDD.TPS:DSD_PRICES@DF_PRICES_ALL(1.0),FRA,M,N,CPI,IX,CP045,N,_Z,2020-06,108.22,A,,2015,,2
OECD.SDD.TPS:DSD_PRICES@DF_PRICES_ALL(1.0),FRA,M,N,CPI,IX,CP045,N,_Z,2020-07,108.04,A,,2015,,2
OECD.SDD.TPS:DSD_PRICES@DF_PRICES_ALL(1.0),FRA,M,N,CPI,IX,CP045,N,_Z,2020-08,108.99,A,,2015,,2
OECD.SDD.TPS:DSD_PRICES@DF_PRICES_ALL(1.0),FRA,M,N,CPI,IX,CP045,N,_Z,2020-09,108.82,A,,2015,,2
OECD.SDD.TPS:DSD_PRICES@DF_PRICES_ALL(1.0),FRA,M,N,CPI,IX,CP045,N,_Z,2020-10,109.36,A,,2015,,2
OECD.SDD.TPS:DSD_PRICES@DF_PRICES_ALL(1.0),FRA,M,N,CPI,IX,CP045,N,_Z,2020-11,109.95,A,,2015,,2
OECD.SDD.TPS:DSD_PRICES@DF_PRICES_ALL(1.0),FRA,M,N,CPI,IX,CP045,N,_Z,2020-12,110.85,A,,2015,,2
OECD.SDD.TPS:DSD_PRICES@DF_PRICES_ALL(1.0),FRA,M,N,CPI,IX,CP045,N,_Z,2021-01,111.91,A,,2015,,2
OECD.SDD.TPS:DSD_PRICES@DF_PRICES_ALL(1.0),FRA,M,N,CPI,IX,CP045,N,_Z,2021-02,114.02,A,,2015,,2
OECD.SDD.TPS:DSD_PRICES@DF_PRICES_ALL(1.0),FRA,M,N,CPI,IX,CP045,N,_Z,2021-03,115.84,A,,2015,,2
OECD.SDD.TPS:DSD_PRICES@DF_PRICES_ALL(1.0),FRA,M,N,CPI,IX,CP045,N,_Z,2021-04,115.0,A,,2015,,2
OECD.SDD.TPS:DSD_PRICES@DF_PRICES_ALL(1.0),FRA,M,N,CPI,IX,CP045,N,_Z,2021-05,115.45,A,,2015,,2
OECD.SDD.TPS:DSD_PRICES@DF_PRICES_ALL(1.0),FRA,M,N,CPI,IX,CP045,N,_Z,2021-06,116.61,A,,2015,,2
OECD.SDD.TPS:DSD_PRICES@DF_PRICES_ALL(1.0),FRA,M,N,CPI,IX,CP045,N,_Z,2021-07,119.18,A,,2015,,2
OECD.SDD.TPS:DSD_PRICES@DF_PRICES_ALL(1.0),FRA,M,N,CPI,IX,CP045,N,_Z,2021-08,120.58,A,,2015,,2
OECD.SDD.TPS:DSD_PRICES@DF_PRICES_ALL(1.0),FRA,M,N,CPI,IX,CP045,N,_Z,2021-09,122.68,A,,2015,,2
OECD.SDD.TPS:DSD_PRICES@DF_PRICES_ALL(1.0),FRA,M,N,CPI,IX,CP045,N,_Z,2021-10,128.39,A,,2015,,2
OECD.SDD.TPS:DSD_PRICES@DF_PRICES_ALL(1.0),FRA,M,N,CPI,IX,CP045,N,_Z,2021-11,131.11,A,,2015,,2
OECD.SDD.TPS:DSD_PRICES@DF_PRICES_ALL(1.0),FRA,M,N,CPI,IX,CP045,N,_Z,2021-12,131.55,A,,2015,,2
OECD.SDD.TPS:DSD_PRICES@DF_PRICES_ALL(1.0),FRA,M,N,CPI,IX,CP045,N,_Z,2022-01,133.53,A,,2015,,2
OECD.SDD.TPS:DSD_PRICES@DF_PRICES_ALL(1.0),FRA,M,N,CPI,IX,CP045,N,_Z,2022-02,137.08,A,,2015,,2
OECD.SDD.TPS:DSD_PRICES@DF_PRICES_ALL(1.0),FRA,M,N,CPI,IX,CP045,N,_Z,2022-03,144.06,A,,2015,,2
OECD.SDD.TPS:DSD_PRICES@DF_PRICES_ALL(1.0),FRA,M,N,CPI,IX,CP045,N,_Z,2022-04,146.1,A,,2015,,2
OECD.SDD.TPS:DSD_PRICES@DF_PRICES_ALL(1.0),FRA,M,N,CPI,IX,CP045,N,_Z,2022-05,147.32,A,,2015,,2
OECD.SDD.TPS:DSD_PRICES@DF_PRICES_ALL(1.0),FRA,M,N,CPI,IX,CP045,N,_Z,2022-06,149.84,A,,2015,,2
OECD.SDD.TPS:DSD_PRICES@DF_PRICES_ALL(1.0),FRA,M,N,CPI,IX,CP045,N,_Z,2022-07,150.76,A,,2015,,2
OECD.SDD.TPS:DSD_PRICES@DF_PRICES_ALL(1.0),FRA,M,N,CPI,IX,CP045,N,_Z,2022-08,149.29,A,,2015,,2
OECD.SDD.TPS:DSD_PRICES@DF_PRICES_ALL(1.0),FRA,M,N,CPI,IX,CP045,N,_Z,2022-09,152.74,A,,2015,,2
OECD.SDD.TPS:DSD_PRICES@DF_PRICES_ALL(1.0),FRA,M,N,CPI,IX,CP045,N,_Z,2022-10,160.87,A,,2015,,2
OECD.SDD.TPS:DSD_PRICES@DF_PRICES_ALL(1.0),FRA,M,N,CPI,IX,CP045,N,_Z,2022-11,161.74,A,,2015,,2
OECD.SDD.TPS:DSD_PRICES@DF_PRICES_ALL(1.0),FRA,M,N,CPI,IX,CP045,N,_Z,2022-12,156.0,A,,2015,,2
OECD.SDD.TPS:DSD_PRICES@DF_PRICES_ALL(1.0),FRA,M,N,CPI,IX,CP045,N,_Z,2023-01,156.99,A,,2015,,2
OECD.SDD.TPS:DSD_PRICES@DF_PRICES_ALL(1.0),FRA,M,N,CPI,IX,CP045,N,_Z,2023-02,161.94,A,,2015,,2
OECD.SDD.TPS:DSD_PRICES@DF_PRICES_ALL(1.0),FRA,M,N,CPI,IX,CP045,N,_Z,2023-03,163.22,A,,2015,,2
OECD.SDD.TPS:DSD_PRICES@DF_PRICES_ALL(1.0),FRA,M,N,CPI,IX,CP045,N,_Z,2023-04,161.62,A,,2015,,2
OECD.SDD.TPS:DSD_PRICES@DF_PRICES_ALL(1.0),FRA,M,N,CPI,IX,CP045,N,_Z,2023-05,159.53,A,,2015,,2
OECD.SDD.TPS:DSD_PRICES@DF_PRICES_ALL(1.0),FRA,M,N,CPI,IX,CP045,N,_Z,2023-06,159.23,A,,2015,,2
OECD.SDD.TPS:DSD_PRICES@DF_PRICES_ALL(1.0),FRA,M,N,CPI,IX,CP045,N,_Z,2023-07,154.02,A,,2015,,2
OECD.SDD.TPS:DSD_PRICES@DF_PRICES_ALL(1.0),FRA,M,N,CPI,IX,CP045,N,_Z,2023-08,164.08,A,,2015,,2
OECD.SDD.TPS:DSD_PRICES@DF_PRICES_ALL(1.0),FRA,M,N,CPI,IX,CP045,N,_Z,2023-09,166.16,A,,2015,,2
OECD.SDD.TPS:DSD_PRICES@DF_PRICES_ALL(1.0),FRA,M,N,CPI,IX,CP045,N,_Z,2023-10,167.33,A,,2015,,2
OECD.SDD.TPS:DSD_PRICES@DF_PRICES_ALL(1.0),FRA,M,N,CPI,IX,CP045,N,_Z,2023-11,167.69,A,,2015,,2
OECD.SDD.TPS:DSD_PRICES@DF_PRICES_ALL(1.0),FRA,M,N,CPI,IX,CP045,N,_Z,2023-12,167.83,A,,2015,,2
OECD.SDD.TPS:DSD_PRICES@DF_PRICES_ALL(1.0),FRA,M,N,CPI,IX,CP045,N,_Z,2024-01,169.61,A,,2015,,2
OECD.SDD.TPS:DSD_PRICES@DF_PRICES_ALL(1.0),FRA,M,N,CPI,IX,CP045,N,_Z,2024-02,177.03,A,,2015,,2
OECD.SDD.TPS:DSD_PRICES@DF_PRICES_ALL(1.0),FRA,M,N,CPI,IX,CP045,N,_Z,2024-03,174.75,A,,2015,,2
OECD.SDD.TPS:DSD_PRICES@DF_PRICES_ALL(1.0),FRA,M,N,CPI,IX,CP045,N,_Z,2024-04,172.7,A,,2015,,2
OECD.SDD.TPS:DSD_PRICES@DF_PRICES_ALL(1.0),FRA,M,N,CPI,IX,CP045,N,_Z,2024-05,172.45,A,,2015,,2
OECD.SDD.TPS:DSD_PRICES@DF_PRICES_ALL(1.0),FRA,M,N,CPI,IX,CP045,N,_Z,2024-06,172.71,A,,2015,,2
OECD.SDD.TPS:DSD_PRICES@DF_PRICES_ALL(1.0),FRA,M,N,CPI,IX,CP045,N,_Z,2024-07,176.2,A,,2015,,2
OECD.SDD.TPS:DSD_PRICES@DF_PRICES_ALL(1.0),FRA,M,N,CPI,IX,CP045,N,_Z,2024-08,176.41,A,,2015,,2
OECD.SDD.TPS:DSD_PRICES@DF_PRICES_ALL(1.0),FRA,M,N,CPI,IX,CP045,N,_Z,2024-09,175.81,A,,2015,,2
OECD.SDD.TPS:DSD_PRICES@DF_PRICES_ALL(1.0),FRA,M,N,CPI,IX,CP045,N,_Z,2024-10,177.36,A,,2015,,2
OECD.SDD.TPS:DSD_PRICES@DF_PRICES_ALL(1.0),FRA,M,N,CPI,IX,CP045,N,_Z,2024-11,177.25,A,,2015,,2
OECD.SDD.TPS:DSD_PRICES@DF_PRICES_ALL(1.0),FRA,M,N,CPI,IX,CP045,N,_Z,2024-12,178.41,A,,2015,,2
OECD.SDD.TPS:DSD_PRICES@DF_PRICES_ALL(1.0),FRA,M,N,CPI,IX,CP045,N,_Z,2025-01,179.75,A,,2015,,2
OECD.SDD.TPS:DSD_PRICES@DF_PRICES_ALL(1.0),FRA,M,N,CPI,IX,CP045,N,_Z,2025-02,165.84,A,,2015,,2
OECD.SDD.TPS:DSD_PRICES@DF_PRICES_ALL(1.0),FRA,M,N,CPI,IX,CP045,N,_Z,2025-03,165.74,A,,2015,,2
OECD.SDD.TPS:DSD_PRICES@DF_PRICES_ALL(1.0),FRA,M,N,CPI,IX,CP045,N,_Z,2025-04,164.87,A,,2015,,2
OECD.SDD.TPS:DSD_PRICES@DF_PRICES_ALL(1.0),FRA,M,N,CPI,IX,CP045,N,_Z,2025-05,162.63,A,,2015,,2
OECD.SDD.TPS:DSD_PRICES@DF_PRICES_ALL(1.0),FRA,M,N,CPI,IX,CP045,N,_Z,2025-06,161.61,A,,2015,,2
OECD.SDD.TPS:DSD_PRICES@DF_PRICES_ALL(1.0),FRA,M,N,CPI,IX,CP045,N,_Z,2025-07,162.44,A,,2015,,2
OECD.SDD.TPS:DSD_PRICES@DF_PRICES_ALL(1.0),FRA,M,N,CPI,IX,CP045,N,_Z,2025-08,162.94,A,,2015,,2
OECD.SDD.TPS:DSD_PRICES@DF_PRICES_ALL(1.0),FRA,M,N,CPI,IX,CP045,N,_Z,2025-09,162.36,A,,2015,,2
OECD.SDD.TPS:DSD_PRICES@DF_PRICES_ALL(1.0),FRA,M,N,CPI,IX,CP045,N,_Z,2025-10,161.95,A,,2015,,2
OECD.SDD.TPS:DSD_PRICES@DF_PRICES_ALL(1.0),FRA,M,N,CPI,IX,CP045,N,_Z,2025-11,162.42,A,,2015,,2
OECD.SDD.TPS:DSD_PRICES@DF_PRICES_ALL(1.0),FRA,M,N,CPI,IX,CP045,N,_Z,2025-12,161.86,A,,2015,,2
OECD.SDD.TPS:DSD_PRICES@DF_PRICES_ALL(1.0),DEU,M,N,CPI,IX,CP045,N,_Z,2014-01,106.8327,A,,2015,,2
OECD.SDD.TPS:DSD_PRICES@DF_PRICES_ALL(1.0),DEU,M,N,CPI,IX,CP045,N,_Z,2014-02,107.0104,A,,2015,,2
OECD.SDD.TPS:DSD_PRICES@DF_PRICES_ALL(1.0),DEU,M,N,CPI,IX,CP045,N,_Z,2014-03,106.566,A,,2015,,2
OECD.SDD.TPS:DSD_PRICES@DF_PRICES_ALL(1.0),DEU,M,N,CPI,IX,CP045,N,_Z,2014-04,106.7438,A,,2015,,2
OECD.SDD.TPS:DSD_PRICES@DF_PRICES_ALL(1.0),DEU,M,N,CPI,IX,CP045,N,_Z,2014-05,106.6549,A,,2015,,2
OECD.SDD.TPS:DSD_PRICES@DF_PRICES_ALL(1.0),DEU,M,N,CPI,IX,CP045,N,_Z,2014-06,106.7438,A,,2015,,2
OECD.SDD.TPS:DSD_PRICES@DF_PRICES_ALL(1.0),DEU,M,N,CPI,IX,CP045,N,_Z,2014-07,106.566,A,,2015,,2
OECD.SDD.TPS:DSD_PRICES@DF_PRICES_ALL(1.0),DEU,M,N,CPI,IX,CP045,N,_Z,2014-08,106.6549,A,,2015,,2
OECD.SDD.TPS:DSD_PRICES@DF_PRICES_ALL(1.0),DEU,M,N,CPI,IX,CP045,N,_Z,2014-09,106.6549,A,,2015,,2
OECD.SDD.TPS:DSD_PRICES@DF_PRICES_ALL(1.0),DEU,M,N,CPI,IX,CP045,N,_Z,2014-10,105.5883,A,,2015,,2
OECD.SDD.TPS:DSD_PRICES@DF_PRICES_ALL(1.0),DEU,M,N,CPI,IX,CP045,N,_Z,2014-11,105.2328,A,,2015,,2
OECD.SDD.TPS:DSD_PRICES@DF_PRICES_ALL(1.0),DEU,M,N,CPI,IX,CP045,N,_Z,2014-12,102.7442,A,,2015,,2
OECD.SDD.TPS:DSD_PRICES@DF_PRICES_ALL(1.0),DEU,M,N,CPI,IX,CP045,N,_Z,2015-01,100.7,A,,2015,,2
OECD.SDD.TPS:DSD_PRICES@DF_PRICES_ALL(1.0),DEU,M,N,CPI,IX,CP045,N,_Z,2015-02,101.7,A,,2015,,2
OECD.SDD.TPS:DSD_PRICES@DF_PRICES_ALL(1.0),DEU,M,N,CPI,IX,CP045,N,_Z,2015-03,101.7,A,,2015,,2
OECD.SDD.TPS:DSD_PRICES@DF_PRICES_ALL(1.0),DEU,M,N,CPI,IX,CP045,N,_Z,2015-04,101.3,A,,2015,,2
OECD.SDD.TPS:DSD_PRICES@DF_PRICES_ALL(1.0),DEU,M,N,CPI,IX,CP045,N,_Z,2015-05,101.5,A,,2015,,2
OECD.SDD.TPS:DSD_PRICES@DF_PRICES_ALL(1.0),DEU,M,N,CPI,IX,CP045,N,_Z,2015-06,101.0,A,,2015,,2
OECD.SDD.TPS:DSD_PRICES@DF_PRICES_ALL(1.0),DEU,M,N,CPI,IX,CP045,N,_Z,2015-07,100.1,A,,2015,,2
OECD.SDD.TPS:DSD_PRICES@DF_PRICES_ALL(1.0),DEU,M,N,CPI,IX,CP045,N,_Z,2015-08,99.3,A,,2015,,2
OECD.SDD.TPS:DSD_PRICES@DF_PRICES_ALL(1.0),DEU,M,N,CPI,IX,CP045,N,_Z,2015-09,99.0,A,,2015,,2
OECD.SDD.TPS:DSD_PRICES@DF_PRICES_ALL(1.0),DEU,M,N,CPI,IX,CP045,N,_Z,2015-10,98.5,A,,2015,,2
OECD.SDD.TPS:DSD_PRICES@DF_PRICES_ALL(1.0),DEU,M,N,CPI,IX,CP045,N,_Z,2015-11,98.4,A,,2015,,2
OECD.SDD.TPS:DSD_PRICES@DF_PRICES_ALL(1.0),DEU,M,N,CPI,IX,CP045,N,_Z,2015-12,96.8,A,,2015,,2
OECD.SDD.TPS:DSD_PRICES@DF_PRICES_ALL(1.0),DEU,M,N,CPI,IX,CP045,N,_Z,2016-01,95.4,A,,2015,,2
OECD.SDD.TPS:DSD_PRICES@DF_PRICES_ALL(1.0),DEU,M,N,CPI,IX,CP045,N,_Z,2016-02,95.1,A,,2015,,2
OECD.SDD.TPS:DSD_PRICES@DF_PRICES_ALL(1.0),DEU,M,N,CPI,IX,CP045,N,_Z,2016-03,95.7,A,,2015,,2
OECD.SDD.TPS:DSD_PRICES@DF_PRICES_ALL(1.0),DEU,M,N,CPI,IX,CP045,N,_Z,2016-04,95.5,A,,2015,,2
OECD.SDD.TPS:DSD_PRICES@DF_PRICES_ALL(1.0),DEU,M,N,CPI,IX,CP045,N,_Z,2016-05,96.0,A,,2015,,2
OECD.SDD.TPS:DSD_PRICES@DF_PRICES_ALL(1.0),DEU,M,N,CPI,IX,CP045,N,_Z,2016-06,96.3,A,,2015,,2
OECD.SDD.TPS:DSD_PRICES@DF_PRICES_ALL(1.0),DEU,M,N,CPI,IX,CP045,N,_Z,2016-07,95.6,A,,2015,,2
OECD.SDD.TPS:DSD_PRICES@DF_PRICES_ALL(1.0),DEU,M,N,CPI,IX,CP045,N,_Z,2016-08,95.2,A,,2015,,2
OECD.SDD.TPS:DSD_PRICES@DF_PRICES_ALL(1.0),DEU,M,N,CPI,IX,CP045,N,_Z,2016-09,95.3,A,,2015,,2
OECD.SDD.TPS:DSD_PRICES@DF_PRICES_ALL(1.0),DEU,M,N,CPI,IX,CP045,N,_Z,2016-10,96.1,A,,2015,,2
OECD.SDD.TPS:DSD_PRICES@DF_PRICES_ALL(1.0),DEU,M,N,CPI,IX,CP045,N,_Z,2016-11,95.5,A,,2015,,2
OECD.SDD.TPS:DSD_PRICES@DF_PRICES_ALL(1.0),DEU,M,N,CPI,IX,CP045,N,_Z,2016-12,96.5,A,,2015,,2
OECD.SDD.TPS:DSD_PRICES@DF_PRICES_ALL(1.0),DEU,M,N,CPI,IX,CP045,N,_Z,2017-01,96.6,A,,2015,,2
OECD.SDD.TPS:DSD_PRICES@DF_PRICES_ALL(1.0),DEU,M,N,CPI,IX,CP045,N,_Z,2017-02,96.9,A,,2015,,2
OECD.SDD.TPS:DSD_PRICES@DF_PRICES_ALL(1.0),DEU,M,N,CPI,IX,CP045,N,_Z,2017-03,96.6,A,,2015,,2
OECD.SDD.TPS:DSD_PRICES@DF_PRICES_ALL(1.0),DEU,M,N,CPI,IX,CP045,N,_Z,2017-04,96.8,A,,2015,,2
OECD.SDD.TPS:DSD_PRICES@DF_PRICES_ALL(1.0),DEU,M,N,CPI,IX,CP045,N,_Z,2017-05,96.2,A,,2015,,2
OECD.SDD.TPS:DSD_PRICES@DF_PRICES_ALL(1.0),DEU,M,N,CPI,IX,CP045,N,_Z,2017-06,95.8,A,,2015,,2
OECD.SDD.TPS:DSD_PRICES@DF_PRICES_ALL(1.0),DEU,M,N,CPI,IX,CP045,N,_Z,2017-07,95.8,A,,2015,,2
OECD.SDD.TPS:DSD_PRICES@DF_PRICES_ALL(1.0),DEU,M,N,CPI,IX,CP045,N,_Z,2017-08,95.9,A,,2015,,2
OECD.SDD.TPS:DSD_PRICES@DF_PRICES_ALL(1.0),DEU,M,N,CPI,IX,CP045,N,_Z,2017-09,96.5,A,,2015,,2
OECD.SDD.TPS:DSD_PRICES@DF_PRICES_ALL(1.0),DEU,M,N,CPI,IX,CP045,N,_Z,2017-10,96.8,A,,2015,,2
OECD.SDD.TPS:DSD_PRICES@DF_PRICES_ALL(1.0),DEU,M,N,CPI,IX,CP045,N,_Z,2017-11,97.3,A,,2015,,2
OECD.SDD.TPS:DSD_PRICES@DF_PRICES_ALL(1.0),DEU,M,N,CPI,IX,CP045,N,_Z,2017-12,97.5,A,,2015,,2
OECD.SDD.TPS:DSD_PRICES@DF_PRICES_ALL(1.0),DEU,M,N,CPI,IX,CP045,N,_Z,2018-01,98.0,A,,2015,,2
OECD.SDD.TPS:DSD_PRICES@DF_PRICES_ALL(1.0),DEU,M,N,CPI,IX,CP045,N,_Z,2018-02,97.4,A,,2015,,2
OECD.SDD.TPS:DSD_PRICES@DF_PRICES_ALL(1.0),DEU,M,N,CPI,IX,CP045,N,_Z,2018-03,97.4,A,,2015,,2
OECD.SDD.TPS:DSD_PRICES@DF_PRICES_ALL(1.0),DEU,M,N,CPI,IX,CP045,N,_Z,2018-04,98.2,A,,2015,,2
OECD.SDD.TPS:DSD_PRICES@DF_PRICES_ALL(1.0),DEU,M,N,CPI,IX,CP045,N,_Z,2018-05,99.0,A,,2015,,2
OECD.SDD.TPS:DSD_PRICES@DF_PRICES_ALL(1.0),DEU,M,N,CPI,IX,CP045,N,_Z,2018-06,98.9,A,,2015,,2
OECD.SDD.TPS:DSD_PRICES@DF_PRICES_ALL(1.0),DEU,M,N,CPI,IX,CP045,N,_Z,2018-07,98.9,A,,2015,,2
OECD.SDD.TPS:DSD_PRICES@DF_PRICES_ALL(1.0),DEU,M,N,CPI,IX,CP045,N,_Z,2018-08,99.4,A,,2015,,2
OECD.SDD.TPS:DSD_PRICES@DF_PRICES_ALL(1.0),DEU,M,N,CPI,IX,CP045,N,_Z,2018-09,100.7,A,,2015,,2
OECD.SDD.TPS:DSD_PRICES@DF_PRICES_ALL(1.0),DEU,M,N,CPI,IX,CP045,N,_Z,2018-10,101.7,A,,2015,,2
OECD.SDD.TPS:DSD_PRICES@DF_PRICES_ALL(1.0),DEU,M,N,CPI,IX,CP045,N,_Z,2018-11,102.7,A,,2015,,2
OECD.SDD.TPS:DSD_PRICES@DF_PRICES_ALL(1.0),DEU,M,N,CPI,IX,CP045,N,_Z,2018-12,100.4,A,,2015,,2
OECD.SDD.TPS:DSD_PRICES@DF_PRICES_ALL(1.0),DEU,M,N,CPI,IX,CP045,N,_Z,2019-01,101.2,A,,2015,,2
OECD.SDD.TPS:DSD_PRICES@DF_PRICES_ALL(1.0),DEU,M,N,CPI,IX,CP045,N,_Z,2019-02,101.6,A,,2015,,2
OECD.SDD.TPS:DSD_PRICES@DF_PRICES_ALL(1.0),DEU,M,N,CPI,IX,CP045,N,_Z,2019-03,101.9,A,,2015,,2
OECD.SDD.TPS:DSD_PRICES@DF_PRICES_ALL(1.0),DEU,M,N,CPI,IX,CP045,N,_Z,2019-04,102.4,A,,2015,,2
OECD.SDD.TPS:DSD_PRICES@DF_PRICES_ALL(1.0),DEU,M,N,CPI,IX,CP045,N,_Z,2019-05,102.8,A,,2015,,2
OECD.SDD.TPS:DSD_PRICES@DF_PRICES_ALL(1.0),DEU,M,N,CPI,IX,CP045,N,_Z,2019-06,102.0,A,,2015,,2
OECD.SDD.TPS:DSD_PRICES@DF_PRICES_ALL(1.0),DEU,M,N,CPI,IX,CP045,N,_Z,2019-07,102.4,A,,2015,,2
OECD.SDD.TPS:DSD_PRICES@DF_PRICES_ALL(1.0),DEU,M,N,CPI,IX,CP045,N,_Z,2019-08,102.2,A,,2015,,2
OECD.SDD.TPS:DSD_PRICES@DF_PRICES_ALL(1.0),DEU,M,N,CPI,IX,CP045,N,_Z,2019-09,102.7,A,,2015,,2
OECD.SDD.TPS:DSD_PRICES@DF_PRICES_ALL(1.0),DEU,M,N,CPI,IX,CP045,N,_Z,2019-10,102.7,A,,2015,,2
OECD.SDD.TPS:DSD_PRICES@DF_PRICES_ALL(1.0),DEU,M,N,CPI,IX,CP045,N,_Z,2019-11,102.7,A,,2015,,2
OECD.SDD.TPS:DSD_PRICES@DF_PRICES_ALL(1.0),DEU,M,N,CPI,IX,CP045,N,_Z,2019-12,102.8,A,,2015,,2
OECD.SDD.TPS:DSD_PRICES@DF_PRICES_ALL(1.0),DEU,M,N,CPI,IX,CP045,N,_Z,2020-01,103.7,A,,2015,,2
OECD.SDD.TPS:DSD_PRICES@DF_PRICES_ALL(1.0),DEU,M,N,CPI,IX,CP045,N,_Z,2020-02,103.8017,A,,2015,,2
OECD.SDD.TPS:DSD_PRICES@DF_PRICES_ALL(1.0),DEU,M,N,CPI,IX,CP045,N,_Z,2020-03,103.395,A,,2015,,2
OECD.SDD.TPS:DSD_PRICES@DF_PRICES_ALL(1.0),DEU,M,N,CPI,IX,CP045,N,_Z,2020-04,103.1917,A,,2015,,2
OECD.SDD.TPS:DSD_PRICES@DF_PRICES_ALL(1.0),DEU,M,N,CPI,IX,CP045,N,_Z,2020-05,102.785,A,,2015,,2
OECD.SDD.TPS:DSD_PRICES@DF_PRICES_ALL(1.0),DEU,M,N,CPI,IX,CP045,N,_Z,2020-06,102.48,A,,2015,,2
OECD.SDD.TPS:DSD_PRICES@DF_PRICES_ALL(1.0),DEU,M,N,CPI,IX,CP045,N,_Z,2020-07,100.65,A,,2015,,2
OECD.SDD.TPS:DSD_PRICES@DF_PRICES_ALL(1.0),DEU,M,N,CPI,IX,CP045,N,_Z,2020-08,100.4467,A,,2015,,2
OECD.SDD.TPS:DSD_PRICES@DF_PRICES_ALL(1.0),DEU,M,N,CPI,IX,CP045,N,_Z,2020-09,99.93833,A,,2015,,2
OECD.SDD.TPS:DSD_PRICES@DF_PRICES_ALL(1.0),DEU,M,N,CPI,IX,CP045,N,_Z,2020-10,99.83667,A,,2015,,2
OECD.SDD.TPS:DSD_PRICES@DF_PRICES_ALL(1.0),DEU,M,N,CPI,IX,CP045,N,_Z,2020-11,99.63333,A,,2015,,2
OECD.SDD.TPS:DSD_PRICES@DF_PRICES_ALL(1.0),DEU,M,N,CPI,IX,CP045,N,_Z,2020-12,100.1417,A,,2015,,2
OECD.SDD.TPS:DSD_PRICES@DF_PRICES_ALL(1.0),DEU,M,N,CPI,IX,CP045,N,_Z,2021-01,102.3783,A,,2015,,2
OECD.SDD.TPS:DSD_PRICES@DF_PRICES_ALL(1.0),DEU,M,N,CPI,IX,CP045,N,_Z,2021-02,102.6833,A,,2015,,2
OECD.SDD.TPS:DSD_PRICES@DF_PRICES_ALL(1.0),DEU,M,N,CPI,IX,CP045,N,_Z,2021-03,102.9883,A,,2015,,2
OECD.SDD.TPS:DSD_PRICES@DF_PRICES_ALL(1.0),DEU,M,N,CPI,IX,CP045,N,_Z,2021-04,102.785,A,,2015,,2
OECD.SDD.TPS:DSD_PRICES@DF_PRICES_ALL(1.0),DEU,M,N,CPI,IX,CP045,N,_Z,2021-05,102.9883,A,,2015,,2
OECD.SDD.TPS:DSD_PRICES@DF_PRICES_ALL(1.0),DEU,M,N,CPI,IX,CP045,N,_Z,2021-06,103.2933,A,,2015,,2
OECD.SDD.TPS:DSD_PRICES@DF_PRICES_ALL(1.0),DEU,M,N,CPI,IX,CP045,N,_Z,2021-07,103.5983,A,,2015,,2
OECD.SDD.TPS:DSD_PRICES@DF_PRICES_ALL(1.0),DEU,M,N,CPI,IX,CP045,N,_Z,2021-08,103.8017,A,,2015,,2
OECD.SDD.TPS:DSD_PRICES@DF_PRICES_ALL(1.0),DEU,M,N,CPI,IX,CP045,N,_Z,2021-09,104.4117,A,,2015,,2
OECD.SDD.TPS:DSD_PRICES@DF_PRICES_ALL(1.0),DEU,M,N,CPI,IX,CP045,N,_Z,2021-10,106.445,A,,2015,,2
OECD.SDD.TPS:DSD_PRICES@DF_PRICES_ALL(1.0),DEU,M,N,CPI,IX,CP045,N,_Z,2021-11,107.665,A,,2015,,2
OECD.SDD.TPS:DSD_PRICES@DF_PRICES_ALL(1.0),DEU,M,N,CPI,IX,CP045,N,_Z,2021-12,108.1733,A,,2015,,2
OECD.SDD.TPS:DSD_PRICES@DF_PRICES_ALL(1.0),DEU,M,N,CPI,IX,CP045,N,_Z,2022-01,117.0183,A,,2015,,2
OECD.SDD.TPS:DSD_PRICES@DF_PRICES_ALL(1.0),DEU,M,N,CPI,IX,CP045,N,_Z,2022-02,120.5767,A,,2015,,2
OECD.SDD.TPS:DSD_PRICES@DF_PRICES_ALL(1.0),DEU,M,N,CPI,IX,CP045,N,_Z,2022-03,131.0483,A,,2015,,2
OECD.SDD.TPS:DSD_PRICES@DF_PRICES_ALL(1.0),DEU,M,N,CPI,IX,CP045,N,_Z,2022-04,131.8617,A,,2015,,2
OECD.SDD.TPS:DSD_PRICES@DF_PRICES_ALL(1.0),DEU,M,N,CPI,IX,CP045,N,_Z,2022-05,135.3183,A,,2015,,2
OECD.SDD.TPS:DSD_PRICES@DF_PRICES_ALL(1.0),DEU,M,N,CPI,IX,CP045,N,_Z,2022-06,138.5717,A,,2015,,2
OECD.SDD.TPS:DSD_PRICES@DF_PRICES_ALL(1.0),DEU,M,N,CPI,IX,CP045,N,_Z,2022-07,138.165,A,,2015,,2
OECD.SDD.TPS:DSD_PRICES@DF_PRICES_ALL(1.0),DEU,M,N,CPI,IX,CP045,N,_Z,2022-08,142.2317,A,,2015,,2
OECD.SDD.TPS:DSD_PRICES@DF_PRICES_ALL(1.0),DEU,M,N,CPI,IX,CP045,N,_Z,2022-09,148.9417,A,,2015,,2
OECD.SDD.TPS:DSD_PRICES@DF_PRICES_ALL(1.0),DEU,M,N,CPI,IX,CP045,N,_Z,2022-10,156.5667,A,,2015,,2
OECD.SDD.TPS:DSD_PRICES@DF_PRICES_ALL(1.0),DEU,M,N,CPI,IX,CP045,N,_Z,2022-11,158.295,A,,2015,,2
OECD.SDD.TPS:DSD_PRICES@DF_PRICES_ALL(1.0),DEU,M,N,CPI,IX,CP045,N,_Z,2022-12,141.3167,A,,2015,,2
OECD.SDD.TPS:DSD_PRICES@DF_PRICES_ALL(1.0),DEU,M,N,CPI,IX,CP045,N,_Z,2023-01,159.7183,A,,2015,,2
OECD.SDD.TPS:DSD_PRICES@DF_PRICES_ALL(1.0),DEU,M,N,CPI,IX,CP045,N,_Z,2023-02,159.4133,A,,2015,,2
OECD.SDD.TPS:DSD_PRICES@DF_PRICES_ALL(1.0),DEU,M,N,CPI,IX,CP045,N,_Z,2023-03,159.7183,A,,2015,,2
OECD.SDD.TPS:DSD_PRICES@DF_PRICES_ALL(1.0),DEU,M,N,CPI,IX,CP045,N,_Z,2023-04,159.7183,A,,2015,,2
OECD.SDD.TPS:DSD_PRICES@DF_PRICES_ALL(1.0),DEU,M,N,CPI,IX,CP045,N,_Z,2023-05,158.8033,A,,2015,,2
OECD.SDD.TPS:DSD_PRICES@DF_PRICES_ALL(1.0),DEU,M,N,CPI,IX,CP045,N,_Z,2023-06,157.99,A,,2015,,2
OECD.SDD.TPS:DSD_PRICES@DF_PRICES_ALL(1.0),DEU,M,N,CPI,IX,CP045,N,_Z,2023-07,157.4817,A,,2015,,2
OECD.SDD.TPS:DSD_PRICES@DF_PRICES_ALL(1.0),DEU,M,N,CPI,IX,CP045,N,_Z,2023-08,158.4983,A,,2015,,2
OECD.SDD.TPS:DSD_PRICES@DF_PRICES_ALL(1.0),DEU,M,N,CPI,IX,CP045,N,_Z,2023-09,158.295,A,,2015,,2
OECD.SDD.TPS:DSD_PRICES@DF_PRICES_ALL(1.0),DEU,M,N,CPI,IX,CP045,N,_Z,2023-10,156.6683,A,,2015,,2
OECD.SDD.TPS:DSD_PRICES@DF_PRICES_ALL(1.0),DEU,M,N,CPI,IX,CP045,N,_Z,2023-11,154.025,A,,2015,,2
OECD.SDD.TPS:DSD_PRICES@DF_PRICES_ALL(1.0),DEU,M,N,CPI,IX,CP045,N,_Z,2023-12,152.195,A,,2015,,2
OECD.SDD.TPS:DSD_PRICES@DF_PRICES_ALL(1.0),DEU,M,N,CPI,IX,CP045,N,_Z,2024-01,154.33,A,,2015,,2
OECD.SDD.TPS:DSD_PRICES@DF_PRICES_ALL(1.0),DEU,M,N,CPI,IX,CP045,N,_Z,2024-02,153.72,A,,2015,,2
OECD.SDD.TPS:DSD_PRICES@DF_PRICES_ALL(1.0),DEU,M,N,CPI,IX,CP045,N,_Z,2024-03,152.2967,A,,2015,,2
OECD.SDD.TPS:DSD_PRICES@DF_PRICES_ALL(1.0),DEU,M,N,CPI,IX,CP045,N,_Z,2024-04,154.635,A,,2015,,2
OECD.SDD.TPS:DSD_PRICES@DF_PRICES_ALL(1.0),DEU,M,N,CPI,IX,CP045,N,_Z,2024-05,153.6183,A,,2015,,2
OECD.SDD.TPS:DSD_PRICES@DF_PRICES_ALL(1.0),DEU,M,N,CPI,IX,CP045,N,_Z,2024-06,153.3133,A,,2015,,2
OECD.SDD.TPS:DSD_PRICES@DF_PRICES_ALL(1.0),DEU,M,N,CPI,IX,CP045,N,_Z,2024-07,153.3133,A,,2015,,2
OECD.SDD.TPS:DSD_PRICES@DF_PRICES_ALL(1.0),DEU,M,N,CPI,IX,CP045,N,_Z,2024-08,152.5,A,,2015,,2
OECD.SDD.TPS:DSD_PRICES@DF_PRICES_ALL(1.0),DEU,M,N,CPI,IX,CP045,N,_Z,2024-09,151.89,A,,2015,,2
OECD.SDD.TPS:DSD_PRICES@DF_PRICES_ALL(1.0),DEU,M,N,CPI,IX,CP045,N,_Z,2024-10,151.6867,A,,2015,,2
OECD.SDD.TPS:DSD_PRICES@DF_PRICES_ALL(1.0),DEU,M,N,CPI,IX,CP045,N,_Z,2024-11,151.28,A,,2015,,2
OECD.SDD.TPS:DSD_PRICES@DF_PRICES_ALL(1.0),DEU,M,N,CPI,IX,CP045,N,_Z,2024-12,151.3817,A,,2015,,2
OECD.SDD.TPS:DSD_PRICES@DF_PRICES_ALL(1.0),DEU,M,N,CPI,IX,CP045,N,_Z,2025-01,150.4667,A,,2015,,2
OECD.SDD.TPS:DSD_PRICES@DF_PRICES_ALL(1.0),DEU,M,N,CPI,IX,CP045,N,_Z,2025-02,150.2633,A,,2015,,2
OECD.SDD.TPS:DSD_PRICES@DF_PRICES_ALL(1.0),DEU,M,N,CPI,IX,CP045,N,_Z,2025-03,149.8567,A,,2015,,2
OECD.SDD.TPS:DSD_PRICES@DF_PRICES_ALL(1.0),DEU,M,N,CPI,IX,CP045,N,_Z,2025-04,149.3483,A,,2015,,2
OECD.SDD.TPS:DSD_PRICES@DF_PRICES_ALL(1.0),DEU,M,N,CPI,IX,CP045,N,_Z,2025-05,148.9417,A,,2015,,2
OECD.SDD.TPS:DSD_PRICES@DF_PRICES_ALL(1.0),DEU,M,N,CPI,IX,CP045,N,_Z,2025-06,149.0433,A,,2015,,2
OECD.SDD.TPS:DSD_PRICES@DF_PRICES_ALL(1.0),DEU,M,N,CPI,IX,CP045,N,_Z,2025-07,149.3483,A,,2015,,2
OECD.SDD.TPS:DSD_PRICES@DF_PRICES_ALL(1.0),DEU,M,N,CPI,IX,CP045,N,_Z,2025-08,149.0433,A,,2015,,2
OECD.SDD.TPS:DSD_PRICES@DF_PRICES_ALL(1.0),DEU,M,N,CPI,IX,CP045,N,_Z,2025-09,149.0433,A,,2015,,2
OECD.SDD.TPS:DSD_PRICES@DF_PRICES_ALL(1.0),DEU,M,N,CPI,IX,CP045,N,_Z,2025-10,149.0433,A,,2015,,2
OECD.SDD.TPS:DSD_PRICES@DF_PRICES_ALL(1.0),DEU,M,N,CPI,IX,CP045,N,_Z,2025-11,149.45,A,,2015,,2
OECD.SDD.TPS:DSD_PRICES@DF_PRICES_ALL(1.0),DEU,M,N,CPI,IX,CP045,N,_Z,2025-12,148.84,A,,2015,,2
OECD.SDD.TPS:DSD_PRICES@DF_PRICES_ALL(1.0),DEU,M,N,CPI,IX,CP045,N,_Z,2026-01,145.5867,A,,2015,,2
OECD.SDD.TPS:DSD_PRICES@DF_PRICES_ALL(1.0),DEU,M,N,CPI,IX,CP045,N,_Z,2026-02,144.9767,A,,2015,,2
OECD.SDD.TPS:DSD_PRICES@DF_PRICES_ALL(1.0),DEU,M,N,CPI,IX,CP045,N,_Z,2026-03,148.1283,A,,2015,,2
OECD.SDD.TPS:DSD_PRICES@DF_PRICES_ALL(1.0),DEU,M,N,CPI,IX,CP045,N,_Z,2026-04,148.84,A,,2015,,2
OECD.SDD.TPS:DSD_PRICES@DF_PRICES_ALL(1.0),DEU,M,N,CPI,IX,CP045,N,_Z,2026-05,147.7217,A,,2015,,2
OECD.SDD.TPS:DSD_PRICES@DF_PRICES_ALL(1.0),FRA,M,N,CPI,IX,CP01,N,_Z,2014-01,99.92,A,,2015,,2
OECD.SDD.TPS:DSD_PRICES@DF_PRICES_ALL(1.0),FRA,M,N,CPI,IX,CP01,N,_Z,2014-02,99.75,A,,2015,,2
OECD.SDD.TPS:DSD_PRICES@DF_PRICES_ALL(1.0),FRA,M,N,CPI,IX,CP01,N,_Z,2014-03,99.93,A,,2015,,2
OECD.SDD.TPS:DSD_PRICES@DF_PRICES_ALL(1.0),FRA,M,N,CPI,IX,CP01,N,_Z,2014-04,99.76,A,,2015,,2
OECD.SDD.TPS:DSD_PRICES@DF_PRICES_ALL(1.0),FRA,M,N,CPI,IX,CP01,N,_Z,2014-05,100.13,A,,2015,,2
OECD.SDD.TPS:DSD_PRICES@DF_PRICES_ALL(1.0),FRA,M,N,CPI,IX,CP01,N,_Z,2014-06,99.9,A,,2015,,2
OECD.SDD.TPS:DSD_PRICES@DF_PRICES_ALL(1.0),FRA,M,N,CPI,IX,CP01,N,_Z,2014-07,99.3,A,,2015,,2
OECD.SDD.TPS:DSD_PRICES@DF_PRICES_ALL(1.0),FRA,M,N,CPI,IX,CP01,N,_Z,2014-08,98.69,A,,2015,,2
OECD.SDD.TPS:DSD_PRICES@DF_PRICES_ALL(1.0),FRA,M,N,CPI,IX,CP01,N,_Z,2014-09,99.19,A,,2015,,2
OECD.SDD.TPS:DSD_PRICES@DF_PRICES_ALL(1.0),FRA,M,N,CPI,IX,CP01,N,_Z,2014-10,99.58,A,,2015,,2
OECD.SDD.TPS:DSD_PRICES@DF_PRICES_ALL(1.0),FRA,M,N,CPI,IX,CP01,N,_Z,2014-11,99.55,A,,2015,,2
OECD.SDD.TPS:DSD_PRICES@DF_PRICES_ALL(1.0),FRA,M,N,CPI,IX,CP01,N,_Z,2014-12,99.48,A,,2015,,2
OECD.SDD.TPS:DSD_PRICES@DF_PRICES_ALL(1.0),FRA,M,N,CPI,IX,CP01,N,_Z,2015-01,99.54,A,,2015,,2
OECD.SDD.TPS:DSD_PRICES@DF_PRICES_ALL(1.0),FRA,M,N,CPI,IX,CP01,N,_Z,2015-02,99.74,A,,2015,,2
OECD.SDD.TPS:DSD_PRICES@DF_PRICES_ALL(1.0),FRA,M,N,CPI,IX,CP01,N,_Z,2015-03,99.97,A,,2015,,2
OECD.SDD.TPS:DSD_PRICES@DF_PRICES_ALL(1.0),FRA,M,N,CPI,IX,CP01,N,_Z,2015-04,99.98,A,,2015,,2
OECD.SDD.TPS:DSD_PRICES@DF_PRICES_ALL(1.0),FRA,M,N,CPI,IX,CP01,N,_Z,2015-05,100.48,A,,2015,,2
OECD.SDD.TPS:DSD_PRICES@DF_PRICES_ALL(1.0),FRA,M,N,CPI,IX,CP01,N,_Z,2015-06,100.2,A,,2015,,2
OECD.SDD.TPS:DSD_PRICES@DF_PRICES_ALL(1.0),FRA,M,N,CPI,IX,CP01,N,_Z,2015-07,99.61,A,,2015,,2
OECD.SDD.TPS:DSD_PRICES@DF_PRICES_ALL(1.0),FRA,M,N,CPI,IX,CP01,N,_Z,2015-08,99.48,A,,2015,,2
OECD.SDD.TPS:DSD_PRICES@DF_PRICES_ALL(1.0),FRA,M,N,CPI,IX,CP01,N,_Z,2015-09,100.06,A,,2015,,2
OECD.SDD.TPS:DSD_PRICES@DF_PRICES_ALL(1.0),FRA,M,N,CPI,IX,CP01,N,_Z,2015-10,100.6,A,,2015,,2
OECD.SDD.TPS:DSD_PRICES@DF_PRICES_ALL(1.0),FRA,M,N,CPI,IX,CP01,N,_Z,2015-11,100.34,A,,2015,,2
OECD.SDD.TPS:DSD_PRICES@DF_PRICES_ALL(1.0),FRA,M,N,CPI,IX,CP01,N,_Z,2015-12,100.0,A,,2015,,2
OECD.SDD.TPS:DSD_PRICES@DF_PRICES_ALL(1.0),FRA,M,N,CPI,IX,CP01,N,_Z,2016-01,99.86,A,,2015,,2
OECD.SDD.TPS:DSD_PRICES@DF_PRICES_ALL(1.0),FRA,M,N,CPI,IX,CP01,N,_Z,2016-02,99.82,A,,2015,,2
OECD.SDD.TPS:DSD_PRICES@DF_PRICES_ALL(1.0),FRA,M,N,CPI,IX,CP01,N,_Z,2016-03,100.35,A,,2015,,2
OECD.SDD.TPS:DSD_PRICES@DF_PRICES_ALL(1.0),FRA,M,N,CPI,IX,CP01,N,_Z,2016-04,100.32,A,,2015,,2
OECD.SDD.TPS:DSD_PRICES@DF_PRICES_ALL(1.0),FRA,M,N,CPI,IX,CP01,N,_Z,2016-05,101.48,A,,2015,,2
OECD.SDD.TPS:DSD_PRICES@DF_PRICES_ALL(1.0),FRA,M,N,CPI,IX,CP01,N,_Z,2016-06,100.74,A,,2015,,2
OECD.SDD.TPS:DSD_PRICES@DF_PRICES_ALL(1.0),FRA,M,N,CPI,IX,CP01,N,_Z,2016-07,100.87,A,,2015,,2
OECD.SDD.TPS:DSD_PRICES@DF_PRICES_ALL(1.0),FRA,M,N,CPI,IX,CP01,N,_Z,2016-08,101.04,A,,2015,,2
OECD.SDD.TPS:DSD_PRICES@DF_PRICES_ALL(1.0),FRA,M,N,CPI,IX,CP01,N,_Z,2016-09,100.47,A,,2015,,2
OECD.SDD.TPS:DSD_PRICES@DF_PRICES_ALL(1.0),FRA,M,N,CPI,IX,CP01,N,_Z,2016-10,100.4,A,,2015,,2
OECD.SDD.TPS:DSD_PRICES@DF_PRICES_ALL(1.0),FRA,M,N,CPI,IX,CP01,N,_Z,2016-11,100.57,A,,2015,,2
OECD.SDD.TPS:DSD_PRICES@DF_PRICES_ALL(1.0),FRA,M,N,CPI,IX,CP01,N,_Z,2016-12,100.73,A,,2015,,2
OECD.SDD.TPS:DSD_PRICES@DF_PRICES_ALL(1.0),FRA,M,N,CPI,IX,CP01,N,_Z,2017-01,101.23,A,,2015,,2
OECD.SDD.TPS:DSD_PRICES@DF_PRICES_ALL(1.0),FRA,M,N,CPI,IX,CP01,N,_Z,2017-02,101.51,A,,2015,,2
OECD.SDD.TPS:DSD_PRICES@DF_PRICES_ALL(1.0),FRA,M,N,CPI,IX,CP01,N,_Z,2017-03,101.17,A,,2015,,2
OECD.SDD.TPS:DSD_PRICES@DF_PRICES_ALL(1.0),FRA,M,N,CPI,IX,CP01,N,_Z,2017-04,101.09,A,,2015,,2
OECD.SDD.TPS:DSD_PRICES@DF_PRICES_ALL(1.0),FRA,M,N,CPI,IX,CP01,N,_Z,2017-05,101.89,A,,2015,,2
OECD.SDD.TPS:DSD_PRICES@DF_PRICES_ALL(1.0),FRA,M,N,CPI,IX,CP01,N,_Z,2017-06,101.57,A,,2015,,2
OECD.SDD.TPS:DSD_PRICES@DF_PRICES_ALL(1.0),FRA,M,N,CPI,IX,CP01,N,_Z,2017-07,101.62,A,,2015,,2
OECD.SDD.TPS:DSD_PRICES@DF_PRICES_ALL(1.0),FRA,M,N,CPI,IX,CP01,N,_Z,2017-08,101.68,A,,2015,,2
OECD.SDD.TPS:DSD_PRICES@DF_PRICES_ALL(1.0),FRA,M,N,CPI,IX,CP01,N,_Z,2017-09,101.6,A,,2015,,2
OECD.SDD.TPS:DSD_PRICES@DF_PRICES_ALL(1.0),FRA,M,N,CPI,IX,CP01,N,_Z,2017-10,102.07,A,,2015,,2
OECD.SDD.TPS:DSD_PRICES@DF_PRICES_ALL(1.0),FRA,M,N,CPI,IX,CP01,N,_Z,2017-11,102.16,A,,2015,,2
OECD.SDD.TPS:DSD_PRICES@DF_PRICES_ALL(1.0),FRA,M,N,CPI,IX,CP01,N,_Z,2017-12,102.18,A,,2015,,2
OECD.SDD.TPS:DSD_PRICES@DF_PRICES_ALL(1.0),FRA,M,N,CPI,IX,CP01,N,_Z,2018-01,102.51,A,,2015,,2
OECD.SDD.TPS:DSD_PRICES@DF_PRICES_ALL(1.0),FRA,M,N,CPI,IX,CP01,N,_Z,2018-02,102.36,A,,2015,,2
OECD.SDD.TPS:DSD_PRICES@DF_PRICES_ALL(1.0),FRA,M,N,CPI,IX,CP01,N,_Z,2018-03,102.76,A,,2015,,2
OECD.SDD.TPS:DSD_PRICES@DF_PRICES_ALL(1.0),FRA,M,N,CPI,IX,CP01,N,_Z,2018-04,102.81,A,,2015,,2
OECD.SDD.TPS:DSD_PRICES@DF_PRICES_ALL(1.0),FRA,M,N,CPI,IX,CP01,N,_Z,2018-05,103.82,A,,2015,,2
OECD.SDD.TPS:DSD_PRICES@DF_PRICES_ALL(1.0),FRA,M,N,CPI,IX,CP01,N,_Z,2018-06,103.61,A,,2015,,2
OECD.SDD.TPS:DSD_PRICES@DF_PRICES_ALL(1.0),FRA,M,N,CPI,IX,CP01,N,_Z,2018-07,103.72,A,,2015,,2
OECD.SDD.TPS:DSD_PRICES@DF_PRICES_ALL(1.0),FRA,M,N,CPI,IX,CP01,N,_Z,2018-08,104.01,A,,2015,,2
OECD.SDD.TPS:DSD_PRICES@DF_PRICES_ALL(1.0),FRA,M,N,CPI,IX,CP01,N,_Z,2018-09,104.66,A,,2015,,2
OECD.SDD.TPS:DSD_PRICES@DF_PRICES_ALL(1.0),FRA,M,N,CPI,IX,CP01,N,_Z,2018-10,104.46,A,,2015,,2
OECD.SDD.TPS:DSD_PRICES@DF_PRICES_ALL(1.0),FRA,M,N,CPI,IX,CP01,N,_Z,2018-11,104.2,A,,2015,,2
OECD.SDD.TPS:DSD_PRICES@DF_PRICES_ALL(1.0),FRA,M,N,CPI,IX,CP01,N,_Z,2018-12,104.85,A,,2015,,2
OECD.SDD.TPS:DSD_PRICES@DF_PRICES_ALL(1.0),FRA,M,N,CPI,IX,CP01,N,_Z,2019-01,105.44,A,,2015,,2
OECD.SDD.TPS:DSD_PRICES@DF_PRICES_ALL(1.0),FRA,M,N,CPI,IX,CP01,N,_Z,2019-02,105.52,A,,2015,,2
OECD.SDD.TPS:DSD_PRICES@DF_PRICES_ALL(1.0),FRA,M,N,CPI,IX,CP01,N,_Z,2019-03,105.23,A,,2015,,2
OECD.SDD.TPS:DSD_PRICES@DF_PRICES_ALL(1.0),FRA,M,N,CPI,IX,CP01,N,_Z,2019-04,105.29,A,,2015,,2
OECD.SDD.TPS:DSD_PRICES@DF_PRICES_ALL(1.0),FRA,M,N,CPI,IX,CP01,N,_Z,2019-05,106.07,A,,2015,,2
OECD.SDD.TPS:DSD_PRICES@DF_PRICES_ALL(1.0),FRA,M,N,CPI,IX,CP01,N,_Z,2019-06,106.19,A,,2015,,2
OECD.SDD.TPS:DSD_PRICES@DF_PRICES_ALL(1.0),FRA,M,N,CPI,IX,CP01,N,_Z,2019-07,106.81,A,,2015,,2
OECD.SDD.TPS:DSD_PRICES@DF_PRICES_ALL(1.0),FRA,M,N,CPI,IX,CP01,N,_Z,2019-08,107.35,A,,2015,,2
OECD.SDD.TPS:DSD_PRICES@DF_PRICES_ALL(1.0),FRA,M,N,CPI,IX,CP01,N,_Z,2019-09,106.75,A,,2015,,2
OECD.SDD.TPS:DSD_PRICES@DF_PRICES_ALL(1.0),FRA,M,N,CPI,IX,CP01,N,_Z,2019-10,106.22,A,,2015,,2
OECD.SDD.TPS:DSD_PRICES@DF_PRICES_ALL(1.0),FRA,M,N,CPI,IX,CP01,N,_Z,2019-11,106.35,A,,2015,,2
OECD.SDD.TPS:DSD_PRICES@DF_PRICES_ALL(1.0),FRA,M,N,CPI,IX,CP01,N,_Z,2019-12,107.01,A,,2015,,2
OECD.SDD.TPS:DSD_PRICES@DF_PRICES_ALL(1.0),FRA,M,N,CPI,IX,CP01,N,_Z,2020-01,107.47,A,,2015,,2
OECD.SDD.TPS:DSD_PRICES@DF_PRICES_ALL(1.0),FRA,M,N,CPI,IX,CP01,N,_Z,2020-02,107.39,A,,2015,,2
OECD.SDD.TPS:DSD_PRICES@DF_PRICES_ALL(1.0),FRA,M,N,CPI,IX,CP01,N,_Z,2020-03,107.34,A,,2015,,2
OECD.SDD.TPS:DSD_PRICES@DF_PRICES_ALL(1.0),FRA,M,N,CPI,IX,CP01,N,_Z,2020-04,109.63,A,,2015,,2
OECD.SDD.TPS:DSD_PRICES@DF_PRICES_ALL(1.0),FRA,M,N,CPI,IX,CP01,N,_Z,2020-05,110.24,A,,2015,,2
OECD.SDD.TPS:DSD_PRICES@DF_PRICES_ALL(1.0),FRA,M,N,CPI,IX,CP01,N,_Z,2020-06,109.19,A,,2015,,2
OECD.SDD.TPS:DSD_PRICES@DF_PRICES_ALL(1.0),FRA,M,N,CPI,IX,CP01,N,_Z,2020-07,108.0,A,,2015,,2
OECD.SDD.TPS:DSD_PRICES@DF_PRICES_ALL(1.0),FRA,M,N,CPI,IX,CP01,N,_Z,2020-08,108.24,A,,2015,,2
OECD.SDD.TPS:DSD_PRICES@DF_PRICES_ALL(1.0),FRA,M,N,CPI,IX,CP01,N,_Z,2020-09,107.69,A,,2015,,2
OECD.SDD.TPS:DSD_PRICES@DF_PRICES_ALL(1.0),FRA,M,N,CPI,IX,CP01,N,_Z,2020-10,107.93,A,,2015,,2
OECD.SDD.TPS:DSD_PRICES@DF_PRICES_ALL(1.0),FRA,M,N,CPI,IX,CP01,N,_Z,2020-11,108.66,A,,2015,,2
OECD.SDD.TPS:DSD_PRICES@DF_PRICES_ALL(1.0),FRA,M,N,CPI,IX,CP01,N,_Z,2020-12,108.21,A,,2015,,2
OECD.SDD.TPS:DSD_PRICES@DF_PRICES_ALL(1.0),FRA,M,N,CPI,IX,CP01,N,_Z,2021-01,108.57,A,,2015,,2
OECD.SDD.TPS:DSD_PRICES@DF_PRICES_ALL(1.0),FRA,M,N,CPI,IX,CP01,N,_Z,2021-02,108.31,A,,2015,,2
OECD.SDD.TPS:DSD_PRICES@DF_PRICES_ALL(1.0),FRA,M,N,CPI,IX,CP01,N,_Z,2021-03,108.38,A,,2015,,2
OECD.SDD.TPS:DSD_PRICES@DF_PRICES_ALL(1.0),FRA,M,N,CPI,IX,CP01,N,_Z,2021-04,109.05,A,,2015,,2
OECD.SDD.TPS:DSD_PRICES@DF_PRICES_ALL(1.0),FRA,M,N,CPI,IX,CP01,N,_Z,2021-05,109.7,A,,2015,,2
OECD.SDD.TPS:DSD_PRICES@DF_PRICES_ALL(1.0),FRA,M,N,CPI,IX,CP01,N,_Z,2021-06,108.87,A,,2015,,2
OECD.SDD.TPS:DSD_PRICES@DF_PRICES_ALL(1.0),FRA,M,N,CPI,IX,CP01,N,_Z,2021-07,108.99,A,,2015,,2
OECD.SDD.TPS:DSD_PRICES@DF_PRICES_ALL(1.0),FRA,M,N,CPI,IX,CP01,N,_Z,2021-08,109.75,A,,2015,,2
OECD.SDD.TPS:DSD_PRICES@DF_PRICES_ALL(1.0),FRA,M,N,CPI,IX,CP01,N,_Z,2021-09,108.86,A,,2015,,2
OECD.SDD.TPS:DSD_PRICES@DF_PRICES_ALL(1.0),FRA,M,N,CPI,IX,CP01,N,_Z,2021-10,108.66,A,,2015,,2
OECD.SDD.TPS:DSD_PRICES@DF_PRICES_ALL(1.0),FRA,M,N,CPI,IX,CP01,N,_Z,2021-11,109.1,A,,2015,,2
OECD.SDD.TPS:DSD_PRICES@DF_PRICES_ALL(1.0),FRA,M,N,CPI,IX,CP01,N,_Z,2021-12,109.74,A,,2015,,2
OECD.SDD.TPS:DSD_PRICES@DF_PRICES_ALL(1.0),FRA,M,N,CPI,IX,CP01,N,_Z,2022-01,110.41,A,,2015,,2
OECD.SDD.TPS:DSD_PRICES@DF_PRICES_ALL(1.0),FRA,M,N,CPI,IX,CP01,N,_Z,2022-02,110.82,A,,2015,,2
OECD.SDD.TPS:DSD_PRICES@DF_PRICES_ALL(1.0),FRA,M,N,CPI,IX,CP01,N,_Z,2022-03,111.87,A,,2015,,2
OECD.SDD.TPS:DSD_PRICES@DF_PRICES_ALL(1.0),FRA,M,N,CPI,IX,CP01,N,_Z,2022-04,113.61,A,,2015,,2
OECD.SDD.TPS:DSD_PRICES@DF_PRICES_ALL(1.0),FRA,M,N,CPI,IX,CP01,N,_Z,2022-05,114.75,A,,2015,,2
OECD.SDD.TPS:DSD_PRICES@DF_PRICES_ALL(1.0),FRA,M,N,CPI,IX,CP01,N,_Z,2022-06,115.71,A,,2015,,2
OECD.SDD.TPS:DSD_PRICES@DF_PRICES_ALL(1.0),FRA,M,N,CPI,IX,CP01,N,_Z,2022-07,116.88,A,,2015,,2
OECD.SDD.TPS:DSD_PRICES@DF_PRICES_ALL(1.0),FRA,M,N,CPI,IX,CP01,N,_Z,2022-08,118.95,A,,2015,,2
OECD.SDD.TPS:DSD_PRICES@DF_PRICES_ALL(1.0),FRA,M,N,CPI,IX,CP01,N,_Z,2022-09,120.41,A,,2015,,2
OECD.SDD.TPS:DSD_PRICES@DF_PRICES_ALL(1.0),FRA,M,N,CPI,IX,CP01,N,_Z,2022-10,122.64,A,,2015,,2
OECD.SDD.TPS:DSD_PRICES@DF_PRICES_ALL(1.0),FRA,M,N,CPI,IX,CP01,N,_Z,2022-11,123.26,A,,2015,,2
OECD.SDD.TPS:DSD_PRICES@DF_PRICES_ALL(1.0),FRA,M,N,CPI,IX,CP01,N,_Z,2022-12,123.86,A,,2015,,2
OECD.SDD.TPS:DSD_PRICES@DF_PRICES_ALL(1.0),FRA,M,N,CPI,IX,CP01,N,_Z,2023-01,126.04,A,,2015,,2
OECD.SDD.TPS:DSD_PRICES@DF_PRICES_ALL(1.0),FRA,M,N,CPI,IX,CP01,N,_Z,2023-02,128.31,A,,2015,,2
OECD.SDD.TPS:DSD_PRICES@DF_PRICES_ALL(1.0),FRA,M,N,CPI,IX,CP01,N,_Z,2023-03,130.78,A,,2015,,2
OECD.SDD.TPS:DSD_PRICES@DF_PRICES_ALL(1.0),FRA,M,N,CPI,IX,CP01,N,_Z,2023-04,131.47,A,,2015,,2
OECD.SDD.TPS:DSD_PRICES@DF_PRICES_ALL(1.0),FRA,M,N,CPI,IX,CP01,N,_Z,2023-05,131.9,A,,2015,,2
OECD.SDD.TPS:DSD_PRICES@DF_PRICES_ALL(1.0),FRA,M,N,CPI,IX,CP01,N,_Z,2023-06,132.22,A,,2015,,2
OECD.SDD.TPS:DSD_PRICES@DF_PRICES_ALL(1.0),FRA,M,N,CPI,IX,CP01,N,_Z,2023-07,132.28,A,,2015,,2
OECD.SDD.TPS:DSD_PRICES@DF_PRICES_ALL(1.0),FRA,M,N,CPI,IX,CP01,N,_Z,2023-08,132.75,A,,2015,,2
OECD.SDD.TPS:DSD_PRICES@DF_PRICES_ALL(1.0),FRA,M,N,CPI,IX,CP01,N,_Z,2023-09,132.39,A,,2015,,2
OECD.SDD.TPS:DSD_PRICES@DF_PRICES_ALL(1.0),FRA,M,N,CPI,IX,CP01,N,_Z,2023-10,132.43,A,,2015,,2
OECD.SDD.TPS:DSD_PRICES@DF_PRICES_ALL(1.0),FRA,M,N,CPI,IX,CP01,N,_Z,2023-11,132.98,A,,2015,,2
OECD.SDD.TPS:DSD_PRICES@DF_PRICES_ALL(1.0),FRA,M,N,CPI,IX,CP01,N,_Z,2023-12,133.05,A,,2015,,2
OECD.SDD.TPS:DSD_PRICES@DF_PRICES_ALL(1.0),FRA,M,N,CPI,IX,CP01,N,_Z,2024-01,133.28,A,,2015,,2
OECD.SDD.TPS:DSD_PRICES@DF_PRICES_ALL(1.0),FRA,M,N,CPI,IX,CP01,N,_Z,2024-02,132.81,A,,2015,,2
OECD.SDD.TPS:DSD_PRICES@DF_PRICES_ALL(1.0),FRA,M,N,CPI,IX,CP01,N,_Z,2024-03,132.82,A,,2015,,2
OECD.SDD.TPS:DSD_PRICES@DF_PRICES_ALL(1.0),FRA,M,N,CPI,IX,CP01,N,_Z,2024-04,132.95,A,,2015,,2
OECD.SDD.TPS:DSD_PRICES@DF_PRICES_ALL(1.0),FRA,M,N,CPI,IX,CP01,N,_Z,2024-05,133.52,A,,2015,,2
OECD.SDD.TPS:DSD_PRICES@DF_PRICES_ALL(1.0),FRA,M,N,CPI,IX,CP01,N,_Z,2024-06,133.27,A,,2015,,2
OECD.SDD.TPS:DSD_PRICES@DF_PRICES_ALL(1.0),FRA,M,N,CPI,IX,CP01,N,_Z,2024-07,132.95,A,,2015,,2
OECD.SDD.TPS:DSD_PRICES@DF_PRICES_ALL(1.0),FRA,M,N,CPI,IX,CP01,N,_Z,2024-08,133.38,A,,2015,,2
OECD.SDD.TPS:DSD_PRICES@DF_PRICES_ALL(1.0),FRA,M,N,CPI,IX,CP01,N,_Z,2024-09,132.95,A,,2015,,2
OECD.SDD.TPS:DSD_PRICES@DF_PRICES_ALL(1.0),FRA,M,N,CPI,IX,CP01,N,_Z,2024-10,133.3,A,,2015,,2
OECD.SDD.TPS:DSD_PRICES@DF_PRICES_ALL(1.0),FRA,M,N,CPI,IX,CP01,N,_Z,2024-11,133.19,A,,2015,,2
OECD.SDD.TPS:DSD_PRICES@DF_PRICES_ALL(1.0),FRA,M,N,CPI,IX,CP01,N,_Z,2024-12,133.02,A,,2015,,2
OECD.SDD.TPS:DSD_PRICES@DF_PRICES_ALL(1.0),FRA,M,N,CPI,IX,CP01,N,_Z,2025-01,133.42,A,,2015,,2
OECD.SDD.TPS:DSD_PRICES@DF_PRICES_ALL(1.0),FRA,M,N,CPI,IX,CP01,N,_Z,2025-02,133.28,A,,2015,,2
OECD.SDD.TPS:DSD_PRICES@DF_PRICES_ALL(1.0),FRA,M,N,CPI,IX,CP01,N,_Z,2025-03,133.69,A,,2015,,2
OECD.SDD.TPS:DSD_PRICES@DF_PRICES_ALL(1.0),FRA,M,N,CPI,IX,CP01,N,_Z,2025-04,134.78,A,,2015,,2
OECD.SDD.TPS:DSD_PRICES@DF_PRICES_ALL(1.0),FRA,M,N,CPI,IX,CP01,N,_Z,2025-05,135.42,A,,2015,,2
OECD.SDD.TPS:DSD_PRICES@DF_PRICES_ALL(1.0),FRA,M,N,CPI,IX,CP01,N,_Z,2025-06,135.24,A,,2015,,2
OECD.SDD.TPS:DSD_PRICES@DF_PRICES_ALL(1.0),FRA,M,N,CPI,IX,CP01,N,_Z,2025-07,135.3,A,,2015,,2
OECD.SDD.TPS:DSD_PRICES@DF_PRICES_ALL(1.0),FRA,M,N,CPI,IX,CP01,N,_Z,2025-08,135.73,A,,2015,,2
OECD.SDD.TPS:DSD_PRICES@DF_PRICES_ALL(1.0),FRA,M,N,CPI,IX,CP01,N,_Z,2025-09,135.46,A,,2015,,2
OECD.SDD.TPS:DSD_PRICES@DF_PRICES_ALL(1.0),FRA,M,N,CPI,IX,CP01,N,_Z,2025-10,135.16,A,,2015,,2
OECD.SDD.TPS:DSD_PRICES@DF_PRICES_ALL(1.0),FRA,M,N,CPI,IX,CP01,N,_Z,2025-11,135.16,A,,2015,,2
OECD.SDD.TPS:DSD_PRICES@DF_PRICES_ALL(1.0),FRA,M,N,CPI,IX,CP01,N,_Z,2025-12,135.46,A,,2015,,2
OECD.SDD.TPS:DSD_PRICES@DF_PRICES_ALL(1.0),DEU,M,N,CPI,IX,CP01,N,_Z,2014-01,100.3806,A,,2015,,2
OECD.SDD.TPS:DSD_PRICES@DF_PRICES_ALL(1.0),DEU,M,N,CPI,IX,CP01,N,_Z,2014-02,100.2915,A,,2015,,2
OECD.SDD.TPS:DSD_PRICES@DF_PRICES_ALL(1.0),DEU,M,N,CPI,IX,CP01,N,_Z,2014-03,99.93489,A,,2015,,2
OECD.SDD.TPS:DSD_PRICES@DF_PRICES_ALL(1.0),DEU,M,N,CPI,IX,CP01,N,_Z,2014-04,99.57829,A,,2015,,2
OECD.SDD.TPS:DSD_PRICES@DF_PRICES_ALL(1.0),DEU,M,N,CPI,IX,CP01,N,_Z,2014-05,99.4,A,,2015,,2
OECD.SDD.TPS:DSD_PRICES@DF_PRICES_ALL(1.0),DEU,M,N,CPI,IX,CP01,N,_Z,2014-06,99.31085,A,,2015,,2
OECD.SDD.TPS:DSD_PRICES@DF_PRICES_ALL(1.0),DEU,M,N,CPI,IX,CP01,N,_Z,2014-07,99.31085,A,,2015,,2
OECD.SDD.TPS:DSD_PRICES@DF_PRICES_ALL(1.0),DEU,M,N,CPI,IX,CP01,N,_Z,2014-08,98.86511,A,,2015,,2
OECD.SDD.TPS:DSD_PRICES@DF_PRICES_ALL(1.0),DEU,M,N,CPI,IX,CP01,N,_Z,2014-09,99.04341,A,,2015,,2
OECD.SDD.TPS:DSD_PRICES@DF_PRICES_ALL(1.0),DEU,M,N,CPI,IX,CP01,N,_Z,2014-10,99.04341,A,,2015,,2
OECD.SDD.TPS:DSD_PRICES@DF_PRICES_ALL(1.0),DEU,M,N,CPI,IX,CP01,N,_Z,2014-11,98.68681,A,,2015,,2
OECD.SDD.TPS:DSD_PRICES@DF_PRICES_ALL(1.0),DEU,M,N,CPI,IX,CP01,N,_Z,2014-12,99.04341,A,,2015,,2
OECD.SDD.TPS:DSD_PRICES@DF_PRICES_ALL(1.0),DEU,M,N,CPI,IX,CP01,N,_Z,2015-01,99.4,A,,2015,,2
OECD.SDD.TPS:DSD_PRICES@DF_PRICES_ALL(1.0),DEU,M,N,CPI,IX,CP01,N,_Z,2015-02,100.2,A,,2015,,2
OECD.SDD.TPS:DSD_PRICES@DF_PRICES_ALL(1.0),DEU,M,N,CPI,IX,CP01,N,_Z,2015-03,100.2,A,,2015,,2
OECD.SDD.TPS:DSD_PRICES@DF_PRICES_ALL(1.0),DEU,M,N,CPI,IX,CP01,N,_Z,2015-04,100.9,A,,2015,,2
OECD.SDD.TPS:DSD_PRICES@DF_PRICES_ALL(1.0),DEU,M,N,CPI,IX,CP01,N,_Z,2015-05,100.8,A,,2015,,2
OECD.SDD.TPS:DSD_PRICES@DF_PRICES_ALL(1.0),DEU,M,N,CPI,IX,CP01,N,_Z,2015-06,100.2,A,,2015,,2
OECD.SDD.TPS:DSD_PRICES@DF_PRICES_ALL(1.0),DEU,M,N,CPI,IX,CP01,N,_Z,2015-07,99.5,A,,2015,,2
OECD.SDD.TPS:DSD_PRICES@DF_PRICES_ALL(1.0),DEU,M,N,CPI,IX,CP01,N,_Z,2015-08,99.2,A,,2015,,2
OECD.SDD.TPS:DSD_PRICES@DF_PRICES_ALL(1.0),DEU,M,N,CPI,IX,CP01,N,_Z,2015-09,99.7,A,,2015,,2
OECD.SDD.TPS:DSD_PRICES@DF_PRICES_ALL(1.0),DEU,M,N,CPI,IX,CP01,N,_Z,2015-10,100.0,A,,2015,,2
OECD.SDD.TPS:DSD_PRICES@DF_PRICES_ALL(1.0),DEU,M,N,CPI,IX,CP01,N,_Z,2015-11,100.1,A,,2015,,2
OECD.SDD.TPS:DSD_PRICES@DF_PRICES_ALL(1.0),DEU,M,N,CPI,IX,CP01,N,_Z,2015-12,99.8,A,,2015,,2
OECD.SDD.TPS:DSD_PRICES@DF_PRICES_ALL(1.0),DEU,M,N,CPI,IX,CP01,N,_Z,2016-01,100.0,A,,2015,,2
OECD.SDD.TPS:DSD_PRICES@DF_PRICES_ALL(1.0),DEU,M,N,CPI,IX,CP01,N,_Z,2016-02,100.7,A,,2015,,2
OECD.SDD.TPS:DSD_PRICES@DF_PRICES_ALL(1.0),DEU,M,N,CPI,IX,CP01,N,_Z,2016-03,101.1,A,,2015,,2
OECD.SDD.TPS:DSD_PRICES@DF_PRICES_ALL(1.0),DEU,M,N,CPI,IX,CP01,N,_Z,2016-04,101.4,A,,2015,,2
OECD.SDD.TPS:DSD_PRICES@DF_PRICES_ALL(1.0),DEU,M,N,CPI,IX,CP01,N,_Z,2016-05,100.7,A,,2015,,2
OECD.SDD.TPS:DSD_PRICES@DF_PRICES_ALL(1.0),DEU,M,N,CPI,IX,CP01,N,_Z,2016-06,100.3,A,,2015,,2
OECD.SDD.TPS:DSD_PRICES@DF_PRICES_ALL(1.0),DEU,M,N,CPI,IX,CP01,N,_Z,2016-07,100.7,A,,2015,,2
OECD.SDD.TPS:DSD_PRICES@DF_PRICES_ALL(1.0),DEU,M,N,CPI,IX,CP01,N,_Z,2016-08,100.2,A,,2015,,2
OECD.SDD.TPS:DSD_PRICES@DF_PRICES_ALL(1.0),DEU,M,N,CPI,IX,CP01,N,_Z,2016-09,100.4,A,,2015,,2
OECD.SDD.TPS:DSD_PRICES@DF_PRICES_ALL(1.0),DEU,M,N,CPI,IX,CP01,N,_Z,2016-10,100.4,A,,2015,,2
OECD.SDD.TPS:DSD_PRICES@DF_PRICES_ALL(1.0),DEU,M,N,CPI,IX,CP01,N,_Z,2016-11,101.5,A,,2015,,2
OECD.SDD.TPS:DSD_PRICES@DF_PRICES_ALL(1.0),DEU,M,N,CPI,IX,CP01,N,_Z,2016-12,102.3,A,,2015,,2
OECD.SDD.TPS:DSD_PRICES@DF_PRICES_ALL(1.0),DEU,M,N,CPI,IX,CP01,N,_Z,2017-01,103.2,A,,2015,,2
OECD.SDD.TPS:DSD_PRICES@DF_PRICES_ALL(1.0),DEU,M,N,CPI,IX,CP01,N,_Z,2017-02,105.2,A,,2015,,2
OECD.SDD.TPS:DSD_PRICES@DF_PRICES_ALL(1.0),DEU,M,N,CPI,IX,CP01,N,_Z,2017-03,103.4,A,,2015,,2
OECD.SDD.TPS:DSD_PRICES@DF_PRICES_ALL(1.0),DEU,M,N,CPI,IX,CP01,N,_Z,2017-04,102.9,A,,2015,,2
OECD.SDD.TPS:DSD_PRICES@DF_PRICES_ALL(1.0),DEU,M,N,CPI,IX,CP01,N,_Z,2017-05,102.9,A,,2015,,2
OECD.SDD.TPS:DSD_PRICES@DF_PRICES_ALL(1.0),DEU,M,N,CPI,IX,CP01,N,_Z,2017-06,102.7,A,,2015,,2
OECD.SDD.TPS:DSD_PRICES@DF_PRICES_ALL(1.0),DEU,M,N,CPI,IX,CP01,N,_Z,2017-07,103.0,A,,2015,,2
OECD.SDD.TPS:DSD_PRICES@DF_PRICES_ALL(1.0),DEU,M,N,CPI,IX,CP01,N,_Z,2017-08,102.9,A,,2015,,2
OECD.SDD.TPS:DSD_PRICES@DF_PRICES_ALL(1.0),DEU,M,N,CPI,IX,CP01,N,_Z,2017-09,103.4,A,,2015,,2
OECD.SDD.TPS:DSD_PRICES@DF_PRICES_ALL(1.0),DEU,M,N,CPI,IX,CP01,N,_Z,2017-10,104.2,A,,2015,,2
OECD.SDD.TPS:DSD_PRICES@DF_PRICES_ALL(1.0),DEU,M,N,CPI,IX,CP01,N,_Z,2017-11,104.3,A,,2015,,2
OECD.SDD.TPS:DSD_PRICES@DF_PRICES_ALL(1.0),DEU,M,N,CPI,IX,CP01,N,_Z,2017-12,105.0,A,,2015,,2
OECD.SDD.TPS:DSD_PRICES@DF_PRICES_ALL(1.0),DEU,M,N,CPI,IX,CP01,N,_Z,2018-01,105.9,A,,2015,,2
OECD.SDD.TPS:DSD_PRICES@DF_PRICES_ALL(1.0),DEU,M,N,CPI,IX,CP01,N,_Z,2018-02,105.8,A,,2015,,2
OECD.SDD.TPS:DSD_PRICES@DF_PRICES_ALL(1.0),DEU,M,N,CPI,IX,CP01,N,_Z,2018-03,106.1,A,,2015,,2
OECD.SDD.TPS:DSD_PRICES@DF_PRICES_ALL(1.0),DEU,M,N,CPI,IX,CP01,N,_Z,2018-04,106.1,A,,2015,,2
OECD.SDD.TPS:DSD_PRICES@DF_PRICES_ALL(1.0),DEU,M,N,CPI,IX,CP01,N,_Z,2018-05,106.2,A,,2015,,2
OECD.SDD.TPS:DSD_PRICES@DF_PRICES_ALL(1.0),DEU,M,N,CPI,IX,CP01,N,_Z,2018-06,106.1,A,,2015,,2
OECD.SDD.TPS:DSD_PRICES@DF_PRICES_ALL(1.0),DEU,M,N,CPI,IX,CP01,N,_Z,2018-07,105.6,A,,2015,,2
OECD.SDD.TPS:DSD_PRICES@DF_PRICES_ALL(1.0),DEU,M,N,CPI,IX,CP01,N,_Z,2018-08,105.3,A,,2015,,2
OECD.SDD.TPS:DSD_PRICES@DF_PRICES_ALL(1.0),DEU,M,N,CPI,IX,CP01,N,_Z,2018-09,106.3,A,,2015,,2
OECD.SDD.TPS:DSD_PRICES@DF_PRICES_ALL(1.0),DEU,M,N,CPI,IX,CP01,N,_Z,2018-10,106.1,A,,2015,,2
OECD.SDD.TPS:DSD_PRICES@DF_PRICES_ALL(1.0),DEU,M,N,CPI,IX,CP01,N,_Z,2018-11,105.9,A,,2015,,2
OECD.SDD.TPS:DSD_PRICES@DF_PRICES_ALL(1.0),DEU,M,N,CPI,IX,CP01,N,_Z,2018-12,106.1,A,,2015,,2
OECD.SDD.TPS:DSD_PRICES@DF_PRICES_ALL(1.0),DEU,M,N,CPI,IX,CP01,N,_Z,2019-01,106.6,A,,2015,,2
OECD.SDD.TPS:DSD_PRICES@DF_PRICES_ALL(1.0),DEU,M,N,CPI,IX,CP01,N,_Z,2019-02,107.2,A,,2015,,2
OECD.SDD.TPS:DSD_PRICES@DF_PRICES_ALL(1.0),DEU,M,N,CPI,IX,CP01,N,_Z,2019-03,106.6,A,,2015,,2
OECD.SDD.TPS:DSD_PRICES@DF_PRICES_ALL(1.0),DEU,M,N,CPI,IX,CP01,N,_Z,2019-04,106.6,A,,2015,,2
OECD.SDD.TPS:DSD_PRICES@DF_PRICES_ALL(1.0),DEU,M,N,CPI,IX,CP01,N,_Z,2019-05,107.1,A,,2015,,2
OECD.SDD.TPS:DSD_PRICES@DF_PRICES_ALL(1.0),DEU,M,N,CPI,IX,CP01,N,_Z,2019-06,107.2,A,,2015,,2
OECD.SDD.TPS:DSD_PRICES@DF_PRICES_ALL(1.0),DEU,M,N,CPI,IX,CP01,N,_Z,2019-07,107.5,A,,2015,,2
OECD.SDD.TPS:DSD_PRICES@DF_PRICES_ALL(1.0),DEU,M,N,CPI,IX,CP01,N,_Z,2019-08,107.7,A,,2015,,2
OECD.SDD.TPS:DSD_PRICES@DF_PRICES_ALL(1.0),DEU,M,N,CPI,IX,CP01,N,_Z,2019-09,107.5,A,,2015,,2
OECD.SDD.TPS:DSD_PRICES@DF_PRICES_ALL(1.0),DEU,M,N,CPI,IX,CP01,N,_Z,2019-10,107.1,A,,2015,,2
OECD.SDD.TPS:DSD_PRICES@DF_PRICES_ALL(1.0),DEU,M,N,CPI,IX,CP01,N,_Z,2019-11,107.6,A,,2015,,2
OECD.SDD.TPS:DSD_PRICES@DF_PRICES_ALL(1.0),DEU,M,N,CPI,IX,CP01,N,_Z,2019-12,108.1,A,,2015,,2
OECD.SDD.TPS:DSD_PRICES@DF_PRICES_ALL(1.0),DEU,M,N,CPI,IX,CP01,N,_Z,2020-01,109.2,A,,2015,,2
OECD.SDD.TPS:DSD_PRICES@DF_PRICES_ALL(1.0),DEU,M,N,CPI,IX,CP01,N,_Z,2020-02,110.6239,A,,2015,,2
OECD.SDD.TPS:DSD_PRICES@DF_PRICES_ALL(1.0),DEU,M,N,CPI,IX,CP01,N,_Z,2020-03,110.5143,A,,2015,,2
OECD.SDD.TPS:DSD_PRICES@DF_PRICES_ALL(1.0),DEU,M,N,CPI,IX,CP01,N,_Z,2020-04,111.6096,A,,2015,,2
OECD.SDD.TPS:DSD_PRICES@DF_PRICES_ALL(1.0),DEU,M,N,CPI,IX,CP01,N,_Z,2020-05,111.5001,A,,2015,,2
OECD.SDD.TPS:DSD_PRICES@DF_PRICES_ALL(1.0),DEU,M,N,CPI,IX,CP01,N,_Z,2020-06,111.281,A,,2015,,2
OECD.SDD.TPS:DSD_PRICES@DF_PRICES_ALL(1.0),DEU,M,N,CPI,IX,CP01,N,_Z,2020-07,108.3238,A,,2015,,2
OECD.SDD.TPS:DSD_PRICES@DF_PRICES_ALL(1.0),DEU,M,N,CPI,IX,CP01,N,_Z,2020-08,108.1047,A,,2015,,2
OECD.SDD.TPS:DSD_PRICES@DF_PRICES_ALL(1.0),DEU,M,N,CPI,IX,CP01,N,_Z,2020-09,107.8857,A,,2015,,2
OECD.SDD.TPS:DSD_PRICES@DF_PRICES_ALL(1.0),DEU,M,N,CPI,IX,CP01,N,_Z,2020-10,108.2142,A,,2015,,2
OECD.SDD.TPS:DSD_PRICES@DF_PRICES_ALL(1.0),DEU,M,N,CPI,IX,CP01,N,_Z,2020-11,108.7619,A,,2015,,2
OECD.SDD.TPS:DSD_PRICES@DF_PRICES_ALL(1.0),DEU,M,N,CPI,IX,CP01,N,_Z,2020-12,108.3238,A,,2015,,2
OECD.SDD.TPS:DSD_PRICES@DF_PRICES_ALL(1.0),DEU,M,N,CPI,IX,CP01,N,_Z,2021-01,111.1715,A,,2015,,2
OECD.SDD.TPS:DSD_PRICES@DF_PRICES_ALL(1.0),DEU,M,N,CPI,IX,CP01,N,_Z,2021-02,112.1573,A,,2015,,2
OECD.SDD.TPS:DSD_PRICES@DF_PRICES_ALL(1.0),DEU,M,N,CPI,IX,CP01,N,_Z,2021-03,112.2668,A,,2015,,2
OECD.SDD.TPS:DSD_PRICES@DF_PRICES_ALL(1.0),DEU,M,N,CPI,IX,CP01,N,_Z,2021-04,113.6907,A,,2015,,2
OECD.SDD.TPS:DSD_PRICES@DF_PRICES_ALL(1.0),DEU,M,N,CPI,IX,CP01,N,_Z,2021-05,113.0335,A,,2015,,2
OECD.SDD.TPS:DSD_PRICES@DF_PRICES_ALL(1.0),DEU,M,N,CPI,IX,CP01,N,_Z,2021-06,112.4859,A,,2015,,2
OECD.SDD.TPS:DSD_PRICES@DF_PRICES_ALL(1.0),DEU,M,N,CPI,IX,CP01,N,_Z,2021-07,112.924,A,,2015,,2
OECD.SDD.TPS:DSD_PRICES@DF_PRICES_ALL(1.0),DEU,M,N,CPI,IX,CP01,N,_Z,2021-08,112.924,A,,2015,,2
OECD.SDD.TPS:DSD_PRICES@DF_PRICES_ALL(1.0),DEU,M,N,CPI,IX,CP01,N,_Z,2021-09,112.924,A,,2015,,2
OECD.SDD.TPS:DSD_PRICES@DF_PRICES_ALL(1.0),DEU,M,N,CPI,IX,CP01,N,_Z,2021-10,112.924,A,,2015,,2
OECD.SDD.TPS:DSD_PRICES@DF_PRICES_ALL(1.0),DEU,M,N,CPI,IX,CP01,N,_Z,2021-11,113.6907,A,,2015,,2
OECD.SDD.TPS:DSD_PRICES@DF_PRICES_ALL(1.0),DEU,M,N,CPI,IX,CP01,N,_Z,2021-12,114.786,A,,2015,,2
OECD.SDD.TPS:DSD_PRICES@DF_PRICES_ALL(1.0),DEU,M,N,CPI,IX,CP01,N,_Z,2022-01,116.6479,A,,2015,,2
OECD.SDD.TPS:DSD_PRICES@DF_PRICES_ALL(1.0),DEU,M,N,CPI,IX,CP01,N,_Z,2022-02,117.8528,A,,2015,,2
OECD.SDD.TPS:DSD_PRICES@DF_PRICES_ALL(1.0),DEU,M,N,CPI,IX,CP01,N,_Z,2022-03,118.8385,A,,2015,,2
OECD.SDD.TPS:DSD_PRICES@DF_PRICES_ALL(1.0),DEU,M,N,CPI,IX,CP01,N,_Z,2022-04,122.672,A,,2015,,2
OECD.SDD.TPS:DSD_PRICES@DF_PRICES_ALL(1.0),DEU,M,N,CPI,IX,CP01,N,_Z,2022-05,124.8626,A,,2015,,2
OECD.SDD.TPS:DSD_PRICES@DF_PRICES_ALL(1.0),DEU,M,N,CPI,IX,CP01,N,_Z,2022-06,125.9579,A,,2015,,2
OECD.SDD.TPS:DSD_PRICES@DF_PRICES_ALL(1.0),DEU,M,N,CPI,IX,CP01,N,_Z,2022-07,128.477,A,,2015,,2
OECD.SDD.TPS:DSD_PRICES@DF_PRICES_ALL(1.0),DEU,M,N,CPI,IX,CP01,N,_Z,2022-08,130.2295,A,,2015,,2
OECD.SDD.TPS:DSD_PRICES@DF_PRICES_ALL(1.0),DEU,M,N,CPI,IX,CP01,N,_Z,2022-09,132.5296,A,,2015,,2
OECD.SDD.TPS:DSD_PRICES@DF_PRICES_ALL(1.0),DEU,M,N,CPI,IX,CP01,N,_Z,2022-10,134.282,A,,2015,,2
OECD.SDD.TPS:DSD_PRICES@DF_PRICES_ALL(1.0),DEU,M,N,CPI,IX,CP01,N,_Z,2022-11,135.8154,A,,2015,,2
OECD.SDD.TPS:DSD_PRICES@DF_PRICES_ALL(1.0),DEU,M,N,CPI,IX,CP01,N,_Z,2022-12,137.0203,A,,2015,,2
OECD.SDD.TPS:DSD_PRICES@DF_PRICES_ALL(1.0),DEU,M,N,CPI,IX,CP01,N,_Z,2023-01,139.1013,A,,2015,,2
OECD.SDD.TPS:DSD_PRICES@DF_PRICES_ALL(1.0),DEU,M,N,CPI,IX,CP01,N,_Z,2023-02,142.2776,A,,2015,,2
OECD.SDD.TPS:DSD_PRICES@DF_PRICES_ALL(1.0),DEU,M,N,CPI,IX,CP01,N,_Z,2023-03,144.0301,A,,2015,,2
OECD.SDD.TPS:DSD_PRICES@DF_PRICES_ALL(1.0),DEU,M,N,CPI,IX,CP01,N,_Z,2023-04,143.2634,A,,2015,,2
OECD.SDD.TPS:DSD_PRICES@DF_PRICES_ALL(1.0),DEU,M,N,CPI,IX,CP01,N,_Z,2023-05,142.9348,A,,2015,,2
OECD.SDD.TPS:DSD_PRICES@DF_PRICES_ALL(1.0),DEU,M,N,CPI,IX,CP01,N,_Z,2023-06,142.8253,A,,2015,,2
OECD.SDD.TPS:DSD_PRICES@DF_PRICES_ALL(1.0),DEU,M,N,CPI,IX,CP01,N,_Z,2023-07,142.4967,A,,2015,,2
OECD.SDD.TPS:DSD_PRICES@DF_PRICES_ALL(1.0),DEU,M,N,CPI,IX,CP01,N,_Z,2023-08,142.0586,A,,2015,,2
OECD.SDD.TPS:DSD_PRICES@DF_PRICES_ALL(1.0),DEU,M,N,CPI,IX,CP01,N,_Z,2023-09,142.7157,A,,2015,,2
OECD.SDD.TPS:DSD_PRICES@DF_PRICES_ALL(1.0),DEU,M,N,CPI,IX,CP01,N,_Z,2023-10,142.8253,A,,2015,,2
OECD.SDD.TPS:DSD_PRICES@DF_PRICES_ALL(1.0),DEU,M,N,CPI,IX,CP01,N,_Z,2023-11,143.7015,A,,2015,,2
OECD.SDD.TPS:DSD_PRICES@DF_PRICES_ALL(1.0),DEU,M,N,CPI,IX,CP01,N,_Z,2023-12,143.7015,A,,2015,,2
OECD.SDD.TPS:DSD_PRICES@DF_PRICES_ALL(1.0),DEU,M,N,CPI,IX,CP01,N,_Z,2024-01,144.9063,A,,2015,,2
OECD.SDD.TPS:DSD_PRICES@DF_PRICES_ALL(1.0),DEU,M,N,CPI,IX,CP01,N,_Z,2024-02,144.5777,A,,2015,,2
OECD.SDD.TPS:DSD_PRICES@DF_PRICES_ALL(1.0),DEU,M,N,CPI,IX,CP01,N,_Z,2024-03,144.2491,A,,2015,,2
OECD.SDD.TPS:DSD_PRICES@DF_PRICES_ALL(1.0),DEU,M,N,CPI,IX,CP01,N,_Z,2024-04,144.7968,A,,2015,,2
OECD.SDD.TPS:DSD_PRICES@DF_PRICES_ALL(1.0),DEU,M,N,CPI,IX,CP01,N,_Z,2024-05,144.6873,A,,2015,,2
OECD.SDD.TPS:DSD_PRICES@DF_PRICES_ALL(1.0),DEU,M,N,CPI,IX,CP01,N,_Z,2024-06,144.9063,A,,2015,,2
OECD.SDD.TPS:DSD_PRICES@DF_PRICES_ALL(1.0),DEU,M,N,CPI,IX,CP01,N,_Z,2024-07,145.1254,A,,2015,,2
OECD.SDD.TPS:DSD_PRICES@DF_PRICES_ALL(1.0),DEU,M,N,CPI,IX,CP01,N,_Z,2024-08,145.0159,A,,2015,,2
OECD.SDD.TPS:DSD_PRICES@DF_PRICES_ALL(1.0),DEU,M,N,CPI,IX,CP01,N,_Z,2024-09,145.673,A,,2015,,2
OECD.SDD.TPS:DSD_PRICES@DF_PRICES_ALL(1.0),DEU,M,N,CPI,IX,CP01,N,_Z,2024-10,146.8778,A,,2015,,2
OECD.SDD.TPS:DSD_PRICES@DF_PRICES_ALL(1.0),DEU,M,N,CPI,IX,CP01,N,_Z,2024-11,147.2064,A,,2015,,2
OECD.SDD.TPS:DSD_PRICES@DF_PRICES_ALL(1.0),DEU,M,N,CPI,IX,CP01,N,_Z,2024-12,147.4255,A,,2015,,2
OECD.SDD.TPS:DSD_PRICES@DF_PRICES_ALL(1.0),DEU,M,N,CPI,IX,CP01,N,_Z,2025-01,146.9874,A,,2015,,2
OECD.SDD.TPS:DSD_PRICES@DF_PRICES_ALL(1.0),DEU,M,N,CPI,IX,CP01,N,_Z,2025-02,148.6303,A,,2015,,2
OECD.SDD.TPS:DSD_PRICES@DF_PRICES_ALL(1.0),DEU,M,N,CPI,IX,CP01,N,_Z,2025-03,149.1779,A,,2015,,2
OECD.SDD.TPS:DSD_PRICES@DF_PRICES_ALL(1.0),DEU,M,N,CPI,IX,CP01,N,_Z,2025-04,149.5065,A,,2015,,2
OECD.SDD.TPS:DSD_PRICES@DF_PRICES_ALL(1.0),DEU,M,N,CPI,IX,CP01,N,_Z,2025-05,149.5065,A,,2015,,2
OECD.SDD.TPS:DSD_PRICES@DF_PRICES_ALL(1.0),DEU,M,N,CPI,IX,CP01,N,_Z,2025-06,148.8493,A,,2015,,2
OECD.SDD.TPS:DSD_PRICES@DF_PRICES_ALL(1.0),DEU,M,N,CPI,IX,CP01,N,_Z,2025-07,149.1779,A,,2015,,2
OECD.SDD.TPS:DSD_PRICES@DF_PRICES_ALL(1.0),DEU,M,N,CPI,IX,CP01,N,_Z,2025-08,149.616,A,,2015,,2
OECD.SDD.TPS:DSD_PRICES@DF_PRICES_ALL(1.0),DEU,M,N,CPI,IX,CP01,N,_Z,2025-09,149.8351,A,,2015,,2
OECD.SDD.TPS:DSD_PRICES@DF_PRICES_ALL(1.0),DEU,M,N,CPI,IX,CP01,N,_Z,2025-10,149.8351,A,,2015,,2
OECD.SDD.TPS:DSD_PRICES@DF_PRICES_ALL(1.0),DEU,M,N,CPI,IX,CP01,N,_Z,2025-11,149.8351,A,,2015,,2
OECD.SDD.TPS:DSD_PRICES@DF_PRICES_ALL(1.0),DEU,M,N,CPI,IX,CP01,N,_Z,2025-12,149.5065,A,,2015,,2
OECD.SDD.TPS:DSD_PRICES@DF_PRICES_ALL(1.0),DEU,M,N,CPI,IX,CP01,N,_Z,2026-01,150.8209,A,,2015,,2
OECD.SDD.TPS:DSD_PRICES@DF_PRICES_ALL(1.0),DEU,M,N,CPI,IX,CP01,N,_Z,2026-02,150.9304,A,,2015,,2
OECD.SDD.TPS:DSD_PRICES@DF_PRICES_ALL(1.0),DEU,M,N,CPI,IX,CP01,N,_Z,2026-03,151.1494,A,,2015,,2
OECD.SDD.TPS:DSD_PRICES@DF_PRICES_ALL(1.0),DEU,M,N,CPI,IX,CP01,N,_Z,2026-04,151.8066,A,,2015,,2
OECD.SDD.TPS:DSD_PRICES@DF_PRICES_ALL(1.0),DEU,M,N,CPI,IX,CP01,N,_Z,2026-05,150.6018,A,,2015,,2
OECD.SDD.TPS:DSD_PRICES@DF_PRICES_ALL(1.0),FRA,M,N,CPI,IX,_T,N,_Z,2014-01,99.24,A,,2015,,2
OECD.SDD.TPS:DSD_PRICES@DF_PRICES_ALL(1.0),FRA,M,N,CPI,IX,_T,N,_Z,2014-02,99.79,A,,2015,,2
OECD.SDD.TPS:DSD_PRICES@DF_PRICES_ALL(1.0),FRA,M,N,CPI,IX,_T,N,_Z,2014-03,100.24,A,,2015,,2
OECD.SDD.TPS:DSD_PRICES@DF_PRICES_ALL(1.0),FRA,M,N,CPI,IX,_T,N,_Z,2014-04,100.2,A,,2015,,2
OECD.SDD.TPS:DSD_PRICES@DF_PRICES_ALL(1.0),FRA,M,N,CPI,IX,_T,N,_Z,2014-05,100.22,A,,2015,,2
OECD.SDD.TPS:DSD_PRICES@DF_PRICES_ALL(1.0),FRA,M,N,CPI,IX,_T,N,_Z,2014-06,100.18,A,,2015,,2
OECD.SDD.TPS:DSD_PRICES@DF_PRICES_ALL(1.0),FRA,M,N,CPI,IX,_T,N,_Z,2014-07,99.86,A,,2015,,2
OECD.SDD.TPS:DSD_PRICES@DF_PRICES_ALL(1.0),FRA,M,N,CPI,IX,_T,N,_Z,2014-08,100.3,A,,2015,,2
OECD.SDD.TPS:DSD_PRICES@DF_PRICES_ALL(1.0),FRA,M,N,CPI,IX,_T,N,_Z,2014-09,99.92,A,,2015,,2
OECD.SDD.TPS:DSD_PRICES@DF_PRICES_ALL(1.0),FRA,M,N,CPI,IX,_T,N,_Z,2014-10,99.95,A,,2015,,2
OECD.SDD.TPS:DSD_PRICES@DF_PRICES_ALL(1.0),FRA,M,N,CPI,IX,_T,N,_Z,2014-11,99.78,A,,2015,,2
OECD.SDD.TPS:DSD_PRICES@DF_PRICES_ALL(1.0),FRA,M,N,CPI,IX,_T,N,_Z,2014-12,99.86,A,,2015,,2
OECD.SDD.TPS:DSD_PRICES@DF_PRICES_ALL(1.0),FRA,M,N,CPI,IX,_T,N,_Z,2015-01,98.86,A,,2015,,2
OECD.SDD.TPS:DSD_PRICES@DF_PRICES_ALL(1.0),FRA,M,N,CPI,IX,_T,N,_Z,2015-02,99.52,A,,2015,,2
OECD.SDD.TPS:DSD_PRICES@DF_PRICES_ALL(1.0),FRA,M,N,CPI,IX,_T,N,_Z,2015-03,100.17,A,,2015,,2
OECD.SDD.TPS:DSD_PRICES@DF_PRICES_ALL(1.0),FRA,M,N,CPI,IX,_T,N,_Z,2015-04,100.28,A,,2015,,2
OECD.SDD.TPS:DSD_PRICES@DF_PRICES_ALL(1.0),FRA,M,N,CPI,IX,_T,N,_Z,2015-05,100.52,A,,2015,,2
OECD.SDD.TPS:DSD_PRICES@DF_PRICES_ALL(1.0),FRA,M,N,CPI,IX,_T,N,_Z,2015-06,100.44,A,,2015,,2
OECD.SDD.TPS:DSD_PRICES@DF_PRICES_ALL(1.0),FRA,M,N,CPI,IX,_T,N,_Z,2015-07,100.03,A,,2015,,2
OECD.SDD.TPS:DSD_PRICES@DF_PRICES_ALL(1.0),FRA,M,N,CPI,IX,_T,N,_Z,2015-08,100.35,A,,2015,,2
OECD.SDD.TPS:DSD_PRICES@DF_PRICES_ALL(1.0),FRA,M,N,CPI,IX,_T,N,_Z,2015-09,99.95,A,,2015,,2
OECD.SDD.TPS:DSD_PRICES@DF_PRICES_ALL(1.0),FRA,M,N,CPI,IX,_T,N,_Z,2015-10,100.01,A,,2015,,2
OECD.SDD.TPS:DSD_PRICES@DF_PRICES_ALL(1.0),FRA,M,N,CPI,IX,_T,N,_Z,2015-11,99.82,A,,2015,,2
OECD.SDD.TPS:DSD_PRICES@DF_PRICES_ALL(1.0),FRA,M,N,CPI,IX,_T,N,_Z,2015-12,100.04,A,,2015,,2
OECD.SDD.TPS:DSD_PRICES@DF_PRICES_ALL(1.0),FRA,M,N,CPI,IX,_T,N,_Z,2016-01,99.08,A,,2015,,2
OECD.SDD.TPS:DSD_PRICES@DF_PRICES_ALL(1.0),FRA,M,N,CPI,IX,_T,N,_Z,2016-02,99.33,A,,2015,,2
OECD.SDD.TPS:DSD_PRICES@DF_PRICES_ALL(1.0),FRA,M,N,CPI,IX,_T,N,_Z,2016-03,100.02,A,,2015,,2
OECD.SDD.TPS:DSD_PRICES@DF_PRICES_ALL(1.0),FRA,M,N,CPI,IX,_T,N,_Z,2016-04,100.09,A,,2015,,2
OECD.SDD.TPS:DSD_PRICES@DF_PRICES_ALL(1.0),FRA,M,N,CPI,IX,_T,N,_Z,2016-05,100.5,A,,2015,,2
OECD.SDD.TPS:DSD_PRICES@DF_PRICES_ALL(1.0),FRA,M,N,CPI,IX,_T,N,_Z,2016-06,100.63,A,,2015,,2
OECD.SDD.TPS:DSD_PRICES@DF_PRICES_ALL(1.0),FRA,M,N,CPI,IX,_T,N,_Z,2016-07,100.25,A,,2015,,2
OECD.SDD.TPS:DSD_PRICES@DF_PRICES_ALL(1.0),FRA,M,N,CPI,IX,_T,N,_Z,2016-08,100.58,A,,2015,,2
OECD.SDD.TPS:DSD_PRICES@DF_PRICES_ALL(1.0),FRA,M,N,CPI,IX,_T,N,_Z,2016-09,100.34,A,,2015,,2
OECD.SDD.TPS:DSD_PRICES@DF_PRICES_ALL(1.0),FRA,M,N,CPI,IX,_T,N,_Z,2016-10,100.37,A,,2015,,2
OECD.SDD.TPS:DSD_PRICES@DF_PRICES_ALL(1.0),FRA,M,N,CPI,IX,_T,N,_Z,2016-11,100.35,A,,2015,,2
OECD.SDD.TPS:DSD_PRICES@DF_PRICES_ALL(1.0),FRA,M,N,CPI,IX,_T,N,_Z,2016-12,100.65,A,,2015,,2
OECD.SDD.TPS:DSD_PRICES@DF_PRICES_ALL(1.0),FRA,M,N,CPI,IX,_T,N,_Z,2017-01,100.41,A,,2015,,2
OECD.SDD.TPS:DSD_PRICES@DF_PRICES_ALL(1.0),FRA,M,N,CPI,IX,_T,N,_Z,2017-02,100.53,A,,2015,,2
OECD.SDD.TPS:DSD_PRICES@DF_PRICES_ALL(1.0),FRA,M,N,CPI,IX,_T,N,_Z,2017-03,101.17,A,,2015,,2
OECD.SDD.TPS:DSD_PRICES@DF_PRICES_ALL(1.0),FRA,M,N,CPI,IX,_T,N,_Z,2017-04,101.26,A,,2015,,2
OECD.SDD.TPS:DSD_PRICES@DF_PRICES_ALL(1.0),FRA,M,N,CPI,IX,_T,N,_Z,2017-05,101.31,A,,2015,,2
OECD.SDD.TPS:DSD_PRICES@DF_PRICES_ALL(1.0),FRA,M,N,CPI,IX,_T,N,_Z,2017-06,101.32,A,,2015,,2
OECD.SDD.TPS:DSD_PRICES@DF_PRICES_ALL(1.0),FRA,M,N,CPI,IX,_T,N,_Z,2017-07,100.97,A,,2015,,2
OECD.SDD.TPS:DSD_PRICES@DF_PRICES_ALL(1.0),FRA,M,N,CPI,IX,_T,N,_Z,2017-08,101.49,A,,2015,,2
OECD.SDD.TPS:DSD_PRICES@DF_PRICES_ALL(1.0),FRA,M,N,CPI,IX,_T,N,_Z,2017-09,101.33,A,,2015,,2
OECD.SDD.TPS:DSD_PRICES@DF_PRICES_ALL(1.0),FRA,M,N,CPI,IX,_T,N,_Z,2017-10,101.43,A,,2015,,2
OECD.SDD.TPS:DSD_PRICES@DF_PRICES_ALL(1.0),FRA,M,N,CPI,IX,_T,N,_Z,2017-11,101.53,A,,2015,,2
OECD.SDD.TPS:DSD_PRICES@DF_PRICES_ALL(1.0),FRA,M,N,CPI,IX,_T,N,_Z,2017-12,101.85,A,,2015,,2
OECD.SDD.TPS:DSD_PRICES@DF_PRICES_ALL(1.0),FRA,M,N,CPI,IX,_T,N,_Z,2018-01,101.75,A,,2015,,2
OECD.SDD.TPS:DSD_PRICES@DF_PRICES_ALL(1.0),FRA,M,N,CPI,IX,_T,N,_Z,2018-02,101.72,A,,2015,,2
OECD.SDD.TPS:DSD_PRICES@DF_PRICES_ALL(1.0),FRA,M,N,CPI,IX,_T,N,_Z,2018-03,102.75,A,,2015,,2
OECD.SDD.TPS:DSD_PRICES@DF_PRICES_ALL(1.0),FRA,M,N,CPI,IX,_T,N,_Z,2018-04,102.92,A,,2015,,2
OECD.SDD.TPS:DSD_PRICES@DF_PRICES_ALL(1.0),FRA,M,N,CPI,IX,_T,N,_Z,2018-05,103.36,A,,2015,,2
OECD.SDD.TPS:DSD_PRICES@DF_PRICES_ALL(1.0),FRA,M,N,CPI,IX,_T,N,_Z,2018-06,103.37,A,,2015,,2
OECD.SDD.TPS:DSD_PRICES@DF_PRICES_ALL(1.0),FRA,M,N,CPI,IX,_T,N,_Z,2018-07,103.28,A,,2015,,2
OECD.SDD.TPS:DSD_PRICES@DF_PRICES_ALL(1.0),FRA,M,N,CPI,IX,_T,N,_Z,2018-08,103.78,A,,2015,,2
OECD.SDD.TPS:DSD_PRICES@DF_PRICES_ALL(1.0),FRA,M,N,CPI,IX,_T,N,_Z,2018-09,103.56,A,,2015,,2
OECD.SDD.TPS:DSD_PRICES@DF_PRICES_ALL(1.0),FRA,M,N,CPI,IX,_T,N,_Z,2018-10,103.67,A,,2015,,2
OECD.SDD.TPS:DSD_PRICES@DF_PRICES_ALL(1.0),FRA,M,N,CPI,IX,_T,N,_Z,2018-11,103.45,A,,2015,,2
OECD.SDD.TPS:DSD_PRICES@DF_PRICES_ALL(1.0),FRA,M,N,CPI,IX,_T,N,_Z,2018-12,103.47,A,,2015,,2
OECD.SDD.TPS:DSD_PRICES@DF_PRICES_ALL(1.0),FRA,M,N,CPI,IX,_T,N,_Z,2019-01,103.01,A,,2015,,2
OECD.SDD.TPS:DSD_PRICES@DF_PRICES_ALL(1.0),FRA,M,N,CPI,IX,_T,N,_Z,2019-02,103.06,A,,2015,,2
OECD.SDD.TPS:DSD_PRICES@DF_PRICES_ALL(1.0),FRA,M,N,CPI,IX,_T,N,_Z,2019-03,103.89,A,,2015,,2
OECD.SDD.TPS:DSD_PRICES@DF_PRICES_ALL(1.0),FRA,M,N,CPI,IX,_T,N,_Z,2019-04,104.22,A,,2015,,2
OECD.SDD.TPS:DSD_PRICES@DF_PRICES_ALL(1.0),FRA,M,N,CPI,IX,_T,N,_Z,2019-05,104.33,A,,2015,,2
OECD.SDD.TPS:DSD_PRICES@DF_PRICES_ALL(1.0),FRA,M,N,CPI,IX,_T,N,_Z,2019-06,104.58,A,,2015,,2
OECD.SDD.TPS:DSD_PRICES@DF_PRICES_ALL(1.0),FRA,M,N,CPI,IX,_T,N,_Z,2019-07,104.38,A,,2015,,2
OECD.SDD.TPS:DSD_PRICES@DF_PRICES_ALL(1.0),FRA,M,N,CPI,IX,_T,N,_Z,2019-08,104.86,A,,2015,,2
OECD.SDD.TPS:DSD_PRICES@DF_PRICES_ALL(1.0),FRA,M,N,CPI,IX,_T,N,_Z,2019-09,104.5,A,,2015,,2
OECD.SDD.TPS:DSD_PRICES@DF_PRICES_ALL(1.0),FRA,M,N,CPI,IX,_T,N,_Z,2019-10,104.46,A,,2015,,2
OECD.SDD.TPS:DSD_PRICES@DF_PRICES_ALL(1.0),FRA,M,N,CPI,IX,_T,N,_Z,2019-11,104.52,A,,2015,,2
OECD.SDD.TPS:DSD_PRICES@DF_PRICES_ALL(1.0),FRA,M,N,CPI,IX,_T,N,_Z,2019-12,104.98,A,,2015,,2
OECD.SDD.TPS:DSD_PRICES@DF_PRICES_ALL(1.0),FRA,M,N,CPI,IX,_T,N,_Z,2020-01,104.54,A,,2015,,2
OECD.SDD.TPS:DSD_PRICES@DF_PRICES_ALL(1.0),FRA,M,N,CPI,IX,_T,N,_Z,2020-02,104.53,A,,2015,,2
OECD.SDD.TPS:DSD_PRICES@DF_PRICES_ALL(1.0),FRA,M,N,CPI,IX,_T,N,_Z,2020-03,104.59,A,,2015,,2
OECD.SDD.TPS:DSD_PRICES@DF_PRICES_ALL(1.0),FRA,M,N,CPI,IX,_T,N,_Z,2020-04,104.56,A,,2015,,2
OECD.SDD.TPS:DSD_PRICES@DF_PRICES_ALL(1.0),FRA,M,N,CPI,IX,_T,N,_Z,2020-05,104.71,A,,2015,,2
OECD.SDD.TPS:DSD_PRICES@DF_PRICES_ALL(1.0),FRA,M,N,CPI,IX,_T,N,_Z,2020-06,104.79,A,,2015,,2
OECD.SDD.TPS:DSD_PRICES@DF_PRICES_ALL(1.0),FRA,M,N,CPI,IX,_T,N,_Z,2020-07,105.19,A,,2015,,2
OECD.SDD.TPS:DSD_PRICES@DF_PRICES_ALL(1.0),FRA,M,N,CPI,IX,_T,N,_Z,2020-08,105.09,A,,2015,,2
OECD.SDD.TPS:DSD_PRICES@DF_PRICES_ALL(1.0),FRA,M,N,CPI,IX,_T,N,_Z,2020-09,104.55,A,,2015,,2
OECD.SDD.TPS:DSD_PRICES@DF_PRICES_ALL(1.0),FRA,M,N,CPI,IX,_T,N,_Z,2020-10,104.51,A,,2015,,2
OECD.SDD.TPS:DSD_PRICES@DF_PRICES_ALL(1.0),FRA,M,N,CPI,IX,_T,N,_Z,2020-11,104.73,A,,2015,,2
OECD.SDD.TPS:DSD_PRICES@DF_PRICES_ALL(1.0),FRA,M,N,CPI,IX,_T,N,_Z,2020-12,104.96,A,,2015,,2
OECD.SDD.TPS:DSD_PRICES@DF_PRICES_ALL(1.0),FRA,M,N,CPI,IX,_T,N,_Z,2021-01,105.12,A,,2015,,2
OECD.SDD.TPS:DSD_PRICES@DF_PRICES_ALL(1.0),FRA,M,N,CPI,IX,_T,N,_Z,2021-02,105.12,A,,2015,,2
OECD.SDD.TPS:DSD_PRICES@DF_PRICES_ALL(1.0),FRA,M,N,CPI,IX,_T,N,_Z,2021-03,105.75,A,,2015,,2
OECD.SDD.TPS:DSD_PRICES@DF_PRICES_ALL(1.0),FRA,M,N,CPI,IX,_T,N,_Z,2021-04,105.86,A,,2015,,2
OECD.SDD.TPS:DSD_PRICES@DF_PRICES_ALL(1.0),FRA,M,N,CPI,IX,_T,N,_Z,2021-05,106.2,A,,2015,,2
OECD.SDD.TPS:DSD_PRICES@DF_PRICES_ALL(1.0),FRA,M,N,CPI,IX,_T,N,_Z,2021-06,106.34,A,,2015,,2
OECD.SDD.TPS:DSD_PRICES@DF_PRICES_ALL(1.0),FRA,M,N,CPI,IX,_T,N,_Z,2021-07,106.4,A,,2015,,2
OECD.SDD.TPS:DSD_PRICES@DF_PRICES_ALL(1.0),FRA,M,N,CPI,IX,_T,N,_Z,2021-08,107.05,A,,2015,,2
OECD.SDD.TPS:DSD_PRICES@DF_PRICES_ALL(1.0),FRA,M,N,CPI,IX,_T,N,_Z,2021-09,106.81,A,,2015,,2
OECD.SDD.TPS:DSD_PRICES@DF_PRICES_ALL(1.0),FRA,M,N,CPI,IX,_T,N,_Z,2021-10,107.25,A,,2015,,2
OECD.SDD.TPS:DSD_PRICES@DF_PRICES_ALL(1.0),FRA,M,N,CPI,IX,_T,N,_Z,2021-11,107.64,A,,2015,,2
OECD.SDD.TPS:DSD_PRICES@DF_PRICES_ALL(1.0),FRA,M,N,CPI,IX,_T,N,_Z,2021-12,107.85,A,,2015,,2
OECD.SDD.TPS:DSD_PRICES@DF_PRICES_ALL(1.0),FRA,M,N,CPI,IX,_T,N,_Z,2022-01,108.12,A,,2015,,2
OECD.SDD.TPS:DSD_PRICES@DF_PRICES_ALL(1.0),FRA,M,N,CPI,IX,_T,N,_Z,2022-02,108.94,A,,2015,,2
OECD.SDD.TPS:DSD_PRICES@DF_PRICES_ALL(1.0),FRA,M,N,CPI,IX,_T,N,_Z,2022-03,110.49,A,,2015,,2
OECD.SDD.TPS:DSD_PRICES@DF_PRICES_ALL(1.0),FRA,M,N,CPI,IX,_T,N,_Z,2022-04,110.97,A,,2015,,2
OECD.SDD.TPS:DSD_PRICES@DF_PRICES_ALL(1.0),FRA,M,N,CPI,IX,_T,N,_Z,2022-05,111.72,A,,2015,,2
OECD.SDD.TPS:DSD_PRICES@DF_PRICES_ALL(1.0),FRA,M,N,CPI,IX,_T,N,_Z,2022-06,112.55,A,,2015,,2
OECD.SDD.TPS:DSD_PRICES@DF_PRICES_ALL(1.0),FRA,M,N,CPI,IX,_T,N,_Z,2022-07,112.87,A,,2015,,2
OECD.SDD.TPS:DSD_PRICES@DF_PRICES_ALL(1.0),FRA,M,N,CPI,IX,_T,N,_Z,2022-08,113.38,A,,2015,,2
OECD.SDD.TPS:DSD_PRICES@DF_PRICES_ALL(1.0),FRA,M,N,CPI,IX,_T,N,_Z,2022-09,112.74,A,,2015,,2
OECD.SDD.TPS:DSD_PRICES@DF_PRICES_ALL(1.0),FRA,M,N,CPI,IX,_T,N,_Z,2022-10,113.9,A,,2015,,2
OECD.SDD.TPS:DSD_PRICES@DF_PRICES_ALL(1.0),FRA,M,N,CPI,IX,_T,N,_Z,2022-11,114.26,A,,2015,,2
OECD.SDD.TPS:DSD_PRICES@DF_PRICES_ALL(1.0),FRA,M,N,CPI,IX,_T,N,_Z,2022-12,114.16,A,,2015,,2
OECD.SDD.TPS:DSD_PRICES@DF_PRICES_ALL(1.0),FRA,M,N,CPI,IX,_T,N,_Z,2023-01,114.6,A,,2015,,2
OECD.SDD.TPS:DSD_PRICES@DF_PRICES_ALL(1.0),FRA,M,N,CPI,IX,_T,N,_Z,2023-02,115.78,A,,2015,,2
OECD.SDD.TPS:DSD_PRICES@DF_PRICES_ALL(1.0),FRA,M,N,CPI,IX,_T,N,_Z,2023-03,116.79,A,,2015,,2
OECD.SDD.TPS:DSD_PRICES@DF_PRICES_ALL(1.0),FRA,M,N,CPI,IX,_T,N,_Z,2023-04,117.5,A,,2015,,2
OECD.SDD.TPS:DSD_PRICES@DF_PRICES_ALL(1.0),FRA,M,N,CPI,IX,_T,N,_Z,2023-05,117.44,A,,2015,,2
OECD.SDD.TPS:DSD_PRICES@DF_PRICES_ALL(1.0),FRA,M,N,CPI,IX,_T,N,_Z,2023-06,117.65,A,,2015,,2
OECD.SDD.TPS:DSD_PRICES@DF_PRICES_ALL(1.0),FRA,M,N,CPI,IX,_T,N,_Z,2023-07,117.71,A,,2015,,2
OECD.SDD.TPS:DSD_PRICES@DF_PRICES_ALL(1.0),FRA,M,N,CPI,IX,_T,N,_Z,2023-08,118.89,A,,2015,,2
OECD.SDD.TPS:DSD_PRICES@DF_PRICES_ALL(1.0),FRA,M,N,CPI,IX,_T,N,_Z,2023-09,118.26,A,,2015,,2
OECD.SDD.TPS:DSD_PRICES@DF_PRICES_ALL(1.0),FRA,M,N,CPI,IX,_T,N,_Z,2023-10,118.43,A,,2015,,2
OECD.SDD.TPS:DSD_PRICES@DF_PRICES_ALL(1.0),FRA,M,N,CPI,IX,_T,N,_Z,2023-11,118.23,A,,2015,,2
OECD.SDD.TPS:DSD_PRICES@DF_PRICES_ALL(1.0),FRA,M,N,CPI,IX,_T,N,_Z,2023-12,118.39,A,,2015,,2
OECD.SDD.TPS:DSD_PRICES@DF_PRICES_ALL(1.0),FRA,M,N,CPI,IX,_T,N,_Z,2024-01,118.19,A,,2015,,2
OECD.SDD.TPS:DSD_PRICES@DF_PRICES_ALL(1.0),FRA,M,N,CPI,IX,_T,N,_Z,2024-02,119.21,A,,2015,,2
OECD.SDD.TPS:DSD_PRICES@DF_PRICES_ALL(1.0),FRA,M,N,CPI,IX,_T,N,_Z,2024-03,119.47,A,,2015,,2
OECD.SDD.TPS:DSD_PRICES@DF_PRICES_ALL(1.0),FRA,M,N,CPI,IX,_T,N,_Z,2024-04,120.07,A,,2015,,2
OECD.SDD.TPS:DSD_PRICES@DF_PRICES_ALL(1.0),FRA,M,N,CPI,IX,_T,N,_Z,2024-05,120.11,A,,2015,,2
OECD.SDD.TPS:DSD_PRICES@DF_PRICES_ALL(1.0),FRA,M,N,CPI,IX,_T,N,_Z,2024-06,120.2,A,,2015,,2
OECD.SDD.TPS:DSD_PRICES@DF_PRICES_ALL(1.0),FRA,M,N,CPI,IX,_T,N,_Z,2024-07,120.42,A,,2015,,2
OECD.SDD.TPS:DSD_PRICES@DF_PRICES_ALL(1.0),FRA,M,N,CPI,IX,_T,N,_Z,2024-08,121.06,A,,2015,,2
OECD.SDD.TPS:DSD_PRICES@DF_PRICES_ALL(1.0),FRA,M,N,CPI,IX,_T,N,_Z,2024-09,119.56,A,,2015,,2
OECD.SDD.TPS:DSD_PRICES@DF_PRICES_ALL(1.0),FRA,M,N,CPI,IX,_T,N,_Z,2024-10,119.89,A,,2015,,2
OECD.SDD.TPS:DSD_PRICES@DF_PRICES_ALL(1.0),FRA,M,N,CPI,IX,_T,N,_Z,2024-11,119.72,A,,2015,,2
OECD.SDD.TPS:DSD_PRICES@DF_PRICES_ALL(1.0),FRA,M,N,CPI,IX,_T,N,_Z,2024-12,119.95,A,,2015,,2
OECD.SDD.TPS:DSD_PRICES@DF_PRICES_ALL(1.0),FRA,M,N,CPI,IX,_T,N,_Z,2025-01,120.14,A,,2015,,2
OECD.SDD.TPS:DSD_PRICES@DF_PRICES_ALL(1.0),FRA,M,N,CPI,IX,_T,N,_Z,2025-02,120.16,A,,2015,,2
OECD.SDD.TPS:DSD_PRICES@DF_PRICES_ALL(1.0),FRA,M,N,CPI,IX,_T,N,_Z,2025-03,120.38,A,,2015,,2
OECD.SDD.TPS:DSD_PRICES@DF_PRICES_ALL(1.0),FRA,M,N,CPI,IX,_T,N,_Z,2025-04,121.06,A,,2015,,2
OECD.SDD.TPS:DSD_PRICES@DF_PRICES_ALL(1.0),FRA,M,N,CPI,IX,_T,N,_Z,2025-05,120.9,A,,2015,,2
OECD.SDD.TPS:DSD_PRICES@DF_PRICES_ALL(1.0),FRA,M,N,CPI,IX,_T,N,_Z,2025-06,121.36,A,,2015,,2
OECD.SDD.TPS:DSD_PRICES@DF_PRICES_ALL(1.0),FRA,M,N,CPI,IX,_T,N,_Z,2025-07,121.62,A,,2015,,2
OECD.SDD.TPS:DSD_PRICES@DF_PRICES_ALL(1.0),FRA,M,N,CPI,IX,_T,N,_Z,2025-08,122.13,A,,2015,,2
OECD.SDD.TPS:DSD_PRICES@DF_PRICES_ALL(1.0),FRA,M,N,CPI,IX,_T,N,_Z,2025-09,120.95,A,,2015,,2
OECD.SDD.TPS:DSD_PRICES@DF_PRICES_ALL(1.0),FRA,M,N,CPI,IX,_T,N,_Z,2025-10,121.02,A,,2015,,2
OECD.SDD.TPS:DSD_PRICES@DF_PRICES_ALL(1.0),FRA,M,N,CPI,IX,_T,N,_Z,2025-11,120.8,A,,2015,,2
OECD.SDD.TPS:DSD_PRICES@DF_PRICES_ALL(1.0),FRA,M,N,CPI,IX,_T,N,_Z,2025-12,120.9,A,,2015,,2
OECD.SDD.TPS:DSD_PRICES@DF_PRICES_ALL(1.0),DEU,M,N,CPI,IX,_T,N,_Z,2014-01,98.7963,A,,2015,,2
OECD.SDD.TPS:DSD_PRICES@DF_PRICES_ALL(1.0),DEU,M,N,CPI,IX,_T,N,_Z,2014-02,99.26276,A,,2015,,2
OECD.SDD.TPS:DSD_PRICES@DF_PRICES_ALL(1.0),DEU,M,N,CPI,IX,_T,N,_Z,2014-03,99.54263,A,,2015,,2
OECD.SDD.TPS:DSD_PRICES@DF_PRICES_ALL(1.0),DEU,M,N,CPI,IX,_T,N,_Z,2014-04,99.35605,A,,2015,,2
OECD.SDD.TPS:DSD_PRICES@DF_PRICES_ALL(1.0),DEU,M,N,CPI,IX,_T,N,_Z,2014-05,99.26276,A,,2015,,2
OECD.SDD.TPS:DSD_PRICES@DF_PRICES_ALL(1.0),DEU,M,N,CPI,IX,_T,N,_Z,2014-06,99.54263,A,,2015,,2
OECD.SDD.TPS:DSD_PRICES@DF_PRICES_ALL(1.0),DEU,M,N,CPI,IX,_T,N,_Z,2014-07,99.82251,A,,2015,,2
OECD.SDD.TPS:DSD_PRICES@DF_PRICES_ALL(1.0),DEU,M,N,CPI,IX,_T,N,_Z,2014-08,99.82251,A,,2015,,2
OECD.SDD.TPS:DSD_PRICES@DF_PRICES_ALL(1.0),DEU,M,N,CPI,IX,_T,N,_Z,2014-09,99.82251,A,,2015,,2
OECD.SDD.TPS:DSD_PRICES@DF_PRICES_ALL(1.0),DEU,M,N,CPI,IX,_T,N,_Z,2014-10,99.54263,A,,2015,,2
OECD.SDD.TPS:DSD_PRICES@DF_PRICES_ALL(1.0),DEU,M,N,CPI,IX,_T,N,_Z,2014-11,99.54263,A,,2015,,2
OECD.SDD.TPS:DSD_PRICES@DF_PRICES_ALL(1.0),DEU,M,N,CPI,IX,_T,N,_Z,2014-12,99.54263,A,,2015,,2
OECD.SDD.TPS:DSD_PRICES@DF_PRICES_ALL(1.0),DEU,M,N,CPI,IX,_T,N,_Z,2015-01,98.51642,A,,2015,,2
OECD.SDD.TPS:DSD_PRICES@DF_PRICES_ALL(1.0),DEU,M,N,CPI,IX,_T,N,_Z,2015-02,99.21654,A,,2015,,2
OECD.SDD.TPS:DSD_PRICES@DF_PRICES_ALL(1.0),DEU,M,N,CPI,IX,_T,N,_Z,2015-03,99.71662,A,,2015,,2
OECD.SDD.TPS:DSD_PRICES@DF_PRICES_ALL(1.0),DEU,M,N,CPI,IX,_T,N,_Z,2015-04,100.2167,A,,2015,,2
OECD.SDD.TPS:DSD_PRICES@DF_PRICES_ALL(1.0),DEU,M,N,CPI,IX,_T,N,_Z,2015-05,100.4167,A,,2015,,2
OECD.SDD.TPS:DSD_PRICES@DF_PRICES_ALL(1.0),DEU,M,N,CPI,IX,_T,N,_Z,2015-06,100.4167,A,,2015,,2
OECD.SDD.TPS:DSD_PRICES@DF_PRICES_ALL(1.0),DEU,M,N,CPI,IX,_T,N,_Z,2015-07,100.6168,A,,2015,,2
OECD.SDD.TPS:DSD_PRICES@DF_PRICES_ALL(1.0),DEU,M,N,CPI,IX,_T,N,_Z,2015-08,100.6168,A,,2015,,2
OECD.SDD.TPS:DSD_PRICES@DF_PRICES_ALL(1.0),DEU,M,N,CPI,IX,_T,N,_Z,2015-09,100.4167,A,,2015,,2
OECD.SDD.TPS:DSD_PRICES@DF_PRICES_ALL(1.0),DEU,M,N,CPI,IX,_T,N,_Z,2015-10,100.4167,A,,2015,,2
OECD.SDD.TPS:DSD_PRICES@DF_PRICES_ALL(1.0),DEU,M,N,CPI,IX,_T,N,_Z,2015-11,99.71662,A,,2015,,2
OECD.SDD.TPS:DSD_PRICES@DF_PRICES_ALL(1.0),DEU,M,N,CPI,IX,_T,N,_Z,2015-12,99.71662,A,,2015,,2
OECD.SDD.TPS:DSD_PRICES@DF_PRICES_ALL(1.0),DEU,M,N,CPI,IX,_T,N,_Z,2016-01,99.0165,A,,2015,,2
OECD.SDD.TPS:DSD_PRICES@DF_PRICES_ALL(1.0),DEU,M,N,CPI,IX,_T,N,_Z,2016-02,99.31655,A,,2015,,2
OECD.SDD.TPS:DSD_PRICES@DF_PRICES_ALL(1.0),DEU,M,N,CPI,IX,_T,N,_Z,2016-03,100.0167,A,,2015,,2
OECD.SDD.TPS:DSD_PRICES@DF_PRICES_ALL(1.0),DEU,M,N,CPI,IX,_T,N,_Z,2016-04,100.1167,A,,2015,,2
OECD.SDD.TPS:DSD_PRICES@DF_PRICES_ALL(1.0),DEU,M,N,CPI,IX,_T,N,_Z,2016-05,100.6168,A,,2015,,2
OECD.SDD.TPS:DSD_PRICES@DF_PRICES_ALL(1.0),DEU,M,N,CPI,IX,_T,N,_Z,2016-06,100.7168,A,,2015,,2
OECD.SDD.TPS:DSD_PRICES@DF_PRICES_ALL(1.0),DEU,M,N,CPI,IX,_T,N,_Z,2016-07,101.1169,A,,2015,,2
OECD.SDD.TPS:DSD_PRICES@DF_PRICES_ALL(1.0),DEU,M,N,CPI,IX,_T,N,_Z,2016-08,101.0168,A,,2015,,2
OECD.SDD.TPS:DSD_PRICES@DF_PRICES_ALL(1.0),DEU,M,N,CPI,IX,_T,N,_Z,2016-09,101.0168,A,,2015,,2
OECD.SDD.TPS:DSD_PRICES@DF_PRICES_ALL(1.0),DEU,M,N,CPI,IX,_T,N,_Z,2016-10,101.2169,A,,2015,,2
OECD.SDD.TPS:DSD_PRICES@DF_PRICES_ALL(1.0),DEU,M,N,CPI,IX,_T,N,_Z,2016-11,100.5168,A,,2015,,2
OECD.SDD.TPS:DSD_PRICES@DF_PRICES_ALL(1.0),DEU,M,N,CPI,IX,_T,N,_Z,2016-12,101.2169,A,,2015,,2
OECD.SDD.TPS:DSD_PRICES@DF_PRICES_ALL(1.0),DEU,M,N,CPI,IX,_T,N,_Z,2017-01,100.6168,A,,2015,,2
OECD.SDD.TPS:DSD_PRICES@DF_PRICES_ALL(1.0),DEU,M,N,CPI,IX,_T,N,_Z,2017-02,101.2169,A,,2015,,2
OECD.SDD.TPS:DSD_PRICES@DF_PRICES_ALL(1.0),DEU,M,N,CPI,IX,_T,N,_Z,2017-03,101.4169,A,,2015,,2
OECD.SDD.TPS:DSD_PRICES@DF_PRICES_ALL(1.0),DEU,M,N,CPI,IX,_T,N,_Z,2017-04,101.817,A,,2015,,2
OECD.SDD.TPS:DSD_PRICES@DF_PRICES_ALL(1.0),DEU,M,N,CPI,IX,_T,N,_Z,2017-05,101.817,A,,2015,,2
OECD.SDD.TPS:DSD_PRICES@DF_PRICES_ALL(1.0),DEU,M,N,CPI,IX,_T,N,_Z,2017-06,102.117,A,,2015,,2
OECD.SDD.TPS:DSD_PRICES@DF_PRICES_ALL(1.0),DEU,M,N,CPI,IX,_T,N,_Z,2017-07,102.5171,A,,2015,,2
OECD.SDD.TPS:DSD_PRICES@DF_PRICES_ALL(1.0),DEU,M,N,CPI,IX,_T,N,_Z,2017-08,102.6171,A,,2015,,2
OECD.SDD.TPS:DSD_PRICES@DF_PRICES_ALL(1.0),DEU,M,N,CPI,IX,_T,N,_Z,2017-09,102.7171,A,,2015,,2
OECD.SDD.TPS:DSD_PRICES@DF_PRICES_ALL(1.0),DEU,M,N,CPI,IX,_T,N,_Z,2017-10,102.5171,A,,2015,,2
OECD.SDD.TPS:DSD_PRICES@DF_PRICES_ALL(1.0),DEU,M,N,CPI,IX,_T,N,_Z,2017-11,102.117,A,,2015,,2
OECD.SDD.TPS:DSD_PRICES@DF_PRICES_ALL(1.0),DEU,M,N,CPI,IX,_T,N,_Z,2017-12,102.6171,A,,2015,,2
OECD.SDD.TPS:DSD_PRICES@DF_PRICES_ALL(1.0),DEU,M,N,CPI,IX,_T,N,_Z,2018-01,102.017,A,,2015,,2
OECD.SDD.TPS:DSD_PRICES@DF_PRICES_ALL(1.0),DEU,M,N,CPI,IX,_T,N,_Z,2018-02,102.3171,A,,2015,,2
OECD.SDD.TPS:DSD_PRICES@DF_PRICES_ALL(1.0),DEU,M,N,CPI,IX,_T,N,_Z,2018-03,102.9172,A,,2015,,2
OECD.SDD.TPS:DSD_PRICES@DF_PRICES_ALL(1.0),DEU,M,N,CPI,IX,_T,N,_Z,2018-04,103.1172,A,,2015,,2
OECD.SDD.TPS:DSD_PRICES@DF_PRICES_ALL(1.0),DEU,M,N,CPI,IX,_T,N,_Z,2018-05,103.9173,A,,2015,,2
OECD.SDD.TPS:DSD_PRICES@DF_PRICES_ALL(1.0),DEU,M,N,CPI,IX,_T,N,_Z,2018-06,104.0173,A,,2015,,2
OECD.SDD.TPS:DSD_PRICES@DF_PRICES_ALL(1.0),DEU,M,N,CPI,IX,_T,N,_Z,2018-07,104.4174,A,,2015,,2
OECD.SDD.TPS:DSD_PRICES@DF_PRICES_ALL(1.0),DEU,M,N,CPI,IX,_T,N,_Z,2018-08,104.5174,A,,2015,,2
OECD.SDD.TPS:DSD_PRICES@DF_PRICES_ALL(1.0),DEU,M,N,CPI,IX,_T,N,_Z,2018-09,104.7175,A,,2015,,2
OECD.SDD.TPS:DSD_PRICES@DF_PRICES_ALL(1.0),DEU,M,N,CPI,IX,_T,N,_Z,2018-10,104.9175,A,,2015,,2
OECD.SDD.TPS:DSD_PRICES@DF_PRICES_ALL(1.0),DEU,M,N,CPI,IX,_T,N,_Z,2018-11,104.2174,A,,2015,,2
OECD.SDD.TPS:DSD_PRICES@DF_PRICES_ALL(1.0),DEU,M,N,CPI,IX,_T,N,_Z,2018-12,104.2174,A,,2015,,2
OECD.SDD.TPS:DSD_PRICES@DF_PRICES_ALL(1.0),DEU,M,N,CPI,IX,_T,N,_Z,2019-01,103.4172,A,,2015,,2
OECD.SDD.TPS:DSD_PRICES@DF_PRICES_ALL(1.0),DEU,M,N,CPI,IX,_T,N,_Z,2019-02,103.8173,A,,2015,,2
OECD.SDD.TPS:DSD_PRICES@DF_PRICES_ALL(1.0),DEU,M,N,CPI,IX,_T,N,_Z,2019-03,104.2174,A,,2015,,2
OECD.SDD.TPS:DSD_PRICES@DF_PRICES_ALL(1.0),DEU,M,N,CPI,IX,_T,N,_Z,2019-04,105.2175,A,,2015,,2
OECD.SDD.TPS:DSD_PRICES@DF_PRICES_ALL(1.0),DEU,M,N,CPI,IX,_T,N,_Z,2019-05,105.4176,A,,2015,,2
OECD.SDD.TPS:DSD_PRICES@DF_PRICES_ALL(1.0),DEU,M,N,CPI,IX,_T,N,_Z,2019-06,105.7176,A,,2015,,2
OECD.SDD.TPS:DSD_PRICES@DF_PRICES_ALL(1.0),DEU,M,N,CPI,IX,_T,N,_Z,2019-07,106.2177,A,,2015,,2
OECD.SDD.TPS:DSD_PRICES@DF_PRICES_ALL(1.0),DEU,M,N,CPI,IX,_T,N,_Z,2019-08,106.0177,A,,2015,,2
OECD.SDD.TPS:DSD_PRICES@DF_PRICES_ALL(1.0),DEU,M,N,CPI,IX,_T,N,_Z,2019-09,106.0177,A,,2015,,2
OECD.SDD.TPS:DSD_PRICES@DF_PRICES_ALL(1.0),DEU,M,N,CPI,IX,_T,N,_Z,2019-10,106.1177,A,,2015,,2
OECD.SDD.TPS:DSD_PRICES@DF_PRICES_ALL(1.0),DEU,M,N,CPI,IX,_T,N,_Z,2019-11,105.3176,A,,2015,,2
OECD.SDD.TPS:DSD_PRICES@DF_PRICES_ALL(1.0),DEU,M,N,CPI,IX,_T,N,_Z,2019-12,105.8176,A,,2015,,2
OECD.SDD.TPS:DSD_PRICES@DF_PRICES_ALL(1.0),DEU,M,N,CPI,IX,_T,N,_Z,2020-01,105.2175,A,,2015,,2
OECD.SDD.TPS:DSD_PRICES@DF_PRICES_ALL(1.0),DEU,M,N,CPI,IX,_T,N,_Z,2020-02,105.5338,A,,2015,,2
OECD.SDD.TPS:DSD_PRICES@DF_PRICES_ALL(1.0),DEU,M,N,CPI,IX,_T,N,_Z,2020-03,105.7447,A,,2015,,2
OECD.SDD.TPS:DSD_PRICES@DF_PRICES_ALL(1.0),DEU,M,N,CPI,IX,_T,N,_Z,2020-04,105.8501,A,,2015,,2
OECD.SDD.TPS:DSD_PRICES@DF_PRICES_ALL(1.0),DEU,M,N,CPI,IX,_T,N,_Z,2020-05,105.8501,A,,2015,,2
OECD.SDD.TPS:DSD_PRICES@DF_PRICES_ALL(1.0),DEU,M,N,CPI,IX,_T,N,_Z,2020-06,105.9555,A,,2015,,2
OECD.SDD.TPS:DSD_PRICES@DF_PRICES_ALL(1.0),DEU,M,N,CPI,IX,_T,N,_Z,2020-07,105.1121,A,,2015,,2
OECD.SDD.TPS:DSD_PRICES@DF_PRICES_ALL(1.0),DEU,M,N,CPI,IX,_T,N,_Z,2020-08,105.1121,A,,2015,,2
OECD.SDD.TPS:DSD_PRICES@DF_PRICES_ALL(1.0),DEU,M,N,CPI,IX,_T,N,_Z,2020-09,105.1121,A,,2015,,2
OECD.SDD.TPS:DSD_PRICES@DF_PRICES_ALL(1.0),DEU,M,N,CPI,IX,_T,N,_Z,2020-10,105.323,A,,2015,,2
OECD.SDD.TPS:DSD_PRICES@DF_PRICES_ALL(1.0),DEU,M,N,CPI,IX,_T,N,_Z,2020-11,105.1121,A,,2015,,2
OECD.SDD.TPS:DSD_PRICES@DF_PRICES_ALL(1.0),DEU,M,N,CPI,IX,_T,N,_Z,2020-12,105.2175,A,,2015,,2
OECD.SDD.TPS:DSD_PRICES@DF_PRICES_ALL(1.0),DEU,M,N,CPI,IX,_T,N,_Z,2021-01,106.4827,A,,2015,,2
OECD.SDD.TPS:DSD_PRICES@DF_PRICES_ALL(1.0),DEU,M,N,CPI,IX,_T,N,_Z,2021-02,107.1152,A,,2015,,2
OECD.SDD.TPS:DSD_PRICES@DF_PRICES_ALL(1.0),DEU,M,N,CPI,IX,_T,N,_Z,2021-03,107.6424,A,,2015,,2
OECD.SDD.TPS:DSD_PRICES@DF_PRICES_ALL(1.0),DEU,M,N,CPI,IX,_T,N,_Z,2021-04,107.9587,A,,2015,,2
OECD.SDD.TPS:DSD_PRICES@DF_PRICES_ALL(1.0),DEU,M,N,CPI,IX,_T,N,_Z,2021-05,108.1695,A,,2015,,2
OECD.SDD.TPS:DSD_PRICES@DF_PRICES_ALL(1.0),DEU,M,N,CPI,IX,_T,N,_Z,2021-06,108.4858,A,,2015,,2
OECD.SDD.TPS:DSD_PRICES@DF_PRICES_ALL(1.0),DEU,M,N,CPI,IX,_T,N,_Z,2021-07,109.013,A,,2015,,2
OECD.SDD.TPS:DSD_PRICES@DF_PRICES_ALL(1.0),DEU,M,N,CPI,IX,_T,N,_Z,2021-08,109.1184,A,,2015,,2
OECD.SDD.TPS:DSD_PRICES@DF_PRICES_ALL(1.0),DEU,M,N,CPI,IX,_T,N,_Z,2021-09,109.4347,A,,2015,,2
OECD.SDD.TPS:DSD_PRICES@DF_PRICES_ALL(1.0),DEU,M,N,CPI,IX,_T,N,_Z,2021-10,109.9618,A,,2015,,2
OECD.SDD.TPS:DSD_PRICES@DF_PRICES_ALL(1.0),DEU,M,N,CPI,IX,_T,N,_Z,2021-11,110.1727,A,,2015,,2
OECD.SDD.TPS:DSD_PRICES@DF_PRICES_ALL(1.0),DEU,M,N,CPI,IX,_T,N,_Z,2021-12,110.3835,A,,2015,,2
OECD.SDD.TPS:DSD_PRICES@DF_PRICES_ALL(1.0),DEU,M,N,CPI,IX,_T,N,_Z,2022-01,110.9107,A,,2015,,2
OECD.SDD.TPS:DSD_PRICES@DF_PRICES_ALL(1.0),DEU,M,N,CPI,IX,_T,N,_Z,2022-02,111.7541,A,,2015,,2
OECD.SDD.TPS:DSD_PRICES@DF_PRICES_ALL(1.0),DEU,M,N,CPI,IX,_T,N,_Z,2022-03,113.9681,A,,2015,,2
OECD.SDD.TPS:DSD_PRICES@DF_PRICES_ALL(1.0),DEU,M,N,CPI,IX,_T,N,_Z,2022-04,114.7061,A,,2015,,2
OECD.SDD.TPS:DSD_PRICES@DF_PRICES_ALL(1.0),DEU,M,N,CPI,IX,_T,N,_Z,2022-05,115.7604,A,,2015,,2
OECD.SDD.TPS:DSD_PRICES@DF_PRICES_ALL(1.0),DEU,M,N,CPI,IX,_T,N,_Z,2022-06,115.7604,A,,2015,,2
OECD.SDD.TPS:DSD_PRICES@DF_PRICES_ALL(1.0),DEU,M,N,CPI,IX,_T,N,_Z,2022-07,116.2875,A,,2015,,2
OECD.SDD.TPS:DSD_PRICES@DF_PRICES_ALL(1.0),DEU,M,N,CPI,IX,_T,N,_Z,2022-08,116.7092,A,,2015,,2
OECD.SDD.TPS:DSD_PRICES@DF_PRICES_ALL(1.0),DEU,M,N,CPI,IX,_T,N,_Z,2022-09,118.8178,A,,2015,,2
OECD.SDD.TPS:DSD_PRICES@DF_PRICES_ALL(1.0),DEU,M,N,CPI,IX,_T,N,_Z,2022-10,119.6612,A,,2015,,2
OECD.SDD.TPS:DSD_PRICES@DF_PRICES_ALL(1.0),DEU,M,N,CPI,IX,_T,N,_Z,2022-11,119.8721,A,,2015,,2
OECD.SDD.TPS:DSD_PRICES@DF_PRICES_ALL(1.0),DEU,M,N,CPI,IX,_T,N,_Z,2022-12,119.3449,A,,2015,,2
OECD.SDD.TPS:DSD_PRICES@DF_PRICES_ALL(1.0),DEU,M,N,CPI,IX,_T,N,_Z,2023-01,120.5047,A,,2015,,2
OECD.SDD.TPS:DSD_PRICES@DF_PRICES_ALL(1.0),DEU,M,N,CPI,IX,_T,N,_Z,2023-02,121.4535,A,,2015,,2
OECD.SDD.TPS:DSD_PRICES@DF_PRICES_ALL(1.0),DEU,M,N,CPI,IX,_T,N,_Z,2023-03,122.4024,A,,2015,,2
OECD.SDD.TPS:DSD_PRICES@DF_PRICES_ALL(1.0),DEU,M,N,CPI,IX,_T,N,_Z,2023-04,122.9295,A,,2015,,2
OECD.SDD.TPS:DSD_PRICES@DF_PRICES_ALL(1.0),DEU,M,N,CPI,IX,_T,N,_Z,2023-05,122.8241,A,,2015,,2
OECD.SDD.TPS:DSD_PRICES@DF_PRICES_ALL(1.0),DEU,M,N,CPI,IX,_T,N,_Z,2023-06,123.1404,A,,2015,,2
OECD.SDD.TPS:DSD_PRICES@DF_PRICES_ALL(1.0),DEU,M,N,CPI,IX,_T,N,_Z,2023-07,123.4566,A,,2015,,2
OECD.SDD.TPS:DSD_PRICES@DF_PRICES_ALL(1.0),DEU,M,N,CPI,IX,_T,N,_Z,2023-08,123.8784,A,,2015,,2
OECD.SDD.TPS:DSD_PRICES@DF_PRICES_ALL(1.0),DEU,M,N,CPI,IX,_T,N,_Z,2023-09,124.1946,A,,2015,,2
OECD.SDD.TPS:DSD_PRICES@DF_PRICES_ALL(1.0),DEU,M,N,CPI,IX,_T,N,_Z,2023-10,124.1946,A,,2015,,2
OECD.SDD.TPS:DSD_PRICES@DF_PRICES_ALL(1.0),DEU,M,N,CPI,IX,_T,N,_Z,2023-11,123.6675,A,,2015,,2
OECD.SDD.TPS:DSD_PRICES@DF_PRICES_ALL(1.0),DEU,M,N,CPI,IX,_T,N,_Z,2023-12,123.7729,A,,2015,,2
OECD.SDD.TPS:DSD_PRICES@DF_PRICES_ALL(1.0),DEU,M,N,CPI,IX,_T,N,_Z,2024-01,123.9838,A,,2015,,2
OECD.SDD.TPS:DSD_PRICES@DF_PRICES_ALL(1.0),DEU,M,N,CPI,IX,_T,N,_Z,2024-02,124.5109,A,,2015,,2
OECD.SDD.TPS:DSD_PRICES@DF_PRICES_ALL(1.0),DEU,M,N,CPI,IX,_T,N,_Z,2024-03,125.0381,A,,2015,,2
OECD.SDD.TPS:DSD_PRICES@DF_PRICES_ALL(1.0),DEU,M,N,CPI,IX,_T,N,_Z,2024-04,125.6706,A,,2015,,2
OECD.SDD.TPS:DSD_PRICES@DF_PRICES_ALL(1.0),DEU,M,N,CPI,IX,_T,N,_Z,2024-05,125.7761,A,,2015,,2
OECD.SDD.TPS:DSD_PRICES@DF_PRICES_ALL(1.0),DEU,M,N,CPI,IX,_T,N,_Z,2024-06,125.8815,A,,2015,,2
OECD.SDD.TPS:DSD_PRICES@DF_PRICES_ALL(1.0),DEU,M,N,CPI,IX,_T,N,_Z,2024-07,126.3032,A,,2015,,2
OECD.SDD.TPS:DSD_PRICES@DF_PRICES_ALL(1.0),DEU,M,N,CPI,IX,_T,N,_Z,2024-08,126.1978,A,,2015,,2
OECD.SDD.TPS:DSD_PRICES@DF_PRICES_ALL(1.0),DEU,M,N,CPI,IX,_T,N,_Z,2024-09,126.1978,A,,2015,,2
OECD.SDD.TPS:DSD_PRICES@DF_PRICES_ALL(1.0),DEU,M,N,CPI,IX,_T,N,_Z,2024-10,126.7249,A,,2015,,2
OECD.SDD.TPS:DSD_PRICES@DF_PRICES_ALL(1.0),DEU,M,N,CPI,IX,_T,N,_Z,2024-11,126.4086,A,,2015,,2
OECD.SDD.TPS:DSD_PRICES@DF_PRICES_ALL(1.0),DEU,M,N,CPI,IX,_T,N,_Z,2024-12,127.0412,A,,2015,,2
OECD.SDD.TPS:DSD_PRICES@DF_PRICES_ALL(1.0),DEU,M,N,CPI,IX,_T,N,_Z,2025-01,126.8304,A,,2015,,2
OECD.SDD.TPS:DSD_PRICES@DF_PRICES_ALL(1.0),DEU,M,N,CPI,IX,_T,N,_Z,2025-02,127.3575,A,,2015,,2
OECD.SDD.TPS:DSD_PRICES@DF_PRICES_ALL(1.0),DEU,M,N,CPI,IX,_T,N,_Z,2025-03,127.7792,A,,2015,,2
OECD.SDD.TPS:DSD_PRICES@DF_PRICES_ALL(1.0),DEU,M,N,CPI,IX,_T,N,_Z,2025-04,128.3064,A,,2015,,2
OECD.SDD.TPS:DSD_PRICES@DF_PRICES_ALL(1.0),DEU,M,N,CPI,IX,_T,N,_Z,2025-05,128.4118,A,,2015,,2
OECD.SDD.TPS:DSD_PRICES@DF_PRICES_ALL(1.0),DEU,M,N,CPI,IX,_T,N,_Z,2025-06,128.4118,A,,2015,,2
OECD.SDD.TPS:DSD_PRICES@DF_PRICES_ALL(1.0),DEU,M,N,CPI,IX,_T,N,_Z,2025-07,128.8335,A,,2015,,2
OECD.SDD.TPS:DSD_PRICES@DF_PRICES_ALL(1.0),DEU,M,N,CPI,IX,_T,N,_Z,2025-08,128.9389,A,,2015,,2
OECD.SDD.TPS:DSD_PRICES@DF_PRICES_ALL(1.0),DEU,M,N,CPI,IX,_T,N,_Z,2025-09,129.2552,A,,2015,,2
OECD.SDD.TPS:DSD_PRICES@DF_PRICES_ALL(1.0),DEU,M,N,CPI,IX,_T,N,_Z,2025-10,129.6769,A,,2015,,2
OECD.SDD.TPS:DSD_PRICES@DF_PRICES_ALL(1.0),DEU,M,N,CPI,IX,_T,N,_Z,2025-11,129.3606,A,,2015,,2
OECD.SDD.TPS:DSD_PRICES@DF_PRICES_ALL(1.0),DEU,M,N,CPI,IX,_T,N,_Z,2025-12,129.3606,A,,2015,,2
OECD.SDD.TPS:DSD_PRICES@DF_PRICES_ALL(1.0),DEU,M,N,CPI,IX,_T,N,_Z,2026-01,129.4661,A,,2015,,2
OECD.SDD.TPS:DSD_PRICES@DF_PRICES_ALL(1.0),DEU,M,N,CPI,IX,_T,N,_Z,2026-02,129.7823,A,,2015,,2
OECD.SDD.TPS:DSD_PRICES@DF_PRICES_ALL(1.0),DEU,M,N,CPI,IX,_T,N,_Z,2026-03,131.2583,A,,2015,,2
OECD.SDD.TPS:DSD_PRICES@DF_PRICES_ALL(1.0),DEU,M,N,CPI,IX,_T,N,_Z,2026-04,131.9964,A,,2015,,2
OECD.SDD.TPS:DSD_PRICES@DF_PRICES_ALL(1.0),DEU,M,N,CPI,IX,_T,N,_Z,2026-05,131.7855,A,,2015,,2
OECD.SDD.TPS:DSD_PRICES@DF_PRICES_ALL(1.0),DEU,M,N,CPI,IX,CP11,N,_Z,2014-01,96.16297,A,,2015,,2
OECD.SDD.TPS:DSD_PRICES@DF_PRICES_ALL(1.0),DEU,M,N,CPI,IX,CP11,N,_Z,2014-02,96.43284,A,,2015,,2
OECD.SDD.TPS:DSD_PRICES@DF_PRICES_ALL(1.0),DEU,M,N,CPI,IX,CP11,N,_Z,2014-03,96.70271,A,,2015,,2
OECD.SDD.TPS:DSD_PRICES@DF_PRICES_ALL(1.0),DEU,M,N,CPI,IX,CP11,N,_Z,2014-04,96.70271,A,,2015,,2
OECD.SDD.TPS:DSD_PRICES@DF_PRICES_ALL(1.0),DEU,M,N,CPI,IX,CP11,N,_Z,2014-05,97.15249,A,,2015,,2
OECD.SDD.TPS:DSD_PRICES@DF_PRICES_ALL(1.0),DEU,M,N,CPI,IX,CP11,N,_Z,2014-06,97.42236,A,,2015,,2
OECD.SDD.TPS:DSD_PRICES@DF_PRICES_ALL(1.0),DEU,M,N,CPI,IX,CP11,N,_Z,2014-07,97.51231,A,,2015,,2
OECD.SDD.TPS:DSD_PRICES@DF_PRICES_ALL(1.0),DEU,M,N,CPI,IX,CP11,N,_Z,2014-08,97.51231,A,,2015,,2
OECD.SDD.TPS:DSD_PRICES@DF_PRICES_ALL(1.0),DEU,M,N,CPI,IX,CP11,N,_Z,2014-09,98.05205,A,,2015,,2
OECD.SDD.TPS:DSD_PRICES@DF_PRICES_ALL(1.0),DEU,M,N,CPI,IX,CP11,N,_Z,2014-10,98.05205,A,,2015,,2
OECD.SDD.TPS:DSD_PRICES@DF_PRICES_ALL(1.0),DEU,M,N,CPI,IX,CP11,N,_Z,2014-11,98.05205,A,,2015,,2
OECD.SDD.TPS:DSD_PRICES@DF_PRICES_ALL(1.0),DEU,M,N,CPI,IX,CP11,N,_Z,2014-12,98.14201,A,,2015,,2
OECD.SDD.TPS:DSD_PRICES@DF_PRICES_ALL(1.0),DEU,M,N,CPI,IX,CP11,N,_Z,2015-01,98.59178,A,,2015,,2
OECD.SDD.TPS:DSD_PRICES@DF_PRICES_ALL(1.0),DEU,M,N,CPI,IX,CP11,N,_Z,2015-02,98.79177,A,,2015,,2
OECD.SDD.TPS:DSD_PRICES@DF_PRICES_ALL(1.0),DEU,M,N,CPI,IX,CP11,N,_Z,2015-03,99.19173,A,,2015,,2
OECD.SDD.TPS:DSD_PRICES@DF_PRICES_ALL(1.0),DEU,M,N,CPI,IX,CP11,N,_Z,2015-04,99.6917,A,,2015,,2
OECD.SDD.TPS:DSD_PRICES@DF_PRICES_ALL(1.0),DEU,M,N,CPI,IX,CP11,N,_Z,2015-05,99.99167,A,,2015,,2
OECD.SDD.TPS:DSD_PRICES@DF_PRICES_ALL(1.0),DEU,M,N,CPI,IX,CP11,N,_Z,2015-06,100.2916,A,,2015,,2
OECD.SDD.TPS:DSD_PRICES@DF_PRICES_ALL(1.0),DEU,M,N,CPI,IX,CP11,N,_Z,2015-07,100.4916,A,,2015,,2
OECD.SDD.TPS:DSD_PRICES@DF_PRICES_ALL(1.0),DEU,M,N,CPI,IX,CP11,N,_Z,2015-08,100.6916,A,,2015,,2
OECD.SDD.TPS:DSD_PRICES@DF_PRICES_ALL(1.0),DEU,M,N,CPI,IX,CP11,N,_Z,2015-09,100.5916,A,,2015,,2
OECD.SDD.TPS:DSD_PRICES@DF_PRICES_ALL(1.0),DEU,M,N,CPI,IX,CP11,N,_Z,2015-10,100.6916,A,,2015,,2
OECD.SDD.TPS:DSD_PRICES@DF_PRICES_ALL(1.0),DEU,M,N,CPI,IX,CP11,N,_Z,2015-11,100.3916,A,,2015,,2
OECD.SDD.TPS:DSD_PRICES@DF_PRICES_ALL(1.0),DEU,M,N,CPI,IX,CP11,N,_Z,2015-12,100.5916,A,,2015,,2
OECD.SDD.TPS:DSD_PRICES@DF_PRICES_ALL(1.0),DEU,M,N,CPI,IX,CP11,N,_Z,2016-01,100.8916,A,,2015,,2
OECD.SDD.TPS:DSD_PRICES@DF_PRICES_ALL(1.0),DEU,M,N,CPI,IX,CP11,N,_Z,2016-02,101.0916,A,,2015,,2
OECD.SDD.TPS:DSD_PRICES@DF_PRICES_ALL(1.0),DEU,M,N,CPI,IX,CP11,N,_Z,2016-03,101.5915,A,,2015,,2
OECD.SDD.TPS:DSD_PRICES@DF_PRICES_ALL(1.0),DEU,M,N,CPI,IX,CP11,N,_Z,2016-04,101.7915,A,,2015,,2
OECD.SDD.TPS:DSD_PRICES@DF_PRICES_ALL(1.0),DEU,M,N,CPI,IX,CP11,N,_Z,2016-05,102.3915,A,,2015,,2
OECD.SDD.TPS:DSD_PRICES@DF_PRICES_ALL(1.0),DEU,M,N,CPI,IX,CP11,N,_Z,2016-06,102.4915,A,,2015,,2
OECD.SDD.TPS:DSD_PRICES@DF_PRICES_ALL(1.0),DEU,M,N,CPI,IX,CP11,N,_Z,2016-07,102.7914,A,,2015,,2
OECD.SDD.TPS:DSD_PRICES@DF_PRICES_ALL(1.0),DEU,M,N,CPI,IX,CP11,N,_Z,2016-08,102.8914,A,,2015,,2
OECD.SDD.TPS:DSD_PRICES@DF_PRICES_ALL(1.0),DEU,M,N,CPI,IX,CP11,N,_Z,2016-09,102.7914,A,,2015,,2
OECD.SDD.TPS:DSD_PRICES@DF_PRICES_ALL(1.0),DEU,M,N,CPI,IX,CP11,N,_Z,2016-10,102.6914,A,,2015,,2
OECD.SDD.TPS:DSD_PRICES@DF_PRICES_ALL(1.0),DEU,M,N,CPI,IX,CP11,N,_Z,2016-11,102.5915,A,,2015,,2
OECD.SDD.TPS:DSD_PRICES@DF_PRICES_ALL(1.0),DEU,M,N,CPI,IX,CP11,N,_Z,2016-12,102.6914,A,,2015,,2
OECD.SDD.TPS:DSD_PRICES@DF_PRICES_ALL(1.0),DEU,M,N,CPI,IX,CP11,N,_Z,2017-01,102.8914,A,,2015,,2
OECD.SDD.TPS:DSD_PRICES@DF_PRICES_ALL(1.0),DEU,M,N,CPI,IX,CP11,N,_Z,2017-02,103.1914,A,,2015,,2
OECD.SDD.TPS:DSD_PRICES@DF_PRICES_ALL(1.0),DEU,M,N,CPI,IX,CP11,N,_Z,2017-03,103.3914,A,,2015,,2
OECD.SDD.TPS:DSD_PRICES@DF_PRICES_ALL(1.0),DEU,M,N,CPI,IX,CP11,N,_Z,2017-04,103.7914,A,,2015,,2
OECD.SDD.TPS:DSD_PRICES@DF_PRICES_ALL(1.0),DEU,M,N,CPI,IX,CP11,N,_Z,2017-05,104.1913,A,,2015,,2
OECD.SDD.TPS:DSD_PRICES@DF_PRICES_ALL(1.0),DEU,M,N,CPI,IX,CP11,N,_Z,2017-06,104.5913,A,,2015,,2
OECD.SDD.TPS:DSD_PRICES@DF_PRICES_ALL(1.0),DEU,M,N,CPI,IX,CP11,N,_Z,2017-07,105.0912,A,,2015,,2
OECD.SDD.TPS:DSD_PRICES@DF_PRICES_ALL(1.0),DEU,M,N,CPI,IX,CP11,N,_Z,2017-08,105.1912,A,,2015,,2
OECD.SDD.TPS:DSD_PRICES@DF_PRICES_ALL(1.0),DEU,M,N,CPI,IX,CP11,N,_Z,2017-09,105.1912,A,,2015,,2
OECD.SDD.TPS:DSD_PRICES@DF_PRICES_ALL(1.0),DEU,M,N,CPI,IX,CP11,N,_Z,2017-10,104.9912,A,,2015,,2
OECD.SDD.TPS:DSD_PRICES@DF_PRICES_ALL(1.0),DEU,M,N,CPI,IX,CP11,N,_Z,2017-11,104.6913,A,,2015,,2
OECD.SDD.TPS:DSD_PRICES@DF_PRICES_ALL(1.0),DEU,M,N,CPI,IX,CP11,N,_Z,2017-12,104.9912,A,,2015,,2
OECD.SDD.TPS:DSD_PRICES@DF_PRICES_ALL(1.0),DEU,M,N,CPI,IX,CP11,N,_Z,2018-01,105.2912,A,,2015,,2
OECD.SDD.TPS:DSD_PRICES@DF_PRICES_ALL(1.0),DEU,M,N,CPI,IX,CP11,N,_Z,2018-02,105.4912,A,,2015,,2
OECD.SDD.TPS:DSD_PRICES@DF_PRICES_ALL(1.0),DEU,M,N,CPI,IX,CP11,N,_Z,2018-03,105.7912,A,,2015,,2
OECD.SDD.TPS:DSD_PRICES@DF_PRICES_ALL(1.0),DEU,M,N,CPI,IX,CP11,N,_Z,2018-04,106.0912,A,,2015,,2
OECD.SDD.TPS:DSD_PRICES@DF_PRICES_ALL(1.0),DEU,M,N,CPI,IX,CP11,N,_Z,2018-05,106.5911,A,,2015,,2
OECD.SDD.TPS:DSD_PRICES@DF_PRICES_ALL(1.0),DEU,M,N,CPI,IX,CP11,N,_Z,2018-06,106.8911,A,,2015,,2
OECD.SDD.TPS:DSD_PRICES@DF_PRICES_ALL(1.0),DEU,M,N,CPI,IX,CP11,N,_Z,2018-07,107.1911,A,,2015,,2
OECD.SDD.TPS:DSD_PRICES@DF_PRICES_ALL(1.0),DEU,M,N,CPI,IX,CP11,N,_Z,2018-08,107.2911,A,,2015,,2
OECD.SDD.TPS:DSD_PRICES@DF_PRICES_ALL(1.0),DEU,M,N,CPI,IX,CP11,N,_Z,2018-09,107.2911,A,,2015,,2
OECD.SDD.TPS:DSD_PRICES@DF_PRICES_ALL(1.0),DEU,M,N,CPI,IX,CP11,N,_Z,2018-10,107.2911,A,,2015,,2
OECD.SDD.TPS:DSD_PRICES@DF_PRICES_ALL(1.0),DEU,M,N,CPI,IX,CP11,N,_Z,2018-11,107.0911,A,,2015,,2
OECD.SDD.TPS:DSD_PRICES@DF_PRICES_ALL(1.0),DEU,M,N,CPI,IX,CP11,N,_Z,2018-12,107.3911,A,,2015,,2
OECD.SDD.TPS:DSD_PRICES@DF_PRICES_ALL(1.0),DEU,M,N,CPI,IX,CP11,N,_Z,2019-01,107.591,A,,2015,,2
OECD.SDD.TPS:DSD_PRICES@DF_PRICES_ALL(1.0),DEU,M,N,CPI,IX,CP11,N,_Z,2019-02,107.891,A,,2015,,2
OECD.SDD.TPS:DSD_PRICES@DF_PRICES_ALL(1.0),DEU,M,N,CPI,IX,CP11,N,_Z,2019-03,108.191,A,,2015,,2
OECD.SDD.TPS:DSD_PRICES@DF_PRICES_ALL(1.0),DEU,M,N,CPI,IX,CP11,N,_Z,2019-04,108.7909,A,,2015,,2
OECD.SDD.TPS:DSD_PRICES@DF_PRICES_ALL(1.0),DEU,M,N,CPI,IX,CP11,N,_Z,2019-05,109.4909,A,,2015,,2
OECD.SDD.TPS:DSD_PRICES@DF_PRICES_ALL(1.0),DEU,M,N,CPI,IX,CP11,N,_Z,2019-06,109.8908,A,,2015,,2
OECD.SDD.TPS:DSD_PRICES@DF_PRICES_ALL(1.0),DEU,M,N,CPI,IX,CP11,N,_Z,2019-07,110.0908,A,,2015,,2
OECD.SDD.TPS:DSD_PRICES@DF_PRICES_ALL(1.0),DEU,M,N,CPI,IX,CP11,N,_Z,2019-08,110.1908,A,,2015,,2
OECD.SDD.TPS:DSD_PRICES@DF_PRICES_ALL(1.0),DEU,M,N,CPI,IX,CP11,N,_Z,2019-09,110.1908,A,,2015,,2
OECD.SDD.TPS:DSD_PRICES@DF_PRICES_ALL(1.0),DEU,M,N,CPI,IX,CP11,N,_Z,2019-10,110.1908,A,,2015,,2
OECD.SDD.TPS:DSD_PRICES@DF_PRICES_ALL(1.0),DEU,M,N,CPI,IX,CP11,N,_Z,2019-11,110.0908,A,,2015,,2
OECD.SDD.TPS:DSD_PRICES@DF_PRICES_ALL(1.0),DEU,M,N,CPI,IX,CP11,N,_Z,2019-12,110.1908,A,,2015,,2
OECD.SDD.TPS:DSD_PRICES@DF_PRICES_ALL(1.0),DEU,M,N,CPI,IX,CP11,N,_Z,2020-01,110.4908,A,,2015,,2
OECD.SDD.TPS:DSD_PRICES@DF_PRICES_ALL(1.0),DEU,M,N,CPI,IX,CP11,N,_Z,2020-02,110.8256,A,,2015,,2
OECD.SDD.TPS:DSD_PRICES@DF_PRICES_ALL(1.0),DEU,M,N,CPI,IX,CP11,N,_Z,2020-03,111.0488,A,,2015,,2
OECD.SDD.TPS:DSD_PRICES@DF_PRICES_ALL(1.0),DEU,M,N,CPI,IX,CP11,N,_Z,2020-04,111.272,A,,2015,,2
OECD.SDD.TPS:DSD_PRICES@DF_PRICES_ALL(1.0),DEU,M,N,CPI,IX,CP11,N,_Z,2020-05,111.7185,A,,2015,,2
OECD.SDD.TPS:DSD_PRICES@DF_PRICES_ALL(1.0),DEU,M,N,CPI,IX,CP11,N,_Z,2020-06,112.0533,A,,2015,,2
OECD.SDD.TPS:DSD_PRICES@DF_PRICES_ALL(1.0),DEU,M,N,CPI,IX,CP11,N,_Z,2020-07,112.0533,A,,2015,,2
OECD.SDD.TPS:DSD_PRICES@DF_PRICES_ALL(1.0),DEU,M,N,CPI,IX,CP11,N,_Z,2020-08,112.1649,A,,2015,,2
OECD.SDD.TPS:DSD_PRICES@DF_PRICES_ALL(1.0),DEU,M,N,CPI,IX,CP11,N,_Z,2020-09,112.0533,A,,2015,,2
OECD.SDD.TPS:DSD_PRICES@DF_PRICES_ALL(1.0),DEU,M,N,CPI,IX,CP11,N,_Z,2020-10,112.0533,A,,2015,,2
OECD.SDD.TPS:DSD_PRICES@DF_PRICES_ALL(1.0),DEU,M,N,CPI,IX,CP11,N,_Z,2020-11,111.7185,A,,2015,,2
OECD.SDD.TPS:DSD_PRICES@DF_PRICES_ALL(1.0),DEU,M,N,CPI,IX,CP11,N,_Z,2020-12,111.9417,A,,2015,,2
OECD.SDD.TPS:DSD_PRICES@DF_PRICES_ALL(1.0),DEU,M,N,CPI,IX,CP11,N,_Z,2021-01,112.1649,A,,2015,,2
OECD.SDD.TPS:DSD_PRICES@DF_PRICES_ALL(1.0),DEU,M,N,CPI,IX,CP11,N,_Z,2021-02,112.2765,A,,2015,,2
OECD.SDD.TPS:DSD_PRICES@DF_PRICES_ALL(1.0),DEU,M,N,CPI,IX,CP11,N,_Z,2021-03,112.2765,A,,2015,,2
OECD.SDD.TPS:DSD_PRICES@DF_PRICES_ALL(1.0),DEU,M,N,CPI,IX,CP11,N,_Z,2021-04,112.6113,A,,2015,,2
OECD.SDD.TPS:DSD_PRICES@DF_PRICES_ALL(1.0),DEU,M,N,CPI,IX,CP11,N,_Z,2021-05,113.3926,A,,2015,,2
OECD.SDD.TPS:DSD_PRICES@DF_PRICES_ALL(1.0),DEU,M,N,CPI,IX,CP11,N,_Z,2021-06,115.1783,A,,2015,,2
OECD.SDD.TPS:DSD_PRICES@DF_PRICES_ALL(1.0),DEU,M,N,CPI,IX,CP11,N,_Z,2021-07,115.8479,A,,2015,,2
OECD.SDD.TPS:DSD_PRICES@DF_PRICES_ALL(1.0),DEU,M,N,CPI,IX,CP11,N,_Z,2021-08,116.1827,A,,2015,,2
OECD.SDD.TPS:DSD_PRICES@DF_PRICES_ALL(1.0),DEU,M,N,CPI,IX,CP11,N,_Z,2021-09,116.0711,A,,2015,,2
OECD.SDD.TPS:DSD_PRICES@DF_PRICES_ALL(1.0),DEU,M,N,CPI,IX,CP11,N,_Z,2021-10,116.2943,A,,2015,,2
OECD.SDD.TPS:DSD_PRICES@DF_PRICES_ALL(1.0),DEU,M,N,CPI,IX,CP11,N,_Z,2021-11,116.406,A,,2015,,2
OECD.SDD.TPS:DSD_PRICES@DF_PRICES_ALL(1.0),DEU,M,N,CPI,IX,CP11,N,_Z,2021-12,116.6292,A,,2015,,2
OECD.SDD.TPS:DSD_PRICES@DF_PRICES_ALL(1.0),DEU,M,N,CPI,IX,CP11,N,_Z,2022-01,117.4104,A,,2015,,2
OECD.SDD.TPS:DSD_PRICES@DF_PRICES_ALL(1.0),DEU,M,N,CPI,IX,CP11,N,_Z,2022-02,118.0801,A,,2015,,2
OECD.SDD.TPS:DSD_PRICES@DF_PRICES_ALL(1.0),DEU,M,N,CPI,IX,CP11,N,_Z,2022-03,118.7497,A,,2015,,2
OECD.SDD.TPS:DSD_PRICES@DF_PRICES_ALL(1.0),DEU,M,N,CPI,IX,CP11,N,_Z,2022-04,120.2006,A,,2015,,2
OECD.SDD.TPS:DSD_PRICES@DF_PRICES_ALL(1.0),DEU,M,N,CPI,IX,CP11,N,_Z,2022-05,121.7631,A,,2015,,2
OECD.SDD.TPS:DSD_PRICES@DF_PRICES_ALL(1.0),DEU,M,N,CPI,IX,CP11,N,_Z,2022-06,123.4372,A,,2015,,2
OECD.SDD.TPS:DSD_PRICES@DF_PRICES_ALL(1.0),DEU,M,N,CPI,IX,CP11,N,_Z,2022-07,125.1113,A,,2015,,2
OECD.SDD.TPS:DSD_PRICES@DF_PRICES_ALL(1.0),DEU,M,N,CPI,IX,CP11,N,_Z,2022-08,125.7809,A,,2015,,2
OECD.SDD.TPS:DSD_PRICES@DF_PRICES_ALL(1.0),DEU,M,N,CPI,IX,CP11,N,_Z,2022-09,126.6738,A,,2015,,2
OECD.SDD.TPS:DSD_PRICES@DF_PRICES_ALL(1.0),DEU,M,N,CPI,IX,CP11,N,_Z,2022-10,126.7854,A,,2015,,2
OECD.SDD.TPS:DSD_PRICES@DF_PRICES_ALL(1.0),DEU,M,N,CPI,IX,CP11,N,_Z,2022-11,127.455,A,,2015,,2
OECD.SDD.TPS:DSD_PRICES@DF_PRICES_ALL(1.0),DEU,M,N,CPI,IX,CP11,N,_Z,2022-12,128.0131,A,,2015,,2
OECD.SDD.TPS:DSD_PRICES@DF_PRICES_ALL(1.0),DEU,M,N,CPI,IX,CP11,N,_Z,2023-01,129.5756,A,,2015,,2
OECD.SDD.TPS:DSD_PRICES@DF_PRICES_ALL(1.0),DEU,M,N,CPI,IX,CP11,N,_Z,2023-02,130.4684,A,,2015,,2
OECD.SDD.TPS:DSD_PRICES@DF_PRICES_ALL(1.0),DEU,M,N,CPI,IX,CP11,N,_Z,2023-03,131.2497,A,,2015,,2
OECD.SDD.TPS:DSD_PRICES@DF_PRICES_ALL(1.0),DEU,M,N,CPI,IX,CP11,N,_Z,2023-04,132.0309,A,,2015,,2
OECD.SDD.TPS:DSD_PRICES@DF_PRICES_ALL(1.0),DEU,M,N,CPI,IX,CP11,N,_Z,2023-05,133.0354,A,,2015,,2
OECD.SDD.TPS:DSD_PRICES@DF_PRICES_ALL(1.0),DEU,M,N,CPI,IX,CP11,N,_Z,2023-06,133.8166,A,,2015,,2
OECD.SDD.TPS:DSD_PRICES@DF_PRICES_ALL(1.0),DEU,M,N,CPI,IX,CP11,N,_Z,2023-07,134.5979,A,,2015,,2
OECD.SDD.TPS:DSD_PRICES@DF_PRICES_ALL(1.0),DEU,M,N,CPI,IX,CP11,N,_Z,2023-08,134.7095,A,,2015,,2
OECD.SDD.TPS:DSD_PRICES@DF_PRICES_ALL(1.0),DEU,M,N,CPI,IX,CP11,N,_Z,2023-09,135.0443,A,,2015,,2
OECD.SDD.TPS:DSD_PRICES@DF_PRICES_ALL(1.0),DEU,M,N,CPI,IX,CP11,N,_Z,2023-10,135.0443,A,,2015,,2
OECD.SDD.TPS:DSD_PRICES@DF_PRICES_ALL(1.0),DEU,M,N,CPI,IX,CP11,N,_Z,2023-11,135.0443,A,,2015,,2
OECD.SDD.TPS:DSD_PRICES@DF_PRICES_ALL(1.0),DEU,M,N,CPI,IX,CP11,N,_Z,2023-12,135.1559,A,,2015,,2
OECD.SDD.TPS:DSD_PRICES@DF_PRICES_ALL(1.0),DEU,M,N,CPI,IX,CP11,N,_Z,2024-01,137.7229,A,,2015,,2
OECD.SDD.TPS:DSD_PRICES@DF_PRICES_ALL(1.0),DEU,M,N,CPI,IX,CP11,N,_Z,2024-02,138.6157,A,,2015,,2
OECD.SDD.TPS:DSD_PRICES@DF_PRICES_ALL(1.0),DEU,M,N,CPI,IX,CP11,N,_Z,2024-03,139.6202,A,,2015,,2
OECD.SDD.TPS:DSD_PRICES@DF_PRICES_ALL(1.0),DEU,M,N,CPI,IX,CP11,N,_Z,2024-04,140.513,A,,2015,,2
OECD.SDD.TPS:DSD_PRICES@DF_PRICES_ALL(1.0),DEU,M,N,CPI,IX,CP11,N,_Z,2024-05,141.4059,A,,2015,,2
OECD.SDD.TPS:DSD_PRICES@DF_PRICES_ALL(1.0),DEU,M,N,CPI,IX,CP11,N,_Z,2024-06,142.522,A,,2015,,2
OECD.SDD.TPS:DSD_PRICES@DF_PRICES_ALL(1.0),DEU,M,N,CPI,IX,CP11,N,_Z,2024-07,142.6336,A,,2015,,2
OECD.SDD.TPS:DSD_PRICES@DF_PRICES_ALL(1.0),DEU,M,N,CPI,IX,CP11,N,_Z,2024-08,143.08,A,,2015,,2
OECD.SDD.TPS:DSD_PRICES@DF_PRICES_ALL(1.0),DEU,M,N,CPI,IX,CP11,N,_Z,2024-09,143.3032,A,,2015,,2
OECD.SDD.TPS:DSD_PRICES@DF_PRICES_ALL(1.0),DEU,M,N,CPI,IX,CP11,N,_Z,2024-10,143.3032,A,,2015,,2
OECD.SDD.TPS:DSD_PRICES@DF_PRICES_ALL(1.0),DEU,M,N,CPI,IX,CP11,N,_Z,2024-11,142.9684,A,,2015,,2
OECD.SDD.TPS:DSD_PRICES@DF_PRICES_ALL(1.0),DEU,M,N,CPI,IX,CP11,N,_Z,2024-12,143.1916,A,,2015,,2
OECD.SDD.TPS:DSD_PRICES@DF_PRICES_ALL(1.0),DEU,M,N,CPI,IX,CP11,N,_Z,2025-01,143.7496,A,,2015,,2
OECD.SDD.TPS:DSD_PRICES@DF_PRICES_ALL(1.0),DEU,M,N,CPI,IX,CP11,N,_Z,2025-02,144.4193,A,,2015,,2
OECD.SDD.TPS:DSD_PRICES@DF_PRICES_ALL(1.0),DEU,M,N,CPI,IX,CP11,N,_Z,2025-03,144.9773,A,,2015,,2
OECD.SDD.TPS:DSD_PRICES@DF_PRICES_ALL(1.0),DEU,M,N,CPI,IX,CP11,N,_Z,2025-04,145.7586,A,,2015,,2
OECD.SDD.TPS:DSD_PRICES@DF_PRICES_ALL(1.0),DEU,M,N,CPI,IX,CP11,N,_Z,2025-05,147.5443,A,,2015,,2
OECD.SDD.TPS:DSD_PRICES@DF_PRICES_ALL(1.0),DEU,M,N,CPI,IX,CP11,N,_Z,2025-06,147.5443,A,,2015,,2
OECD.SDD.TPS:DSD_PRICES@DF_PRICES_ALL(1.0),DEU,M,N,CPI,IX,CP11,N,_Z,2025-07,147.9907,A,,2015,,2
OECD.SDD.TPS:DSD_PRICES@DF_PRICES_ALL(1.0),DEU,M,N,CPI,IX,CP11,N,_Z,2025-08,148.2139,A,,2015,,2
OECD.SDD.TPS:DSD_PRICES@DF_PRICES_ALL(1.0),DEU,M,N,CPI,IX,CP11,N,_Z,2025-09,148.6603,A,,2015,,2
OECD.SDD.TPS:DSD_PRICES@DF_PRICES_ALL(1.0),DEU,M,N,CPI,IX,CP11,N,_Z,2025-10,148.4371,A,,2015,,2
OECD.SDD.TPS:DSD_PRICES@DF_PRICES_ALL(1.0),DEU,M,N,CPI,IX,CP11,N,_Z,2025-11,147.9907,A,,2015,,2
OECD.SDD.TPS:DSD_PRICES@DF_PRICES_ALL(1.0),DEU,M,N,CPI,IX,CP11,N,_Z,2025-12,148.3255,A,,2015,,2
OECD.SDD.TPS:DSD_PRICES@DF_PRICES_ALL(1.0),DEU,M,N,CPI,IX,CP11,N,_Z,2026-01,148.4371,A,,2015,,2
OECD.SDD.TPS:DSD_PRICES@DF_PRICES_ALL(1.0),DEU,M,N,CPI,IX,CP11,N,_Z,2026-02,148.9952,A,,2015,,2
OECD.SDD.TPS:DSD_PRICES@DF_PRICES_ALL(1.0),DEU,M,N,CPI,IX,CP11,N,_Z,2026-03,149.888,A,,2015,,2
OECD.SDD.TPS:DSD_PRICES@DF_PRICES_ALL(1.0),DEU,M,N,CPI,IX,CP11,N,_Z,2026-04,150.7809,A,,2015,,2
OECD.SDD.TPS:DSD_PRICES@DF_PRICES_ALL(1.0),DEU,M,N,CPI,IX,CP11,N,_Z,2026-05,151.5621,A,,2015,,2
OECD.SDD.TPS:DSD_PRICES@DF_PRICES_ALL(1.0),FRA,M,N,CPI,IX,CP11,N,_Z,2014-01,96.28,A,,2015,,2
OECD.SDD.TPS:DSD_PRICES@DF_PRICES_ALL(1.0),FRA,M,N,CPI,IX,CP11,N,_Z,2014-02,97.18,A,,2015,,2
OECD.SDD.TPS:DSD_PRICES@DF_PRICES_ALL(1.0),FRA,M,N,CPI,IX,CP11,N,_Z,2014-03,98.52,A,,2015,,2
OECD.SDD.TPS:DSD_PRICES@DF_PRICES_ALL(1.0),FRA,M,N,CPI,IX,CP11,N,_Z,2014-04,97.19,A,,2015,,2
OECD.SDD.TPS:DSD_PRICES@DF_PRICES_ALL(1.0),FRA,M,N,CPI,IX,CP11,N,_Z,2014-05,97.85,A,,2015,,2
OECD.SDD.TPS:DSD_PRICES@DF_PRICES_ALL(1.0),FRA,M,N,CPI,IX,CP11,N,_Z,2014-06,98.74,A,,2015,,2
OECD.SDD.TPS:DSD_PRICES@DF_PRICES_ALL(1.0),FRA,M,N,CPI,IX,CP11,N,_Z,2014-07,102.24,A,,2015,,2
OECD.SDD.TPS:DSD_PRICES@DF_PRICES_ALL(1.0),FRA,M,N,CPI,IX,CP11,N,_Z,2014-08,103.5,A,,2015,,2
OECD.SDD.TPS:DSD_PRICES@DF_PRICES_ALL(1.0),FRA,M,N,CPI,IX,CP11,N,_Z,2014-09,98.43,A,,2015,,2
OECD.SDD.TPS:DSD_PRICES@DF_PRICES_ALL(1.0),FRA,M,N,CPI,IX,CP11,N,_Z,2014-10,97.59,A,,2015,,2
OECD.SDD.TPS:DSD_PRICES@DF_PRICES_ALL(1.0),FRA,M,N,CPI,IX,CP11,N,_Z,2014-11,97.41,A,,2015,,2
OECD.SDD.TPS:DSD_PRICES@DF_PRICES_ALL(1.0),FRA,M,N,CPI,IX,CP11,N,_Z,2014-12,98.23,A,,2015,,2
OECD.SDD.TPS:DSD_PRICES@DF_PRICES_ALL(1.0),FRA,M,N,CPI,IX,CP11,N,_Z,2015-01,97.8,A,,2015,,2
OECD.SDD.TPS:DSD_PRICES@DF_PRICES_ALL(1.0),FRA,M,N,CPI,IX,CP11,N,_Z,2015-02,99.06,A,,2015,,2
OECD.SDD.TPS:DSD_PRICES@DF_PRICES_ALL(1.0),FRA,M,N,CPI,IX,CP11,N,_Z,2015-03,99.61,A,,2015,,2
OECD.SDD.TPS:DSD_PRICES@DF_PRICES_ALL(1.0),FRA,M,N,CPI,IX,CP11,N,_Z,2015-04,98.55,A,,2015,,2
OECD.SDD.TPS:DSD_PRICES@DF_PRICES_ALL(1.0),FRA,M,N,CPI,IX,CP11,N,_Z,2015-05,99.02,A,,2015,,2
OECD.SDD.TPS:DSD_PRICES@DF_PRICES_ALL(1.0),FRA,M,N,CPI,IX,CP11,N,_Z,2015-06,100.21,A,,2015,,2
OECD.SDD.TPS:DSD_PRICES@DF_PRICES_ALL(1.0),FRA,M,N,CPI,IX,CP11,N,_Z,2015-07,103.6,A,,2015,,2
OECD.SDD.TPS:DSD_PRICES@DF_PRICES_ALL(1.0),FRA,M,N,CPI,IX,CP11,N,_Z,2015-08,105.02,A,,2015,,2
OECD.SDD.TPS:DSD_PRICES@DF_PRICES_ALL(1.0),FRA,M,N,CPI,IX,CP11,N,_Z,2015-09,99.89,A,,2015,,2
OECD.SDD.TPS:DSD_PRICES@DF_PRICES_ALL(1.0),FRA,M,N,CPI,IX,CP11,N,_Z,2015-10,98.86,A,,2015,,2
OECD.SDD.TPS:DSD_PRICES@DF_PRICES_ALL(1.0),FRA,M,N,CPI,IX,CP11,N,_Z,2015-11,98.53,A,,2015,,2
OECD.SDD.TPS:DSD_PRICES@DF_PRICES_ALL(1.0),FRA,M,N,CPI,IX,CP11,N,_Z,2015-12,99.85,A,,2015,,2
OECD.SDD.TPS:DSD_PRICES@DF_PRICES_ALL(1.0),FRA,M,N,CPI,IX,CP11,N,_Z,2016-01,99.6,A,,2015,,2
OECD.SDD.TPS:DSD_PRICES@DF_PRICES_ALL(1.0),FRA,M,N,CPI,IX,CP11,N,_Z,2016-02,100.25,A,,2015,,2
OECD.SDD.TPS:DSD_PRICES@DF_PRICES_ALL(1.0),FRA,M,N,CPI,IX,CP11,N,_Z,2016-03,100.99,A,,2015,,2
OECD.SDD.TPS:DSD_PRICES@DF_PRICES_ALL(1.0),FRA,M,N,CPI,IX,CP11,N,_Z,2016-04,100.5,A,,2015,,2
OECD.SDD.TPS:DSD_PRICES@DF_PRICES_ALL(1.0),FRA,M,N,CPI,IX,CP11,N,_Z,2016-05,100.83,A,,2015,,2
OECD.SDD.TPS:DSD_PRICES@DF_PRICES_ALL(1.0),FRA,M,N,CPI,IX,CP11,N,_Z,2016-06,102.08,A,,2015,,2
OECD.SDD.TPS:DSD_PRICES@DF_PRICES_ALL(1.0),FRA,M,N,CPI,IX,CP11,N,_Z,2016-07,104.56,A,,2015,,2
OECD.SDD.TPS:DSD_PRICES@DF_PRICES_ALL(1.0),FRA,M,N,CPI,IX,CP11,N,_Z,2016-08,105.98,A,,2015,,2
OECD.SDD.TPS:DSD_PRICES@DF_PRICES_ALL(1.0),FRA,M,N,CPI,IX,CP11,N,_Z,2016-09,101.68,A,,2015,,2
OECD.SDD.TPS:DSD_PRICES@DF_PRICES_ALL(1.0),FRA,M,N,CPI,IX,CP11,N,_Z,2016-10,101.31,A,,2015,,2
OECD.SDD.TPS:DSD_PRICES@DF_PRICES_ALL(1.0),FRA,M,N,CPI,IX,CP11,N,_Z,2016-11,100.94,A,,2015,,2
OECD.SDD.TPS:DSD_PRICES@DF_PRICES_ALL(1.0),FRA,M,N,CPI,IX,CP11,N,_Z,2016-12,101.64,A,,2015,,2
OECD.SDD.TPS:DSD_PRICES@DF_PRICES_ALL(1.0),FRA,M,N,CPI,IX,CP11,N,_Z,2017-01,101.68,A,,2015,,2
OECD.SDD.TPS:DSD_PRICES@DF_PRICES_ALL(1.0),FRA,M,N,CPI,IX,CP11,N,_Z,2017-02,102.21,A,,2015,,2
OECD.SDD.TPS:DSD_PRICES@DF_PRICES_ALL(1.0),FRA,M,N,CPI,IX,CP11,N,_Z,2017-03,102.97,A,,2015,,2
OECD.SDD.TPS:DSD_PRICES@DF_PRICES_ALL(1.0),FRA,M,N,CPI,IX,CP11,N,_Z,2017-04,101.93,A,,2015,,2
OECD.SDD.TPS:DSD_PRICES@DF_PRICES_ALL(1.0),FRA,M,N,CPI,IX,CP11,N,_Z,2017-05,102.43,A,,2015,,2
OECD.SDD.TPS:DSD_PRICES@DF_PRICES_ALL(1.0),FRA,M,N,CPI,IX,CP11,N,_Z,2017-06,103.21,A,,2015,,2
OECD.SDD.TPS:DSD_PRICES@DF_PRICES_ALL(1.0),FRA,M,N,CPI,IX,CP11,N,_Z,2017-07,105.8,A,,2015,,2
OECD.SDD.TPS:DSD_PRICES@DF_PRICES_ALL(1.0),FRA,M,N,CPI,IX,CP11,N,_Z,2017-08,107.85,A,,2015,,2
OECD.SDD.TPS:DSD_PRICES@DF_PRICES_ALL(1.0),FRA,M,N,CPI,IX,CP11,N,_Z,2017-09,103.63,A,,2015,,2
OECD.SDD.TPS:DSD_PRICES@DF_PRICES_ALL(1.0),FRA,M,N,CPI,IX,CP11,N,_Z,2017-10,102.92,A,,2015,,2
OECD.SDD.TPS:DSD_PRICES@DF_PRICES_ALL(1.0),FRA,M,N,CPI,IX,CP11,N,_Z,2017-11,102.81,A,,2015,,2
OECD.SDD.TPS:DSD_PRICES@DF_PRICES_ALL(1.0),FRA,M,N,CPI,IX,CP11,N,_Z,2017-12,103.04,A,,2015,,2
OECD.SDD.TPS:DSD_PRICES@DF_PRICES_ALL(1.0),FRA,M,N,CPI,IX,CP11,N,_Z,2018-01,103.76,A,,2015,,2
OECD.SDD.TPS:DSD_PRICES@DF_PRICES_ALL(1.0),FRA,M,N,CPI,IX,CP11,N,_Z,2018-02,103.35,A,,2015,,2
OECD.SDD.TPS:DSD_PRICES@DF_PRICES_ALL(1.0),FRA,M,N,CPI,IX,CP11,N,_Z,2018-03,105.4,A,,2015,,2
OECD.SDD.TPS:DSD_PRICES@DF_PRICES_ALL(1.0),FRA,M,N,CPI,IX,CP11,N,_Z,2018-04,103.76,A,,2015,,2
OECD.SDD.TPS:DSD_PRICES@DF_PRICES_ALL(1.0),FRA,M,N,CPI,IX,CP11,N,_Z,2018-05,104.42,A,,2015,,2
OECD.SDD.TPS:DSD_PRICES@DF_PRICES_ALL(1.0),FRA,M,N,CPI,IX,CP11,N,_Z,2018-06,105.67,A,,2015,,2
OECD.SDD.TPS:DSD_PRICES@DF_PRICES_ALL(1.0),FRA,M,N,CPI,IX,CP11,N,_Z,2018-07,108.39,A,,2015,,2
OECD.SDD.TPS:DSD_PRICES@DF_PRICES_ALL(1.0),FRA,M,N,CPI,IX,CP11,N,_Z,2018-08,110.86,A,,2015,,2
OECD.SDD.TPS:DSD_PRICES@DF_PRICES_ALL(1.0),FRA,M,N,CPI,IX,CP11,N,_Z,2018-09,106.03,A,,2015,,2
OECD.SDD.TPS:DSD_PRICES@DF_PRICES_ALL(1.0),FRA,M,N,CPI,IX,CP11,N,_Z,2018-10,105.44,A,,2015,,2
OECD.SDD.TPS:DSD_PRICES@DF_PRICES_ALL(1.0),FRA,M,N,CPI,IX,CP11,N,_Z,2018-11,105.09,A,,2015,,2
OECD.SDD.TPS:DSD_PRICES@DF_PRICES_ALL(1.0),FRA,M,N,CPI,IX,CP11,N,_Z,2018-12,104.99,A,,2015,,2
OECD.SDD.TPS:DSD_PRICES@DF_PRICES_ALL(1.0),FRA,M,N,CPI,IX,CP11,N,_Z,2019-01,105.77,A,,2015,,2
OECD.SDD.TPS:DSD_PRICES@DF_PRICES_ALL(1.0),FRA,M,N,CPI,IX,CP11,N,_Z,2019-02,105.16,A,,2015,,2
OECD.SDD.TPS:DSD_PRICES@DF_PRICES_ALL(1.0),FRA,M,N,CPI,IX,CP11,N,_Z,2019-03,105.83,A,,2015,,2
OECD.SDD.TPS:DSD_PRICES@DF_PRICES_ALL(1.0),FRA,M,N,CPI,IX,CP11,N,_Z,2019-04,105.72,A,,2015,,2
OECD.SDD.TPS:DSD_PRICES@DF_PRICES_ALL(1.0),FRA,M,N,CPI,IX,CP11,N,_Z,2019-05,106.04,A,,2015,,2
OECD.SDD.TPS:DSD_PRICES@DF_PRICES_ALL(1.0),FRA,M,N,CPI,IX,CP11,N,_Z,2019-06,107.32,A,,2015,,2
OECD.SDD.TPS:DSD_PRICES@DF_PRICES_ALL(1.0),FRA,M,N,CPI,IX,CP11,N,_Z,2019-07,110.03,A,,2015,,2
OECD.SDD.TPS:DSD_PRICES@DF_PRICES_ALL(1.0),FRA,M,N,CPI,IX,CP11,N,_Z,2019-08,111.71,A,,2015,,2
OECD.SDD.TPS:DSD_PRICES@DF_PRICES_ALL(1.0),FRA,M,N,CPI,IX,CP11,N,_Z,2019-09,107.75,A,,2015,,2
OECD.SDD.TPS:DSD_PRICES@DF_PRICES_ALL(1.0),FRA,M,N,CPI,IX,CP11,N,_Z,2019-10,106.93,A,,2015,,2
OECD.SDD.TPS:DSD_PRICES@DF_PRICES_ALL(1.0),FRA,M,N,CPI,IX,CP11,N,_Z,2019-11,106.27,A,,2015,,2
OECD.SDD.TPS:DSD_PRICES@DF_PRICES_ALL(1.0),FRA,M,N,CPI,IX,CP11,N,_Z,2019-12,106.62,A,,2015,,2
OECD.SDD.TPS:DSD_PRICES@DF_PRICES_ALL(1.0),FRA,M,N,CPI,IX,CP11,N,_Z,2020-01,107.52,A,,2015,,2
OECD.SDD.TPS:DSD_PRICES@DF_PRICES_ALL(1.0),FRA,M,N,CPI,IX,CP11,N,_Z,2020-02,107.05,A,,2015,,2
OECD.SDD.TPS:DSD_PRICES@DF_PRICES_ALL(1.0),FRA,M,N,CPI,IX,CP11,N,_Z,2020-03,107.38,A,,2015,,2
OECD.SDD.TPS:DSD_PRICES@DF_PRICES_ALL(1.0),FRA,M,N,CPI,IX,CP11,N,_Z,2020-07,110.6,A,,2015,,2
OECD.SDD.TPS:DSD_PRICES@DF_PRICES_ALL(1.0),FRA,M,N,CPI,IX,CP11,N,_Z,2020-08,113.33,A,,2015,,2
OECD.SDD.TPS:DSD_PRICES@DF_PRICES_ALL(1.0),FRA,M,N,CPI,IX,CP11,N,_Z,2020-09,108.06,A,,2015,,2
OECD.SDD.TPS:DSD_PRICES@DF_PRICES_ALL(1.0),FRA,M,N,CPI,IX,CP11,N,_Z,2020-10,107.21,A,,2015,,2
OECD.SDD.TPS:DSD_PRICES@DF_PRICES_ALL(1.0),FRA,M,N,CPI,IX,CP11,N,_Z,2021-06,108.37,A,,2015,,2
OECD.SDD.TPS:DSD_PRICES@DF_PRICES_ALL(1.0),FRA,M,N,CPI,IX,CP11,N,_Z,2021-07,110.94,A,,2015,,2
OECD.SDD.TPS:DSD_PRICES@DF_PRICES_ALL(1.0),FRA,M,N,CPI,IX,CP11,N,_Z,2021-08,113.93,A,,2015,,2
OECD.SDD.TPS:DSD_PRICES@DF_PRICES_ALL(1.0),FRA,M,N,CPI,IX,CP11,N,_Z,2021-09,110.01,A,,2015,,2
OECD.SDD.TPS:DSD_PRICES@DF_PRICES_ALL(1.0),FRA,M,N,CPI,IX,CP11,N,_Z,2021-10,109.17,A,,2015,,2
OECD.SDD.TPS:DSD_PRICES@DF_PRICES_ALL(1.0),FRA,M,N,CPI,IX,CP11,N,_Z,2021-11,109.06,A,,2015,,2
OECD.SDD.TPS:DSD_PRICES@DF_PRICES_ALL(1.0),FRA,M,N,CPI,IX,CP11,N,_Z,2021-12,109.24,A,,2015,,2
OECD.SDD.TPS:DSD_PRICES@DF_PRICES_ALL(1.0),FRA,M,N,CPI,IX,CP11,N,_Z,2022-01,110.08,A,,2015,,2
OECD.SDD.TPS:DSD_PRICES@DF_PRICES_ALL(1.0),FRA,M,N,CPI,IX,CP11,N,_Z,2022-02,110.46,A,,2015,,2
OECD.SDD.TPS:DSD_PRICES@DF_PRICES_ALL(1.0),FRA,M,N,CPI,IX,CP11,N,_Z,2022-03,111.45,A,,2015,,2
OECD.SDD.TPS:DSD_PRICES@DF_PRICES_ALL(1.0),FRA,M,N,CPI,IX,CP11,N,_Z,2022-04,110.96,A,,2015,,2
OECD.SDD.TPS:DSD_PRICES@DF_PRICES_ALL(1.0),FRA,M,N,CPI,IX,CP11,N,_Z,2022-05,112.72,A,,2015,,2
OECD.SDD.TPS:DSD_PRICES@DF_PRICES_ALL(1.0),FRA,M,N,CPI,IX,CP11,N,_Z,2022-06,114.25,A,,2015,,2
OECD.SDD.TPS:DSD_PRICES@DF_PRICES_ALL(1.0),FRA,M,N,CPI,IX,CP11,N,_Z,2022-07,118.88,A,,2015,,2
OECD.SDD.TPS:DSD_PRICES@DF_PRICES_ALL(1.0),FRA,M,N,CPI,IX,CP11,N,_Z,2022-08,120.65,A,,2015,,2
OECD.SDD.TPS:DSD_PRICES@DF_PRICES_ALL(1.0),FRA,M,N,CPI,IX,CP11,N,_Z,2022-09,114.92,A,,2015,,2
OECD.SDD.TPS:DSD_PRICES@DF_PRICES_ALL(1.0),FRA,M,N,CPI,IX,CP11,N,_Z,2022-10,114.6,A,,2015,,2
OECD.SDD.TPS:DSD_PRICES@DF_PRICES_ALL(1.0),FRA,M,N,CPI,IX,CP11,N,_Z,2022-11,114.53,A,,2015,,2
OECD.SDD.TPS:DSD_PRICES@DF_PRICES_ALL(1.0),FRA,M,N,CPI,IX,CP11,N,_Z,2022-12,114.78,A,,2015,,2
OECD.SDD.TPS:DSD_PRICES@DF_PRICES_ALL(1.0),FRA,M,N,CPI,IX,CP11,N,_Z,2023-01,115.23,A,,2015,,2
OECD.SDD.TPS:DSD_PRICES@DF_PRICES_ALL(1.0),FRA,M,N,CPI,IX,CP11,N,_Z,2023-02,115.99,A,,2015,,2
OECD.SDD.TPS:DSD_PRICES@DF_PRICES_ALL(1.0),FRA,M,N,CPI,IX,CP11,N,_Z,2023-03,116.73,A,,2015,,2
OECD.SDD.TPS:DSD_PRICES@DF_PRICES_ALL(1.0),FRA,M,N,CPI,IX,CP11,N,_Z,2023-04,117.78,A,,2015,,2
OECD.SDD.TPS:DSD_PRICES@DF_PRICES_ALL(1.0),FRA,M,N,CPI,IX,CP11,N,_Z,2023-05,119.05,A,,2015,,2
OECD.SDD.TPS:DSD_PRICES@DF_PRICES_ALL(1.0),FRA,M,N,CPI,IX,CP11,N,_Z,2023-06,120.63,A,,2015,,2
OECD.SDD.TPS:DSD_PRICES@DF_PRICES_ALL(1.0),FRA,M,N,CPI,IX,CP11,N,_Z,2023-07,124.57,A,,2015,,2
OECD.SDD.TPS:DSD_PRICES@DF_PRICES_ALL(1.0),FRA,M,N,CPI,IX,CP11,N,_Z,2023-08,126.26,A,,2015,,2
OECD.SDD.TPS:DSD_PRICES@DF_PRICES_ALL(1.0),FRA,M,N,CPI,IX,CP11,N,_Z,2023-09,121.22,A,,2015,,2
OECD.SDD.TPS:DSD_PRICES@DF_PRICES_ALL(1.0),FRA,M,N,CPI,IX,CP11,N,_Z,2023-10,120.84,A,,2015,,2
OECD.SDD.TPS:DSD_PRICES@DF_PRICES_ALL(1.0),FRA,M,N,CPI,IX,CP11,N,_Z,2023-11,119.65,A,,2015,,2
OECD.SDD.TPS:DSD_PRICES@DF_PRICES_ALL(1.0),FRA,M,N,CPI,IX,CP11,N,_Z,2023-12,119.39,A,,2015,,2
OECD.SDD.TPS:DSD_PRICES@DF_PRICES_ALL(1.0),FRA,M,N,CPI,IX,CP11,N,_Z,2024-01,119.78,A,,2015,,2
OECD.SDD.TPS:DSD_PRICES@DF_PRICES_ALL(1.0),FRA,M,N,CPI,IX,CP11,N,_Z,2024-02,120.31,A,,2015,,2
OECD.SDD.TPS:DSD_PRICES@DF_PRICES_ALL(1.0),FRA,M,N,CPI,IX,CP11,N,_Z,2024-03,120.51,A,,2015,,2
OECD.SDD.TPS:DSD_PRICES@DF_PRICES_ALL(1.0),FRA,M,N,CPI,IX,CP11,N,_Z,2024-04,121.69,A,,2015,,2
OECD.SDD.TPS:DSD_PRICES@DF_PRICES_ALL(1.0),FRA,M,N,CPI,IX,CP11,N,_Z,2024-05,122.65,A,,2015,,2
OECD.SDD.TPS:DSD_PRICES@DF_PRICES_ALL(1.0),FRA,M,N,CPI,IX,CP11,N,_Z,2024-06,123.99,A,,2015,,2
OECD.SDD.TPS:DSD_PRICES@DF_PRICES_ALL(1.0),FRA,M,N,CPI,IX,CP11,N,_Z,2024-07,127.86,A,,2015,,2
OECD.SDD.TPS:DSD_PRICES@DF_PRICES_ALL(1.0),FRA,M,N,CPI,IX,CP11,N,_Z,2024-08,130.31,A,,2015,,2
OECD.SDD.TPS:DSD_PRICES@DF_PRICES_ALL(1.0),FRA,M,N,CPI,IX,CP11,N,_Z,2024-09,124.55,A,,2015,,2
OECD.SDD.TPS:DSD_PRICES@DF_PRICES_ALL(1.0),FRA,M,N,CPI,IX,CP11,N,_Z,2024-10,124.09,A,,2015,,2
OECD.SDD.TPS:DSD_PRICES@DF_PRICES_ALL(1.0),FRA,M,N,CPI,IX,CP11,N,_Z,2024-11,123.03,A,,2015,,2
OECD.SDD.TPS:DSD_PRICES@DF_PRICES_ALL(1.0),FRA,M,N,CPI,IX,CP11,N,_Z,2024-12,123.13,A,,2015,,2
OECD.SDD.TPS:DSD_PRICES@DF_PRICES_ALL(1.0),FRA,M,N,CPI,IX,CP11,N,_Z,2025-01,123.2,A,,2015,,2
OECD.SDD.TPS:DSD_PRICES@DF_PRICES_ALL(1.0),FRA,M,N,CPI,IX,CP11,N,_Z,2025-02,123.87,A,,2015,,2
OECD.SDD.TPS:DSD_PRICES@DF_PRICES_ALL(1.0),FRA,M,N,CPI,IX,CP11,N,_Z,2025-03,124.0,A,,2015,,2
OECD.SDD.TPS:DSD_PRICES@DF_PRICES_ALL(1.0),FRA,M,N,CPI,IX,CP11,N,_Z,2025-04,124.04,A,,2015,,2
OECD.SDD.TPS:DSD_PRICES@DF_PRICES_ALL(1.0),FRA,M,N,CPI,IX,CP11,N,_Z,2025-05,125.09,A,,2015,,2
OECD.SDD.TPS:DSD_PRICES@DF_PRICES_ALL(1.0),FRA,M,N,CPI,IX,CP11,N,_Z,2025-06,127.47,A,,2015,,2
OECD.SDD.TPS:DSD_PRICES@DF_PRICES_ALL(1.0),FRA,M,N,CPI,IX,CP11,N,_Z,2025-07,130.9,A,,2015,,2
OECD.SDD.TPS:DSD_PRICES@DF_PRICES_ALL(1.0),FRA,M,N,CPI,IX,CP11,N,_Z,2025-08,133.4,A,,2015,,2
OECD.SDD.TPS:DSD_PRICES@DF_PRICES_ALL(1.0),FRA,M,N,CPI,IX,CP11,N,_Z,2025-09,127.33,A,,2015,,2
OECD.SDD.TPS:DSD_PRICES@DF_PRICES_ALL(1.0),FRA,M,N,CPI,IX,CP11,N,_Z,2025-10,126.82,A,,2015,,2
OECD.SDD.TPS:DSD_PRICES@DF_PRICES_ALL(1.0),FRA,M,N,CPI,IX,CP11,N,_Z,2025-11,125.33,A,,2015,,2
OECD.SDD.TPS:DSD_PRICES@DF_PRICES_ALL(1.0),FRA,M,N,CPI,IX,CP11,N,_Z,2025-12,125.61,A,,2015,,2
OECD.SDD.TPS:DSD_PRICES@DF_PRICES_ALL(1.0),DEU,M,N,CPI,IX,CP11,N,_Z,2026-08,152.455,A,,2015,,2
OECD.SDD.TPS:DSD_PRICES@DF_PRICES_ALL(1.0),DEU,M,N,CPI,IX,CP045,N,_Z,2026-08,148.0267,A,,2015,,2
OECD.SDD.TPS:DSD_PRICES@DF_PRICES_ALL(1.0),DEU,M,N,CPI,IX,CP01,N,_Z,2026-08,149.7256,A,,2015,,2
OECD.SDD.TPS:DSD_PRICES@DF_PRICES_ALL(1.0),DEU,M,N,CPI,IX,_T,N,_Z,2026-08,132.6289,A,,2015,,2
OECD.SDD.TPS:DSD_PRICES@DF_PRICES_ALL(1.0),DEU,M,N,CPI,IX,_T,N,_Z,2026-07,132.4181,A,,2015,,2
OECD.SDD.TPS:DSD_PRICES@DF_PRICES_ALL(1.0),DEU,M,N,CPI,IX,CP01,N,_Z,2026-07,149.8351,A,,2015,,2
OECD.SDD.TPS:DSD_PRICES@DF_PRICES_ALL(1.0),DEU,M,N,CPI,IX,CP045,N,_Z,2026-07,147.2133,A,,2015,,2
OECD.SDD.TPS:DSD_PRICES@DF_PRICES_ALL(1.0),DEU,M,N,CPI,IX,CP11,N,_Z,2026-07,152.2318,A,,2015,,2
OECD.SDD.TPS:DSD_PRICES@DF_PRICES_ALL(1.0),DEU,M,N,CPI,IX,CP11,N,_Z,2026-06,152.1201,A,,2015,,2
OECD.SDD.TPS:DSD_PRICES@DF_PRICES_ALL(1.0),DEU,M,N,CPI,IX,CP045,N,_Z,2026-06,146.6033,A,,2015,,2
OECD.SDD.TPS:DSD_PRICES@DF_PRICES_ALL(1.0),DEU,M,N,CPI,IX,CP01,N,_Z,2026-06,149.7256,A,,2015,,2
OECD.SDD.TPS:DSD_PRICES@DF_PRICES_ALL(1.0),DEU,M,N,CPI,IX,_T,N,_Z,2026-06,131.3638,A,,2015,,2
OECD.SDD.TPS:DSD_PRICES@DF_PRICES_ALL(1.0),FRA,M,N,CPI,IX,CP11,N,_Z,2020-04,106.44,U,,2015,,2
OECD.SDD.TPS:DSD_PRICES@DF_PRICES_ALL(1.0),FRA,M,N,CPI,IX,CP11,N,_Z,2020-05,107.23,U,,2015,,2
OECD.SDD.TPS:DSD_PRICES@DF_PRICES_ALL(1.0),FRA,M,N,CPI,IX,CP11,N,_Z,2020-06,108.12,U,,2015,,2
OECD.SDD.TPS:DSD_PRICES@DF_PRICES_ALL(1.0),FRA,M,N,CPI,IX,CP11,N,_Z,2020-11,106.81,U,,2015,,2
OECD.SDD.TPS:DSD_PRICES@DF_PRICES_ALL(1.0),FRA,M,N,CPI,IX,CP11,N,_Z,2020-12,106.73,U,,2015,,2
OECD.SDD.TPS:DSD_PRICES@DF_PRICES_ALL(1.0),FRA,M,N,CPI,IX,CP11,N,_Z,2021-01,107.3,U,,2015,,2
OECD.SDD.TPS:DSD_PRICES@DF_PRICES_ALL(1.0),FRA,M,N,CPI,IX,CP11,N,_Z,2021-02,107.01,U,,2015,,2
OECD.SDD.TPS:DSD_PRICES@DF_PRICES_ALL(1.0),FRA,M,N,CPI,IX,CP11,N,_Z,2021-03,107.86,U,,2015,,2
OECD.SDD.TPS:DSD_PRICES@DF_PRICES_ALL(1.0),FRA,M,N,CPI,IX,CP11,N,_Z,2021-04,107.33,U,,2015,,2
OECD.SDD.TPS:DSD_PRICES@DF_PRICES_ALL(1.0),FRA,M,N,CPI,IX,CP11,N,_Z,2021-05,107.21,U,,2015,,2
